SNAPSHOT_ID,SOURCE_ENTITY_CODE,CANONICAL_ISO2,CANONICAL_ISO3,COUNTRY_NAME,CODE_SYSTEM,ENTITY_TYPE,IS_AGGREGATE,IDENTITY_MAPPING_STATUS,INDICATOR_CODE,INDICATOR_NAME,INDICATOR_UNIT,SOURCE_ID,SOURCE_NAME,OBSERVATION_YEAR,INDICATOR_VALUE,SOURCE_LAST_UPDATED,OBSERVATION_STATUS,SOURCE_DECIMAL_PRECISION,RAW_VALUE_TEXT,RETRIEVED_AT
wdi2-2019-2021-372906f371e0391f,ABW,AW,ABW,Aruba,ISO-3166-1,economy,False,matched_iso,EN.POP.DNST,Population density (people per sq. km of land area),people per sq. km of land area,2,World Development Indicators,2019,606.683333333,2026-07-13,\N,0,606.683333333333,2026-07-29T18:04:35Z
wdi2-2019-2021-372906f371e0391f,ABW,AW,ABW,Aruba,ISO-3166-1,economy,False,matched_iso,EN.POP.DNST,Population density (people per sq. km of land area),people per sq. km of land area,2,World Development Indicators,2020,603.261111111,2026-07-13,\N,0,603.261111111111,2026-07-29T18:04:35Z
wdi2-2019-2021-372906f371e0391f,ABW,AW,ABW,Aruba,ISO-3166-1,economy,False,matched_iso,EN.POP.DNST,Population density (people per sq. km of land area),people per sq. km of land area,2,World Development Indicators,2021,598.333333333,2026-07-13,\N,0,598.333333333333,2026-07-29T18:04:35Z
wdi2-2019-2021-372906f371e0391f,ABW,AW,ABW,Aruba,ISO-3166-1,economy,False,matched_iso,NY.GDP.PCAP.KD,GDP per capita (constant 2015 US$),constant 2015 US$,2,World Development Indicators,2019,29700.363467056,2026-07-13,\N,1,29700.3634670565,2026-07-29T18:04:35Z
wdi2-2019-2021-372906f371e0391f,ABW,AW,ABW,Aruba,ISO-3166-1,economy,False,matched_iso,NY.GDP.PCAP.KD,GDP per capita (constant 2015 US$),constant 2015 US$,2,World Development Indicators,2020,22718.229444501,2026-07-13,\N,1,22718.2294445007,2026-07-29T18:04:35Z
wdi2-2019-2021-372906f371e0391f,ABW,AW,ABW,Aruba,ISO-3166-1,economy,False,matched_iso,NY.GDP.PCAP.KD,GDP per capita (constant 2015 US$),constant 2015 US$,2,World Development Indicators,2021,26303.039720238,2026-07-13,\N,1,26303.0397202375,2026-07-29T18:04:35Z
wdi2-2019-2021-372906f371e0391f,ABW,AW,ABW,Aruba,ISO-3166-1,economy,False,matched_iso,SH.XPD.CHEX.PP.CD,"Current health expenditure per capita, PPP (current international $)",current international $,2,World Development Indicators,2019,\N,2026-07-13,\N,2,\N,2026-07-29T18:04:35Z
wdi2-2019-2021-372906f371e0391f,ABW,AW,ABW,Aruba,ISO-3166-1,economy,False,matched_iso,SH.XPD.CHEX.PP.CD,"Current health expenditure per capita, PPP (current international $)",current international $,2,World Development Indicators,2020,\N,2026-07-13,\N,2,\N,2026-07-29T18:04:35Z
wdi2-2019-2021-372906f371e0391f,ABW,AW,ABW,Aruba,ISO-3166-1,economy,False,matched_iso,SH.XPD.CHEX.PP.CD,"Current health expenditure per capita, PPP (current international $)",current international $,2,World Development Indicators,2021,\N,2026-07-13,\N,2,\N,2026-07-29T18:04:35Z
wdi2-2019-2021-372906f371e0391f,ABW,AW,ABW,Aruba,ISO-3166-1,economy,False,matched_iso,SP.POP.65UP.TO.ZS,Population ages 65 and above (% of total population),% of total population,2,World Development Indicators,2019,13.941966454,2026-07-13,\N,0,13.9419664537338,2026-07-29T18:04:35Z
wdi2-2019-2021-372906f371e0391f,ABW,AW,ABW,Aruba,ISO-3166-1,economy,False,matched_iso,SP.POP.65UP.TO.ZS,Population ages 65 and above (% of total population),% of total population,2,World Development Indicators,2020,14.576747781,2026-07-13,\N,0,14.5767477805038,2026-07-29T18:04:35Z
wdi2-2019-2021-372906f371e0391f,ABW,AW,ABW,Aruba,ISO-3166-1,economy,False,matched_iso,SP.POP.65UP.TO.ZS,Population ages 65 and above (% of total population),% of total population,2,World Development Indicators,2021,15.129511519,2026-07-13,\N,0,15.1295115193663,2026-07-29T18:04:35Z
wdi2-2019-2021-372906f371e0391f,ABW,AW,ABW,Aruba,ISO-3166-1,economy,False,matched_iso,SP.POP.TOTL,"Population, total",people,2,World Development Indicators,2019,109203,2026-07-13,\N,0,109203,2026-07-29T18:04:35Z
wdi2-2019-2021-372906f371e0391f,ABW,AW,ABW,Aruba,ISO-3166-1,economy,False,matched_iso,SP.POP.TOTL,"Population, total",people,2,World Development Indicators,2020,108587,2026-07-13,\N,0,108587,2026-07-29T18:04:35Z
wdi2-2019-2021-372906f371e0391f,ABW,AW,ABW,Aruba,ISO-3166-1,economy,False,matched_iso,SP.POP.TOTL,"Population, total",people,2,World Development Indicators,2021,107700,2026-07-13,\N,0,107700,2026-07-29T18:04:35Z
wdi2-2019-2021-372906f371e0391f,AFG,AF,AFG,Afghanistan,ISO-3166-1,economy,False,matched_iso,EN.POP.DNST,Population density (people per sq. km of land area),people per sq. km of land area,2,World Development Indicators,2019,58.041060669,2026-07-13,\N,0,58.0410606687825,2026-07-29T18:04:35Z
wdi2-2019-2021-372906f371e0391f,AFG,AF,AFG,Afghanistan,ISO-3166-1,economy,False,matched_iso,EN.POP.DNST,Population density (people per sq. km of land area),people per sq. km of land area,2,World Development Indicators,2020,59.900616347,2026-07-13,\N,0,59.9006163469942,2026-07-29T18:04:35Z
wdi2-2019-2021-372906f371e0391f,AFG,AF,AFG,Afghanistan,ISO-3166-1,economy,False,matched_iso,EN.POP.DNST,Population density (people per sq. km of land area),people per sq. km of land area,2,World Development Indicators,2021,61.328690799,2026-07-13,\N,0,61.3286907992579,2026-07-29T18:04:35Z
wdi2-2019-2021-372906f371e0391f,AFG,AF,AFG,Afghanistan,ISO-3166-1,economy,False,matched_iso,NY.GDP.PCAP.KD,GDP per capita (constant 2015 US$),constant 2015 US$,2,World Development Indicators,2019,557.861533207,2026-07-13,\N,1,557.861533207459,2026-07-29T18:04:35Z
wdi2-2019-2021-372906f371e0391f,AFG,AF,AFG,Afghanistan,ISO-3166-1,economy,False,matched_iso,NY.GDP.PCAP.KD,GDP per capita (constant 2015 US$),constant 2015 US$,2,World Development Indicators,2020,527.834554499,2026-07-13,\N,1,527.834554499306,2026-07-29T18:04:35Z
wdi2-2019-2021-372906f371e0391f,AFG,AF,AFG,Afghanistan,ISO-3166-1,economy,False,matched_iso,NY.GDP.PCAP.KD,GDP per capita (constant 2015 US$),constant 2015 US$,2,World Development Indicators,2021,408.625855217,2026-07-13,\N,1,408.625855217403,2026-07-29T18:04:35Z
wdi2-2019-2021-372906f371e0391f,AFG,AF,AFG,Afghanistan,ISO-3166-1,economy,False,matched_iso,SH.XPD.CHEX.PP.CD,"Current health expenditure per capita, PPP (current international $)",current international $,2,World Development Indicators,2019,383.164895906,2026-07-13,\N,2,383.16489590585,2026-07-29T18:04:35Z
wdi2-2019-2021-372906f371e0391f,AFG,AF,AFG,Afghanistan,ISO-3166-1,economy,False,matched_iso,SH.XPD.CHEX.PP.CD,"Current health expenditure per capita, PPP (current international $)",current international $,2,World Development Indicators,2020,401.163332646,2026-07-13,\N,2,401.16333264641,2026-07-29T18:04:35Z
wdi2-2019-2021-372906f371e0391f,AFG,AF,AFG,Afghanistan,ISO-3166-1,economy,False,matched_iso,SH.XPD.CHEX.PP.CD,"Current health expenditure per capita, PPP (current international $)",current international $,2,World Development Indicators,2021,461.176859296,2026-07-13,\N,2,461.176859296471,2026-07-29T18:04:35Z
wdi2-2019-2021-372906f371e0391f,AFG,AF,AFG,Afghanistan,ISO-3166-1,economy,False,matched_iso,SP.POP.65UP.TO.ZS,Population ages 65 and above (% of total population),% of total population,2,World Development Indicators,2019,2.376153383,2026-07-13,\N,0,2.37615338349114,2026-07-29T18:04:35Z
wdi2-2019-2021-372906f371e0391f,AFG,AF,AFG,Afghanistan,ISO-3166-1,economy,False,matched_iso,SP.POP.65UP.TO.ZS,Population ages 65 and above (% of total population),% of total population,2,World Development Indicators,2020,2.370733824,2026-07-13,\N,0,2.37073382439812,2026-07-29T18:04:35Z
wdi2-2019-2021-372906f371e0391f,AFG,AF,AFG,Afghanistan,ISO-3166-1,economy,False,matched_iso,SP.POP.65UP.TO.ZS,Population ages 65 and above (% of total population),% of total population,2,World Development Indicators,2021,2.352549519,2026-07-13,\N,0,2.35254951873996,2026-07-29T18:04:35Z
wdi2-2019-2021-372906f371e0391f,AFG,AF,AFG,Afghanistan,ISO-3166-1,economy,False,matched_iso,SP.POP.TOTL,"Population, total",people,2,World Development Indicators,2019,37856121,2026-07-13,\N,0,37856121,2026-07-29T18:04:35Z
wdi2-2019-2021-372906f371e0391f,AFG,AF,AFG,Afghanistan,ISO-3166-1,economy,False,matched_iso,SP.POP.TOTL,"Population, total",people,2,World Development Indicators,2020,39068979,2026-07-13,\N,0,39068979,2026-07-29T18:04:35Z
wdi2-2019-2021-372906f371e0391f,AFG,AF,AFG,Afghanistan,ISO-3166-1,economy,False,matched_iso,SP.POP.TOTL,"Population, total",people,2,World Development Indicators,2021,40000412,2026-07-13,\N,0,40000412,2026-07-29T18:04:35Z
wdi2-2019-2021-372906f371e0391f,AGO,AO,AGO,Angola,ISO-3166-1,economy,False,matched_iso,EN.POP.DNST,Population density (people per sq. km of land area),people per sq. km of land area,2,World Development Indicators,2019,25.969063929,2026-07-13,\N,0,25.969063928772,2026-07-29T18:04:35Z
wdi2-2019-2021-372906f371e0391f,AGO,AO,AGO,Angola,ISO-3166-1,economy,False,matched_iso,EN.POP.DNST,Population density (people per sq. km of land area),people per sq. km of land area,2,World Development Indicators,2020,26.831741397,2026-07-13,\N,0,26.8317413972888,2026-07-29T18:04:35Z
wdi2-2019-2021-372906f371e0391f,AGO,AO,AGO,Angola,ISO-3166-1,economy,False,matched_iso,EN.POP.DNST,Population density (people per sq. km of land area),people per sq. km of land area,2,World Development Indicators,2021,27.699068741,2026-07-13,\N,0,27.6990687414775,2026-07-29T18:04:35Z
wdi2-2019-2021-372906f371e0391f,AGO,AO,AGO,Angola,ISO-3166-1,economy,False,matched_iso,NY.GDP.PCAP.KD,GDP per capita (constant 2015 US$),constant 2015 US$,2,World Development Indicators,2019,3105.599712427,2026-07-13,\N,1,3105.59971242672,2026-07-29T18:04:35Z
wdi2-2019-2021-372906f371e0391f,AGO,AO,AGO,Angola,ISO-3166-1,economy,False,matched_iso,NY.GDP.PCAP.KD,GDP per capita (constant 2015 US$),constant 2015 US$,2,World Development Indicators,2020,2847.242415782,2026-07-13,\N,1,2847.24241578243,2026-07-29T18:04:35Z
wdi2-2019-2021-372906f371e0391f,AGO,AO,AGO,Angola,ISO-3166-1,economy,False,matched_iso,NY.GDP.PCAP.KD,GDP per capita (constant 2015 US$),constant 2015 US$,2,World Development Indicators,2021,2788.167370867,2026-07-13,\N,1,2788.16737086685,2026-07-29T18:04:35Z
wdi2-2019-2021-372906f371e0391f,AGO,AO,AGO,Angola,ISO-3166-1,economy,False,matched_iso,SH.XPD.CHEX.PP.CD,"Current health expenditure per capita, PPP (current international $)",current international $,2,World Development Indicators,2019,188.941339836,2026-07-13,\N,2,188.941339836073,2026-07-29T18:04:35Z
wdi2-2019-2021-372906f371e0391f,AGO,AO,AGO,Angola,ISO-3166-1,economy,False,matched_iso,SH.XPD.CHEX.PP.CD,"Current health expenditure per capita, PPP (current international $)",current international $,2,World Development Indicators,2020,220.489941082,2026-07-13,\N,2,220.489941082419,2026-07-29T18:04:35Z
wdi2-2019-2021-372906f371e0391f,AGO,AO,AGO,Angola,ISO-3166-1,economy,False,matched_iso,SH.XPD.CHEX.PP.CD,"Current health expenditure per capita, PPP (current international $)",current international $,2,World Development Indicators,2021,242.815077716,2026-07-13,\N,2,242.815077715831,2026-07-29T18:04:35Z
wdi2-2019-2021-372906f371e0391f,AGO,AO,AGO,Angola,ISO-3166-1,economy,False,matched_iso,SP.POP.65UP.TO.ZS,Population ages 65 and above (% of total population),% of total population,2,World Development Indicators,2019,2.707977983,2026-07-13,\N,0,2.70797798313284,2026-07-29T18:04:35Z
wdi2-2019-2021-372906f371e0391f,AGO,AO,AGO,Angola,ISO-3166-1,economy,False,matched_iso,SP.POP.65UP.TO.ZS,Population ages 65 and above (% of total population),% of total population,2,World Development Indicators,2020,2.725608767,2026-07-13,\N,0,2.72560876675849,2026-07-29T18:04:35Z
wdi2-2019-2021-372906f371e0391f,AGO,AO,AGO,Angola,ISO-3166-1,economy,False,matched_iso,SP.POP.65UP.TO.ZS,Population ages 65 and above (% of total population),% of total population,2,World Development Indicators,2021,2.744704116,2026-07-13,\N,0,2.74470411565894,2026-07-29T18:04:35Z
wdi2-2019-2021-372906f371e0391f,AGO,AO,AGO,Angola,ISO-3166-1,economy,False,matched_iso,SP.POP.TOTL,"Population, total",people,2,World Development Indicators,2019,32375632,2026-07-13,\N,0,32375632,2026-07-29T18:04:35Z
wdi2-2019-2021-372906f371e0391f,AGO,AO,AGO,Angola,ISO-3166-1,economy,False,matched_iso,SP.POP.TOTL,"Population, total",people,2,World Development Indicators,2020,33451132,2026-07-13,\N,0,33451132,2026-07-29T18:04:35Z
wdi2-2019-2021-372906f371e0391f,AGO,AO,AGO,Angola,ISO-3166-1,economy,False,matched_iso,SP.POP.TOTL,"Population, total",people,2,World Development Indicators,2021,34532429,2026-07-13,\N,0,34532429,2026-07-29T18:04:35Z
wdi2-2019-2021-372906f371e0391f,ALB,AL,ALB,Albania,ISO-3166-1,economy,False,matched_iso,EN.POP.DNST,Population density (people per sq. km of land area),people per sq. km of land area,2,World Development Indicators,2019,93.715364964,2026-07-13,\N,0,93.7153649635036,2026-07-29T18:04:35Z
wdi2-2019-2021-372906f371e0391f,ALB,AL,ALB,Albania,ISO-3166-1,economy,False,matched_iso,EN.POP.DNST,Population density (people per sq. km of land area),people per sq. km of land area,2,World Development Indicators,2020,92.280291971,2026-07-13,\N,0,92.2802919708029,2026-07-29T18:04:35Z
wdi2-2019-2021-372906f371e0391f,ALB,AL,ALB,Albania,ISO-3166-1,economy,False,matched_iso,EN.POP.DNST,Population density (people per sq. km of land area),people per sq. km of land area,2,World Development Indicators,2021,90.867226277,2026-07-13,\N,0,90.8672262773723,2026-07-29T18:04:35Z
wdi2-2019-2021-372906f371e0391f,ALB,AL,ALB,Albania,ISO-3166-1,economy,False,matched_iso,NY.GDP.PCAP.KD,GDP per capita (constant 2015 US$),constant 2015 US$,2,World Development Indicators,2019,5072.436483547,2026-07-13,\N,1,5072.43648354739,2026-07-29T18:04:35Z
wdi2-2019-2021-372906f371e0391f,ALB,AL,ALB,Albania,ISO-3166-1,economy,False,matched_iso,NY.GDP.PCAP.KD,GDP per capita (constant 2015 US$),constant 2015 US$,2,World Development Indicators,2020,4980.616995247,2026-07-13,\N,1,4980.61699524696,2026-07-29T18:04:35Z
wdi2-2019-2021-372906f371e0391f,ALB,AL,ALB,Albania,ISO-3166-1,economy,False,matched_iso,NY.GDP.PCAP.KD,GDP per capita (constant 2015 US$),constant 2015 US$,2,World Development Indicators,2021,5511.757434029,2026-07-13,\N,1,5511.75743402862,2026-07-29T18:04:35Z
wdi2-2019-2021-372906f371e0391f,ALB,AL,ALB,Albania,ISO-3166-1,economy,False,matched_iso,SH.XPD.CHEX.PP.CD,"Current health expenditure per capita, PPP (current international $)",current international $,2,World Development Indicators,2019,992.412571746,2026-07-13,\N,2,992.412571745731,2026-07-29T18:04:35Z
wdi2-2019-2021-372906f371e0391f,ALB,AL,ALB,Albania,ISO-3166-1,economy,False,matched_iso,SH.XPD.CHEX.PP.CD,"Current health expenditure per capita, PPP (current international $)",current international $,2,World Development Indicators,2020,1070.474569643,2026-07-13,\N,2,1070.47456964305,2026-07-29T18:04:35Z
wdi2-2019-2021-372906f371e0391f,ALB,AL,ALB,Albania,ISO-3166-1,economy,False,matched_iso,SH.XPD.CHEX.PP.CD,"Current health expenditure per capita, PPP (current international $)",current international $,2,World Development Indicators,2021,1170.789558972,2026-07-13,\N,2,1170.78955897245,2026-07-29T18:04:35Z
wdi2-2019-2021-372906f371e0391f,ALB,AL,ALB,Albania,ISO-3166-1,economy,False,matched_iso,SP.POP.65UP.TO.ZS,Population ages 65 and above (% of total population),% of total population,2,World Development Indicators,2019,14.248098663,2026-07-13,\N,0,14.2480986631067,2026-07-29T18:04:35Z
wdi2-2019-2021-372906f371e0391f,ALB,AL,ALB,Albania,ISO-3166-1,economy,False,matched_iso,SP.POP.65UP.TO.ZS,Population ages 65 and above (% of total population),% of total population,2,World Development Indicators,2020,14.76700441,2026-07-13,\N,0,14.7670044100644,2026-07-29T18:04:35Z
wdi2-2019-2021-372906f371e0391f,ALB,AL,ALB,Albania,ISO-3166-1,economy,False,matched_iso,SP.POP.65UP.TO.ZS,Population ages 65 and above (% of total population),% of total population,2,World Development Indicators,2021,15.266005073,2026-07-13,\N,0,15.2660050732804,2026-07-29T18:04:35Z
wdi2-2019-2021-372906f371e0391f,ALB,AL,ALB,Albania,ISO-3166-1,economy,False,matched_iso,SP.POP.TOTL,"Population, total",people,2,World Development Indicators,2019,2567801,2026-07-13,\N,0,2567801,2026-07-29T18:04:35Z
wdi2-2019-2021-372906f371e0391f,ALB,AL,ALB,Albania,ISO-3166-1,economy,False,matched_iso,SP.POP.TOTL,"Population, total",people,2,World Development Indicators,2020,2528480,2026-07-13,\N,0,2528480,2026-07-29T18:04:35Z
wdi2-2019-2021-372906f371e0391f,ALB,AL,ALB,Albania,ISO-3166-1,economy,False,matched_iso,SP.POP.TOTL,"Population, total",people,2,World Development Indicators,2021,2489762,2026-07-13,\N,0,2489762,2026-07-29T18:04:35Z
wdi2-2019-2021-372906f371e0391f,AND,AD,AND,Andorra,ISO-3166-1,economy,False,matched_iso,EN.POP.DNST,Population density (people per sq. km of land area),people per sq. km of land area,2,World Development Indicators,2019,162.710638298,2026-07-13,\N,0,162.710638297872,2026-07-29T18:04:35Z
wdi2-2019-2021-372906f371e0391f,AND,AD,AND,Andorra,ISO-3166-1,economy,False,matched_iso,EN.POP.DNST,Population density (people per sq. km of land area),people per sq. km of land area,2,World Development Indicators,2020,164.638297872,2026-07-13,\N,0,164.63829787234,2026-07-29T18:04:35Z
wdi2-2019-2021-372906f371e0391f,AND,AD,AND,Andorra,ISO-3166-1,economy,False,matched_iso,EN.POP.DNST,Population density (people per sq. km of land area),people per sq. km of land area,2,World Development Indicators,2021,166.731914894,2026-07-13,\N,0,166.731914893617,2026-07-29T18:04:35Z
wdi2-2019-2021-372906f371e0391f,AND,AD,AND,Andorra,ISO-3166-1,economy,False,matched_iso,NY.GDP.PCAP.KD,GDP per capita (constant 2015 US$),constant 2015 US$,2,World Development Indicators,2019,39346.275035865,2026-07-13,\N,1,39346.275035865,2026-07-29T18:04:35Z
wdi2-2019-2021-372906f371e0391f,AND,AD,AND,Andorra,ISO-3166-1,economy,False,matched_iso,NY.GDP.PCAP.KD,GDP per capita (constant 2015 US$),constant 2015 US$,2,World Development Indicators,2020,34536.649922256,2026-07-13,\N,1,34536.6499222556,2026-07-29T18:04:35Z
wdi2-2019-2021-372906f371e0391f,AND,AD,AND,Andorra,ISO-3166-1,economy,False,matched_iso,NY.GDP.PCAP.KD,GDP per capita (constant 2015 US$),constant 2015 US$,2,World Development Indicators,2021,36929.019152864,2026-07-13,\N,1,36929.0191528644,2026-07-29T18:04:35Z
wdi2-2019-2021-372906f371e0391f,AND,AD,AND,Andorra,ISO-3166-1,economy,False,matched_iso,SH.XPD.CHEX.PP.CD,"Current health expenditure per capita, PPP (current international $)",current international $,2,World Development Indicators,2019,4091.22994695,2026-07-13,\N,2,4091.22994695037,2026-07-29T18:04:35Z
wdi2-2019-2021-372906f371e0391f,AND,AD,AND,Andorra,ISO-3166-1,economy,False,matched_iso,SH.XPD.CHEX.PP.CD,"Current health expenditure per capita, PPP (current international $)",current international $,2,World Development Indicators,2020,4575.532908773,2026-07-13,\N,2,4575.53290877348,2026-07-29T18:04:35Z
wdi2-2019-2021-372906f371e0391f,AND,AD,AND,Andorra,ISO-3166-1,economy,False,matched_iso,SH.XPD.CHEX.PP.CD,"Current health expenditure per capita, PPP (current international $)",current international $,2,World Development Indicators,2021,5126.695556473,2026-07-13,\N,2,5126.69555647297,2026-07-29T18:04:35Z
wdi2-2019-2021-372906f371e0391f,AND,AD,AND,Andorra,ISO-3166-1,economy,False,matched_iso,SP.POP.65UP.TO.ZS,Population ages 65 and above (% of total population),% of total population,2,World Development Indicators,2019,13.825704329,2026-07-13,\N,0,13.8257043289506,2026-07-29T18:04:35Z
wdi2-2019-2021-372906f371e0391f,AND,AD,AND,Andorra,ISO-3166-1,economy,False,matched_iso,SP.POP.65UP.TO.ZS,Population ages 65 and above (% of total population),% of total population,2,World Development Indicators,2020,14.2168519,2026-07-13,\N,0,14.2168518997157,2026-07-29T18:04:35Z
wdi2-2019-2021-372906f371e0391f,AND,AD,AND,Andorra,ISO-3166-1,economy,False,matched_iso,SP.POP.65UP.TO.ZS,Population ages 65 and above (% of total population),% of total population,2,World Development Indicators,2021,14.59799524,2026-07-13,\N,0,14.5979952401309,2026-07-29T18:04:35Z
wdi2-2019-2021-372906f371e0391f,AND,AD,AND,Andorra,ISO-3166-1,economy,False,matched_iso,SP.POP.TOTL,"Population, total",people,2,World Development Indicators,2019,76474,2026-07-13,\N,0,76474,2026-07-29T18:04:35Z
wdi2-2019-2021-372906f371e0391f,AND,AD,AND,Andorra,ISO-3166-1,economy,False,matched_iso,SP.POP.TOTL,"Population, total",people,2,World Development Indicators,2020,77380,2026-07-13,\N,0,77380,2026-07-29T18:04:35Z
wdi2-2019-2021-372906f371e0391f,AND,AD,AND,Andorra,ISO-3166-1,economy,False,matched_iso,SP.POP.TOTL,"Population, total",people,2,World Development Indicators,2021,78364,2026-07-13,\N,0,78364,2026-07-29T18:04:35Z
wdi2-2019-2021-372906f371e0391f,ARE,AE,ARE,United Arab Emirates,ISO-3166-1,economy,False,matched_iso,EN.POP.DNST,Population density (people per sq. km of land area),people per sq. km of land area,2,World Development Indicators,2019,133.001760068,2026-07-13,\N,0,133.001760067587,2026-07-29T18:04:35Z
wdi2-2019-2021-372906f371e0391f,ARE,AE,ARE,United Arab Emirates,ISO-3166-1,economy,False,matched_iso,EN.POP.DNST,Population density (people per sq. km of land area),people per sq. km of land area,2,World Development Indicators,2020,132.371698113,2026-07-13,\N,0,132.371698113208,2026-07-29T18:04:35Z
wdi2-2019-2021-372906f371e0391f,ARE,AE,ARE,United Arab Emirates,ISO-3166-1,economy,False,matched_iso,EN.POP.DNST,Population density (people per sq. km of land area),people per sq. km of land area,2,World Development Indicators,2021,134.823317375,2026-07-13,\N,0,134.823317375387,2026-07-29T18:04:35Z
wdi2-2019-2021-372906f371e0391f,ARE,AE,ARE,United Arab Emirates,ISO-3166-1,economy,False,matched_iso,NY.GDP.PCAP.KD,GDP per capita (constant 2015 US$),constant 2015 US$,2,World Development Indicators,2019,43468.453470501,2026-07-13,\N,1,43468.4534705013,2026-07-29T18:04:35Z
wdi2-2019-2021-372906f371e0391f,ARE,AE,ARE,United Arab Emirates,ISO-3166-1,economy,False,matched_iso,NY.GDP.PCAP.KD,GDP per capita (constant 2015 US$),constant 2015 US$,2,World Development Indicators,2020,39878.466389639,2026-07-13,\N,1,39878.4663896389,2026-07-29T18:04:35Z
wdi2-2019-2021-372906f371e0391f,ARE,AE,ARE,United Arab Emirates,ISO-3166-1,economy,False,matched_iso,NY.GDP.PCAP.KD,GDP per capita (constant 2015 US$),constant 2015 US$,2,World Development Indicators,2021,40935.891548208,2026-07-13,\N,1,40935.8915482084,2026-07-29T18:04:35Z
wdi2-2019-2021-372906f371e0391f,ARE,AE,ARE,United Arab Emirates,ISO-3166-1,economy,False,matched_iso,SH.XPD.CHEX.PP.CD,"Current health expenditure per capita, PPP (current international $)",current international $,2,World Development Indicators,2019,3409.700148469,2026-07-13,\N,2,3409.700148469,2026-07-29T18:04:35Z
wdi2-2019-2021-372906f371e0391f,ARE,AE,ARE,United Arab Emirates,ISO-3166-1,economy,False,matched_iso,SH.XPD.CHEX.PP.CD,"Current health expenditure per capita, PPP (current international $)",current international $,2,World Development Indicators,2020,3787.522094584,2026-07-13,\N,2,3787.52209458405,2026-07-29T18:04:35Z
wdi2-2019-2021-372906f371e0391f,ARE,AE,ARE,United Arab Emirates,ISO-3166-1,economy,False,matched_iso,SH.XPD.CHEX.PP.CD,"Current health expenditure per capita, PPP (current international $)",current international $,2,World Development Indicators,2021,3497.462390961,2026-07-13,\N,2,3497.46239096119,2026-07-29T18:04:35Z
wdi2-2019-2021-372906f371e0391f,ARE,AE,ARE,United Arab Emirates,ISO-3166-1,economy,False,matched_iso,SP.POP.65UP.TO.ZS,Population ages 65 and above (% of total population),% of total population,2,World Development Indicators,2019,1.527989232,2026-07-13,\N,0,1.52798923207058,2026-07-29T18:04:35Z
wdi2-2019-2021-372906f371e0391f,ARE,AE,ARE,United Arab Emirates,ISO-3166-1,economy,False,matched_iso,SP.POP.65UP.TO.ZS,Population ages 65 and above (% of total population),% of total population,2,World Development Indicators,2020,1.564090857,2026-07-13,\N,0,1.56409085694231,2026-07-29T18:04:35Z
wdi2-2019-2021-372906f371e0391f,ARE,AE,ARE,United Arab Emirates,ISO-3166-1,economy,False,matched_iso,SP.POP.65UP.TO.ZS,Population ages 65 and above (% of total population),% of total population,2,World Development Indicators,2021,1.619233045,2026-07-13,\N,0,1.61923304492939,2026-07-29T18:04:35Z
wdi2-2019-2021-372906f371e0391f,ARE,AE,ARE,United Arab Emirates,ISO-3166-1,economy,False,matched_iso,SP.POP.TOTL,"Population, total",people,2,World Development Indicators,2019,9445785,2026-07-13,\N,0,9445785,2026-07-29T18:04:35Z
wdi2-2019-2021-372906f371e0391f,ARE,AE,ARE,United Arab Emirates,ISO-3166-1,economy,False,matched_iso,SP.POP.TOTL,"Population, total",people,2,World Development Indicators,2020,9401038,2026-07-13,\N,0,9401038,2026-07-29T18:04:35Z
wdi2-2019-2021-372906f371e0391f,ARE,AE,ARE,United Arab Emirates,ISO-3166-1,economy,False,matched_iso,SP.POP.TOTL,"Population, total",people,2,World Development Indicators,2021,9575152,2026-07-13,\N,0,9575152,2026-07-29T18:04:35Z
wdi2-2019-2021-372906f371e0391f,ARG,AR,ARG,Argentina,ISO-3166-1,economy,False,matched_iso,EN.POP.DNST,Population density (people per sq. km of land area),people per sq. km of land area,2,World Development Indicators,2019,16.433525536,2026-07-13,\N,0,16.4335255363231,2026-07-29T18:04:35Z
wdi2-2019-2021-372906f371e0391f,ARG,AR,ARG,Argentina,ISO-3166-1,economy,False,matched_iso,EN.POP.DNST,Population density (people per sq. km of land area),people per sq. km of land area,2,World Development Indicators,2020,16.513366512,2026-07-13,\N,0,16.5133665121004,2026-07-29T18:04:35Z
wdi2-2019-2021-372906f371e0391f,ARG,AR,ARG,Argentina,ISO-3166-1,economy,False,matched_iso,EN.POP.DNST,Population density (people per sq. km of land area),people per sq. km of land area,2,World Development Indicators,2021,16.557330571,2026-07-13,\N,0,16.5573305708721,2026-07-29T18:04:35Z
wdi2-2019-2021-372906f371e0391f,ARG,AR,ARG,Argentina,ISO-3166-1,economy,False,matched_iso,NY.GDP.PCAP.KD,GDP per capita (constant 2015 US$),constant 2015 US$,2,World Development Indicators,2019,12706.397810897,2026-07-13,\N,1,12706.3978108968,2026-07-29T18:04:35Z
wdi2-2019-2021-372906f371e0391f,ARG,AR,ARG,Argentina,ISO-3166-1,economy,False,matched_iso,NY.GDP.PCAP.KD,GDP per capita (constant 2015 US$),constant 2015 US$,2,World Development Indicators,2020,11393.050595788,2026-07-13,\N,1,11393.0505957877,2026-07-29T18:04:35Z
wdi2-2019-2021-372906f371e0391f,ARG,AR,ARG,Argentina,ISO-3166-1,economy,False,matched_iso,NY.GDP.PCAP.KD,GDP per capita (constant 2015 US$),constant 2015 US$,2,World Development Indicators,2021,12549.281169934,2026-07-13,\N,1,12549.2811699342,2026-07-29T18:04:35Z
wdi2-2019-2021-372906f371e0391f,ARG,AR,ARG,Argentina,ISO-3166-1,economy,False,matched_iso,SH.XPD.CHEX.PP.CD,"Current health expenditure per capita, PPP (current international $)",current international $,2,World Development Indicators,2019,2379.69410922,2026-07-13,\N,2,2379.69410922038,2026-07-29T18:04:35Z
wdi2-2019-2021-372906f371e0391f,ARG,AR,ARG,Argentina,ISO-3166-1,economy,False,matched_iso,SH.XPD.CHEX.PP.CD,"Current health expenditure per capita, PPP (current international $)",current international $,2,World Development Indicators,2020,2389.921722268,2026-07-13,\N,2,2389.92172226818,2026-07-29T18:04:35Z
wdi2-2019-2021-372906f371e0391f,ARG,AR,ARG,Argentina,ISO-3166-1,economy,False,matched_iso,SH.XPD.CHEX.PP.CD,"Current health expenditure per capita, PPP (current international $)",current international $,2,World Development Indicators,2021,2895.423961285,2026-07-13,\N,2,2895.42396128468,2026-07-29T18:04:35Z
wdi2-2019-2021-372906f371e0391f,ARG,AR,ARG,Argentina,ISO-3166-1,economy,False,matched_iso,SP.POP.65UP.TO.ZS,Population ages 65 and above (% of total population),% of total population,2,World Development Indicators,2019,11.632539191,2026-07-13,\N,0,11.6325391913594,2026-07-29T18:04:35Z
wdi2-2019-2021-372906f371e0391f,ARG,AR,ARG,Argentina,ISO-3166-1,economy,False,matched_iso,SP.POP.65UP.TO.ZS,Population ages 65 and above (% of total population),% of total population,2,World Development Indicators,2020,11.793433985,2026-07-13,\N,0,11.7934339853714,2026-07-29T18:04:35Z
wdi2-2019-2021-372906f371e0391f,ARG,AR,ARG,Argentina,ISO-3166-1,economy,False,matched_iso,SP.POP.65UP.TO.ZS,Population ages 65 and above (% of total population),% of total population,2,World Development Indicators,2021,11.918620783,2026-07-13,\N,0,11.9186207827562,2026-07-29T18:04:35Z
wdi2-2019-2021-372906f371e0391f,ARG,AR,ARG,Argentina,ISO-3166-1,economy,False,matched_iso,SP.POP.TOTL,"Population, total",people,2,World Development Indicators,2019,44973465,2026-07-13,\N,0,44973465,2026-07-29T18:04:35Z
wdi2-2019-2021-372906f371e0391f,ARG,AR,ARG,Argentina,ISO-3166-1,economy,False,matched_iso,SP.POP.TOTL,"Population, total",people,2,World Development Indicators,2020,45191965,2026-07-13,\N,0,45191965,2026-07-29T18:04:35Z
wdi2-2019-2021-372906f371e0391f,ARG,AR,ARG,Argentina,ISO-3166-1,economy,False,matched_iso,SP.POP.TOTL,"Population, total",people,2,World Development Indicators,2021,45312281,2026-07-13,\N,0,45312281,2026-07-29T18:04:35Z
wdi2-2019-2021-372906f371e0391f,ARM,AM,ARM,Armenia,ISO-3166-1,economy,False,matched_iso,EN.POP.DNST,Population density (people per sq. km of land area),people per sq. km of land area,2,World Development Indicators,2019,104.056902002,2026-07-13,\N,0,104.056902002107,2026-07-29T18:04:35Z
wdi2-2019-2021-372906f371e0391f,ARM,AM,ARM,Armenia,ISO-3166-1,economy,False,matched_iso,EN.POP.DNST,Population density (people per sq. km of land area),people per sq. km of land area,2,World Development Indicators,2020,105.027376628,2026-07-13,\N,0,105.027376627853,2026-07-29T18:04:35Z
wdi2-2019-2021-372906f371e0391f,ARM,AM,ARM,Armenia,ISO-3166-1,economy,False,matched_iso,EN.POP.DNST,Population density (people per sq. km of land area),people per sq. km of land area,2,World Development Indicators,2021,105.056940273,2026-07-13,\N,0,105.056940272915,2026-07-29T18:04:35Z
wdi2-2019-2021-372906f371e0391f,ARM,AM,ARM,Armenia,ISO-3166-1,economy,False,matched_iso,NY.GDP.PCAP.KD,GDP per capita (constant 2015 US$),constant 2015 US$,2,World Development Indicators,2019,4343.45839583,2026-07-13,\N,1,4343.45839583019,2026-07-29T18:04:35Z
wdi2-2019-2021-372906f371e0391f,ARM,AM,ARM,Armenia,ISO-3166-1,economy,False,matched_iso,NY.GDP.PCAP.KD,GDP per capita (constant 2015 US$),constant 2015 US$,2,World Development Indicators,2020,4032.09043455,2026-07-13,\N,1,4032.09043454955,2026-07-29T18:04:35Z
wdi2-2019-2021-372906f371e0391f,ARM,AM,ARM,Armenia,ISO-3166-1,economy,False,matched_iso,NY.GDP.PCAP.KD,GDP per capita (constant 2015 US$),constant 2015 US$,2,World Development Indicators,2021,4264.799615052,2026-07-13,\N,1,4264.79961505187,2026-07-29T18:04:35Z
wdi2-2019-2021-372906f371e0391f,ARM,AM,ARM,Armenia,ISO-3166-1,economy,False,matched_iso,SH.XPD.CHEX.PP.CD,"Current health expenditure per capita, PPP (current international $)",current international $,2,World Development Indicators,2019,1738.558758116,2026-07-13,\N,2,1738.55875811611,2026-07-29T18:04:35Z
wdi2-2019-2021-372906f371e0391f,ARM,AM,ARM,Armenia,ISO-3166-1,economy,False,matched_iso,SH.XPD.CHEX.PP.CD,"Current health expenditure per capita, PPP (current international $)",current international $,2,World Development Indicators,2020,1844.102782345,2026-07-13,\N,2,1844.10278234491,2026-07-29T18:04:35Z
wdi2-2019-2021-372906f371e0391f,ARM,AM,ARM,Armenia,ISO-3166-1,economy,False,matched_iso,SH.XPD.CHEX.PP.CD,"Current health expenditure per capita, PPP (current international $)",current international $,2,World Development Indicators,2021,2024.833727633,2026-07-13,\N,2,2024.83372763285,2026-07-29T18:04:35Z
wdi2-2019-2021-372906f371e0391f,ARM,AM,ARM,Armenia,ISO-3166-1,economy,False,matched_iso,SP.POP.65UP.TO.ZS,Population ages 65 and above (% of total population),% of total population,2,World Development Indicators,2019,12.045331712,2026-07-13,\N,0,12.0453317121053,2026-07-29T18:04:35Z
wdi2-2019-2021-372906f371e0391f,ARM,AM,ARM,Armenia,ISO-3166-1,economy,False,matched_iso,SP.POP.65UP.TO.ZS,Population ages 65 and above (% of total population),% of total population,2,World Development Indicators,2020,12.34328153,2026-07-13,\N,0,12.343281529839,2026-07-29T18:04:35Z
wdi2-2019-2021-372906f371e0391f,ARM,AM,ARM,Armenia,ISO-3166-1,economy,False,matched_iso,SP.POP.65UP.TO.ZS,Population ages 65 and above (% of total population),% of total population,2,World Development Indicators,2021,12.600194715,2026-07-13,\N,0,12.600194715032,2026-07-29T18:04:35Z
wdi2-2019-2021-372906f371e0391f,ARM,AM,ARM,Armenia,ISO-3166-1,economy,False,matched_iso,SP.POP.TOTL,"Population, total",people,2,World Development Indicators,2019,2962500,2026-07-13,\N,0,2962500,2026-07-29T18:04:35Z
wdi2-2019-2021-372906f371e0391f,ARM,AM,ARM,Armenia,ISO-3166-1,economy,False,matched_iso,SP.POP.TOTL,"Population, total",people,2,World Development Indicators,2020,2961500,2026-07-13,\N,0,2961500,2026-07-29T18:04:35Z
wdi2-2019-2021-372906f371e0391f,ARM,AM,ARM,Armenia,ISO-3166-1,economy,False,matched_iso,SP.POP.TOTL,"Population, total",people,2,World Development Indicators,2021,2962300,2026-07-13,\N,0,2962300,2026-07-29T18:04:35Z
wdi2-2019-2021-372906f371e0391f,ASM,AS,ASM,American Samoa,ISO-3166-1,economy,False,matched_iso,EN.POP.DNST,Population density (people per sq. km of land area),people per sq. km of land area,2,World Development Indicators,2019,251.045,2026-07-13,\N,0,251.045,2026-07-29T18:04:35Z
wdi2-2019-2021-372906f371e0391f,ASM,AS,ASM,American Samoa,ISO-3166-1,economy,False,matched_iso,EN.POP.DNST,Population density (people per sq. km of land area),people per sq. km of land area,2,World Development Indicators,2020,248.805,2026-07-13,\N,0,248.805,2026-07-29T18:04:35Z
wdi2-2019-2021-372906f371e0391f,ASM,AS,ASM,American Samoa,ISO-3166-1,economy,False,matched_iso,EN.POP.DNST,Population density (people per sq. km of land area),people per sq. km of land area,2,World Development Indicators,2021,246.125,2026-07-13,\N,0,246.125,2026-07-29T18:04:35Z
wdi2-2019-2021-372906f371e0391f,ASM,AS,ASM,American Samoa,ISO-3166-1,economy,False,matched_iso,NY.GDP.PCAP.KD,GDP per capita (constant 2015 US$),constant 2015 US$,2,World Development Indicators,2019,12524.016025228,2026-07-13,\N,1,12524.0160252283,2026-07-29T18:04:35Z
wdi2-2019-2021-372906f371e0391f,ASM,AS,ASM,American Samoa,ISO-3166-1,economy,False,matched_iso,NY.GDP.PCAP.KD,GDP per capita (constant 2015 US$),constant 2015 US$,2,World Development Indicators,2020,13194.274740128,2026-07-13,\N,1,13194.274740128,2026-07-29T18:04:35Z
wdi2-2019-2021-372906f371e0391f,ASM,AS,ASM,American Samoa,ISO-3166-1,economy,False,matched_iso,NY.GDP.PCAP.KD,GDP per capita (constant 2015 US$),constant 2015 US$,2,World Development Indicators,2021,13233.578481734,2026-07-13,\N,1,13233.5784817341,2026-07-29T18:04:35Z
wdi2-2019-2021-372906f371e0391f,ASM,AS,ASM,American Samoa,ISO-3166-1,economy,False,matched_iso,SH.XPD.CHEX.PP.CD,"Current health expenditure per capita, PPP (current international $)",current international $,2,World Development Indicators,2019,\N,2026-07-13,\N,2,\N,2026-07-29T18:04:35Z
wdi2-2019-2021-372906f371e0391f,ASM,AS,ASM,American Samoa,ISO-3166-1,economy,False,matched_iso,SH.XPD.CHEX.PP.CD,"Current health expenditure per capita, PPP (current international $)",current international $,2,World Development Indicators,2020,\N,2026-07-13,\N,2,\N,2026-07-29T18:04:35Z
wdi2-2019-2021-372906f371e0391f,ASM,AS,ASM,American Samoa,ISO-3166-1,economy,False,matched_iso,SH.XPD.CHEX.PP.CD,"Current health expenditure per capita, PPP (current international $)",current international $,2,World Development Indicators,2021,\N,2026-07-13,\N,2,\N,2026-07-29T18:04:35Z
wdi2-2019-2021-372906f371e0391f,ASM,AS,ASM,American Samoa,ISO-3166-1,economy,False,matched_iso,SP.POP.65UP.TO.ZS,Population ages 65 and above (% of total population),% of total population,2,World Development Indicators,2019,6.083570675,2026-07-13,\N,0,6.08357067458025,2026-07-29T18:04:35Z
wdi2-2019-2021-372906f371e0391f,ASM,AS,ASM,American Samoa,ISO-3166-1,economy,False,matched_iso,SP.POP.65UP.TO.ZS,Population ages 65 and above (% of total population),% of total population,2,World Development Indicators,2020,6.36536278,2026-07-13,\N,0,6.36536278046281,2026-07-29T18:04:35Z
wdi2-2019-2021-372906f371e0391f,ASM,AS,ASM,American Samoa,ISO-3166-1,economy,False,matched_iso,SP.POP.65UP.TO.ZS,Population ages 65 and above (% of total population),% of total population,2,World Development Indicators,2021,6.719146775,2026-07-13,\N,0,6.7191467750127,2026-07-29T18:04:35Z
wdi2-2019-2021-372906f371e0391f,ASM,AS,ASM,American Samoa,ISO-3166-1,economy,False,matched_iso,SP.POP.TOTL,"Population, total",people,2,World Development Indicators,2019,50209,2026-07-13,\N,0,50209,2026-07-29T18:04:35Z
wdi2-2019-2021-372906f371e0391f,ASM,AS,ASM,American Samoa,ISO-3166-1,economy,False,matched_iso,SP.POP.TOTL,"Population, total",people,2,World Development Indicators,2020,49761,2026-07-13,\N,0,49761,2026-07-29T18:04:35Z
wdi2-2019-2021-372906f371e0391f,ASM,AS,ASM,American Samoa,ISO-3166-1,economy,False,matched_iso,SP.POP.TOTL,"Population, total",people,2,World Development Indicators,2021,49225,2026-07-13,\N,0,49225,2026-07-29T18:04:35Z
wdi2-2019-2021-372906f371e0391f,ATG,AG,ATG,Antigua and Barbuda,ISO-3166-1,economy,False,matched_iso,EN.POP.DNST,Population density (people per sq. km of land area),people per sq. km of land area,2,World Development Indicators,2019,207.645454545,2026-07-13,\N,0,207.645454545455,2026-07-29T18:04:35Z
wdi2-2019-2021-372906f371e0391f,ATG,AG,ATG,Antigua and Barbuda,ISO-3166-1,economy,False,matched_iso,EN.POP.DNST,Population density (people per sq. km of land area),people per sq. km of land area,2,World Development Indicators,2020,208.740909091,2026-07-13,\N,0,208.740909090909,2026-07-29T18:04:35Z
wdi2-2019-2021-372906f371e0391f,ATG,AG,ATG,Antigua and Barbuda,ISO-3166-1,economy,False,matched_iso,EN.POP.DNST,Population density (people per sq. km of land area),people per sq. km of land area,2,World Development Indicators,2021,209.884090909,2026-07-13,\N,0,209.884090909091,2026-07-29T18:04:35Z
wdi2-2019-2021-372906f371e0391f,ATG,AG,ATG,Antigua and Barbuda,ISO-3166-1,economy,False,matched_iso,NY.GDP.PCAP.KD,GDP per capita (constant 2015 US$),constant 2015 US$,2,World Development Indicators,2019,18525.258890717,2026-07-13,\N,1,18525.2588907167,2026-07-29T18:04:35Z
wdi2-2019-2021-372906f371e0391f,ATG,AG,ATG,Antigua and Barbuda,ISO-3166-1,economy,False,matched_iso,NY.GDP.PCAP.KD,GDP per capita (constant 2015 US$),constant 2015 US$,2,World Development Indicators,2020,14950.894239721,2026-07-13,\N,1,14950.8942397208,2026-07-29T18:04:35Z
wdi2-2019-2021-372906f371e0391f,ATG,AG,ATG,Antigua and Barbuda,ISO-3166-1,economy,False,matched_iso,NY.GDP.PCAP.KD,GDP per capita (constant 2015 US$),constant 2015 US$,2,World Development Indicators,2021,16084.721440605,2026-07-13,\N,1,16084.7214406048,2026-07-29T18:04:35Z
wdi2-2019-2021-372906f371e0391f,ATG,AG,ATG,Antigua and Barbuda,ISO-3166-1,economy,False,matched_iso,SH.XPD.CHEX.PP.CD,"Current health expenditure per capita, PPP (current international $)",current international $,2,World Development Indicators,2019,1135.501465621,2026-07-13,\N,2,1135.50146562144,2026-07-29T18:04:35Z
wdi2-2019-2021-372906f371e0391f,ATG,AG,ATG,Antigua and Barbuda,ISO-3166-1,economy,False,matched_iso,SH.XPD.CHEX.PP.CD,"Current health expenditure per capita, PPP (current international $)",current international $,2,World Development Indicators,2020,1271.393866867,2026-07-13,\N,2,1271.39386686741,2026-07-29T18:04:35Z
wdi2-2019-2021-372906f371e0391f,ATG,AG,ATG,Antigua and Barbuda,ISO-3166-1,economy,False,matched_iso,SH.XPD.CHEX.PP.CD,"Current health expenditure per capita, PPP (current international $)",current international $,2,World Development Indicators,2021,1239.244924552,2026-07-13,\N,2,1239.24492455213,2026-07-29T18:04:35Z
wdi2-2019-2021-372906f371e0391f,ATG,AG,ATG,Antigua and Barbuda,ISO-3166-1,economy,False,matched_iso,SP.POP.65UP.TO.ZS,Population ages 65 and above (% of total population),% of total population,2,World Development Indicators,2019,9.473148467,2026-07-13,\N,0,9.47314846738577,2026-07-29T18:04:35Z
wdi2-2019-2021-372906f371e0391f,ATG,AG,ATG,Antigua and Barbuda,ISO-3166-1,economy,False,matched_iso,SP.POP.65UP.TO.ZS,Population ages 65 and above (% of total population),% of total population,2,World Development Indicators,2020,9.863249352,2026-07-13,\N,0,9.86324935217647,2026-07-29T18:04:35Z
wdi2-2019-2021-372906f371e0391f,ATG,AG,ATG,Antigua and Barbuda,ISO-3166-1,economy,False,matched_iso,SP.POP.65UP.TO.ZS,Population ages 65 and above (% of total population),% of total population,2,World Development Indicators,2021,10.27894184,2026-07-13,\N,0,10.2789418401932,2026-07-29T18:04:35Z
wdi2-2019-2021-372906f371e0391f,ATG,AG,ATG,Antigua and Barbuda,ISO-3166-1,economy,False,matched_iso,SP.POP.TOTL,"Population, total",people,2,World Development Indicators,2019,91364,2026-07-13,\N,0,91364,2026-07-29T18:04:35Z
wdi2-2019-2021-372906f371e0391f,ATG,AG,ATG,Antigua and Barbuda,ISO-3166-1,economy,False,matched_iso,SP.POP.TOTL,"Population, total",people,2,World Development Indicators,2020,91846,2026-07-13,\N,0,91846,2026-07-29T18:04:35Z
wdi2-2019-2021-372906f371e0391f,ATG,AG,ATG,Antigua and Barbuda,ISO-3166-1,economy,False,matched_iso,SP.POP.TOTL,"Population, total",people,2,World Development Indicators,2021,92349,2026-07-13,\N,0,92349,2026-07-29T18:04:35Z
wdi2-2019-2021-372906f371e0391f,AUS,AU,AUS,Australia,ISO-3166-1,economy,False,matched_iso,EN.POP.DNST,Population density (people per sq. km of land area),people per sq. km of land area,2,World Development Indicators,2019,3.293650563,2026-07-13,\N,0,3.29365056253104,2026-07-29T18:04:35Z
wdi2-2019-2021-372906f371e0391f,AUS,AU,AUS,Australia,ISO-3166-1,economy,False,matched_iso,EN.POP.DNST,Population density (people per sq. km of land area),people per sq. km of land area,2,World Development Indicators,2020,3.334526951,2026-07-13,\N,0,3.33452695130798,2026-07-29T18:04:35Z
wdi2-2019-2021-372906f371e0391f,AUS,AU,AUS,Australia,ISO-3166-1,economy,False,matched_iso,EN.POP.DNST,Population density (people per sq. km of land area),people per sq. km of land area,2,World Development Indicators,2021,3.339228447,2026-07-13,\N,0,3.33922844714392,2026-07-29T18:04:35Z
wdi2-2019-2021-372906f371e0391f,AUS,AU,AUS,Australia,ISO-3166-1,economy,False,matched_iso,NY.GDP.PCAP.KD,GDP per capita (constant 2015 US$),constant 2015 US$,2,World Development Indicators,2019,59181.299790413,2026-07-13,\N,1,59181.2997904131,2026-07-29T18:04:35Z
wdi2-2019-2021-372906f371e0391f,AUS,AU,AUS,Australia,ISO-3166-1,economy,False,matched_iso,NY.GDP.PCAP.KD,GDP per capita (constant 2015 US$),constant 2015 US$,2,World Development Indicators,2020,58377.76705178,2026-07-13,\N,1,58377.7670517802,2026-07-29T18:04:35Z
wdi2-2019-2021-372906f371e0391f,AUS,AU,AUS,Australia,ISO-3166-1,economy,False,matched_iso,NY.GDP.PCAP.KD,GDP per capita (constant 2015 US$),constant 2015 US$,2,World Development Indicators,2021,59465.535671364,2026-07-13,\N,1,59465.535671364,2026-07-29T18:04:35Z
wdi2-2019-2021-372906f371e0391f,AUS,AU,AUS,Australia,ISO-3166-1,economy,False,matched_iso,SH.XPD.CHEX.PP.CD,"Current health expenditure per capita, PPP (current international $)",current international $,2,World Development Indicators,2019,5464.569148207,2026-07-13,\N,2,5464.56914820707,2026-07-29T18:04:35Z
wdi2-2019-2021-372906f371e0391f,AUS,AU,AUS,Australia,ISO-3166-1,economy,False,matched_iso,SH.XPD.CHEX.PP.CD,"Current health expenditure per capita, PPP (current international $)",current international $,2,World Development Indicators,2020,6059.418885611,2026-07-13,\N,2,6059.41888561149,2026-07-29T18:04:35Z
wdi2-2019-2021-372906f371e0391f,AUS,AU,AUS,Australia,ISO-3166-1,economy,False,matched_iso,SH.XPD.CHEX.PP.CD,"Current health expenditure per capita, PPP (current international $)",current international $,2,World Development Indicators,2021,6764.388280267,2026-07-13,\N,2,6764.38828026716,2026-07-29T18:04:35Z
wdi2-2019-2021-372906f371e0391f,AUS,AU,AUS,Australia,ISO-3166-1,economy,False,matched_iso,SP.POP.65UP.TO.ZS,Population ages 65 and above (% of total population),% of total population,2,World Development Indicators,2019,15.945063779,2026-07-13,\N,0,15.9450637793133,2026-07-29T18:04:35Z
wdi2-2019-2021-372906f371e0391f,AUS,AU,AUS,Australia,ISO-3166-1,economy,False,matched_iso,SP.POP.65UP.TO.ZS,Population ages 65 and above (% of total population),% of total population,2,World Development Indicators,2020,16.338720276,2026-07-13,\N,0,16.3387202762794,2026-07-29T18:04:35Z
wdi2-2019-2021-372906f371e0391f,AUS,AU,AUS,Australia,ISO-3166-1,economy,False,matched_iso,SP.POP.65UP.TO.ZS,Population ages 65 and above (% of total population),% of total population,2,World Development Indicators,2021,16.749187364,2026-07-13,\N,0,16.7491873637801,2026-07-29T18:04:35Z
wdi2-2019-2021-372906f371e0391f,AUS,AU,AUS,Australia,ISO-3166-1,economy,False,matched_iso,SP.POP.TOTL,"Population, total",people,2,World Development Indicators,2019,25334826,2026-07-13,\N,0,25334826,2026-07-29T18:04:35Z
wdi2-2019-2021-372906f371e0391f,AUS,AU,AUS,Australia,ISO-3166-1,economy,False,matched_iso,SP.POP.TOTL,"Population, total",people,2,World Development Indicators,2020,25649248,2026-07-13,\N,0,25649248,2026-07-29T18:04:35Z
wdi2-2019-2021-372906f371e0391f,AUS,AU,AUS,Australia,ISO-3166-1,economy,False,matched_iso,SP.POP.TOTL,"Population, total",people,2,World Development Indicators,2021,25685412,2026-07-13,\N,0,25685412,2026-07-29T18:04:35Z
wdi2-2019-2021-372906f371e0391f,AUT,AT,AUT,Austria,ISO-3166-1,economy,False,matched_iso,EN.POP.DNST,Population density (people per sq. km of land area),people per sq. km of land area,2,World Development Indicators,2019,107.609306835,2026-07-13,\N,0,107.609306834707,2026-07-29T18:04:35Z
wdi2-2019-2021-372906f371e0391f,AUT,AT,AUT,Austria,ISO-3166-1,economy,False,matched_iso,EN.POP.DNST,Population density (people per sq. km of land area),people per sq. km of land area,2,World Development Indicators,2020,108.057004363,2026-07-13,\N,0,108.057004362579,2026-07-29T18:04:35Z
wdi2-2019-2021-372906f371e0391f,AUT,AT,AUT,Austria,ISO-3166-1,economy,False,matched_iso,EN.POP.DNST,Population density (people per sq. km of land area),people per sq. km of land area,2,World Development Indicators,2021,108.528805138,2026-07-13,\N,0,108.528805138148,2026-07-29T18:04:35Z
wdi2-2019-2021-372906f371e0391f,AUT,AT,AUT,Austria,ISO-3166-1,economy,False,matched_iso,NY.GDP.PCAP.KD,GDP per capita (constant 2015 US$),constant 2015 US$,2,World Development Indicators,2019,46550.562245949,2026-07-13,\N,1,46550.5622459492,2026-07-29T18:04:35Z
wdi2-2019-2021-372906f371e0391f,AUT,AT,AUT,Austria,ISO-3166-1,economy,False,matched_iso,NY.GDP.PCAP.KD,GDP per capita (constant 2015 US$),constant 2015 US$,2,World Development Indicators,2020,43428.698313723,2026-07-13,\N,1,43428.6983137234,2026-07-29T18:04:35Z
wdi2-2019-2021-372906f371e0391f,AUT,AT,AUT,Austria,ISO-3166-1,economy,False,matched_iso,NY.GDP.PCAP.KD,GDP per capita (constant 2015 US$),constant 2015 US$,2,World Development Indicators,2021,45368.643433737,2026-07-13,\N,1,45368.6434337368,2026-07-29T18:04:35Z
wdi2-2019-2021-372906f371e0391f,AUT,AT,AUT,Austria,ISO-3166-1,economy,False,matched_iso,SH.XPD.CHEX.PP.CD,"Current health expenditure per capita, PPP (current international $)",current international $,2,World Development Indicators,2019,6428.202303008,2026-07-13,\N,2,6428.20230300818,2026-07-29T18:04:35Z
wdi2-2019-2021-372906f371e0391f,AUT,AT,AUT,Austria,ISO-3166-1,economy,False,matched_iso,SH.XPD.CHEX.PP.CD,"Current health expenditure per capita, PPP (current international $)",current international $,2,World Development Indicators,2020,6691.048511514,2026-07-13,\N,2,6691.04851151445,2026-07-29T18:04:35Z
wdi2-2019-2021-372906f371e0391f,AUT,AT,AUT,Austria,ISO-3166-1,economy,False,matched_iso,SH.XPD.CHEX.PP.CD,"Current health expenditure per capita, PPP (current international $)",current international $,2,World Development Indicators,2021,7692.771192426,2026-07-13,\N,2,7692.77119242585,2026-07-29T18:04:35Z
wdi2-2019-2021-372906f371e0391f,AUT,AT,AUT,Austria,ISO-3166-1,economy,False,matched_iso,SP.POP.65UP.TO.ZS,Population ages 65 and above (% of total population),% of total population,2,World Development Indicators,2019,18.940299358,2026-07-13,\N,0,18.9402993578561,2026-07-29T18:04:35Z
wdi2-2019-2021-372906f371e0391f,AUT,AT,AUT,Austria,ISO-3166-1,economy,False,matched_iso,SP.POP.65UP.TO.ZS,Population ages 65 and above (% of total population),% of total population,2,World Development Indicators,2020,19.169788839,2026-07-13,\N,0,19.169788839314,2026-07-29T18:04:35Z
wdi2-2019-2021-372906f371e0391f,AUT,AT,AUT,Austria,ISO-3166-1,economy,False,matched_iso,SP.POP.65UP.TO.ZS,Population ages 65 and above (% of total population),% of total population,2,World Development Indicators,2021,19.462852721,2026-07-13,\N,0,19.462852720957,2026-07-29T18:04:35Z
wdi2-2019-2021-372906f371e0391f,AUT,AT,AUT,Austria,ISO-3166-1,economy,False,matched_iso,SP.POP.TOTL,"Population, total",people,2,World Development Indicators,2019,8879920,2026-07-13,\N,0,8879920,2026-07-29T18:04:35Z
wdi2-2019-2021-372906f371e0391f,AUT,AT,AUT,Austria,ISO-3166-1,economy,False,matched_iso,SP.POP.TOTL,"Population, total",people,2,World Development Indicators,2020,8916864,2026-07-13,\N,0,8916864,2026-07-29T18:04:35Z
wdi2-2019-2021-372906f371e0391f,AUT,AT,AUT,Austria,ISO-3166-1,economy,False,matched_iso,SP.POP.TOTL,"Population, total",people,2,World Development Indicators,2021,8955797,2026-07-13,\N,0,8955797,2026-07-29T18:04:35Z
wdi2-2019-2021-372906f371e0391f,AZE,AZ,AZE,Azerbaijan,ISO-3166-1,economy,False,matched_iso,EN.POP.DNST,Population density (people per sq. km of land area),people per sq. km of land area,2,World Development Indicators,2019,121.28007114,2026-07-13,\N,0,121.280071139933,2026-07-29T18:04:35Z
wdi2-2019-2021-372906f371e0391f,AZE,AZ,AZE,Azerbaijan,ISO-3166-1,economy,False,matched_iso,EN.POP.DNST,Population density (people per sq. km of land area),people per sq. km of land area,2,World Development Indicators,2020,122.124736829,2026-07-13,\N,0,122.124736829369,2026-07-29T18:04:35Z
wdi2-2019-2021-372906f371e0391f,AZE,AZ,AZE,Azerbaijan,ISO-3166-1,economy,False,matched_iso,EN.POP.DNST,Population density (people per sq. km of land area),people per sq. km of land area,2,World Development Indicators,2021,122.658802178,2026-07-13,\N,0,122.658802177858,2026-07-29T18:04:35Z
wdi2-2019-2021-372906f371e0391f,AZE,AZ,AZE,Azerbaijan,ISO-3166-1,economy,False,matched_iso,NY.GDP.PCAP.KD,GDP per capita (constant 2015 US$),constant 2015 US$,2,World Development Indicators,2019,5346.953186041,2026-07-13,\N,1,5346.95318604114,2026-07-29T18:04:35Z
wdi2-2019-2021-372906f371e0391f,AZE,AZ,AZE,Azerbaijan,ISO-3166-1,economy,False,matched_iso,NY.GDP.PCAP.KD,GDP per capita (constant 2015 US$),constant 2015 US$,2,World Development Indicators,2020,5087.500227836,2026-07-13,\N,1,5087.50022783627,2026-07-29T18:04:35Z
wdi2-2019-2021-372906f371e0391f,AZE,AZ,AZE,Azerbaijan,ISO-3166-1,economy,False,matched_iso,NY.GDP.PCAP.KD,GDP per capita (constant 2015 US$),constant 2015 US$,2,World Development Indicators,2021,5349.582260714,2026-07-13,\N,1,5349.58226071425,2026-07-29T18:04:35Z
wdi2-2019-2021-372906f371e0391f,AZE,AZ,AZE,Azerbaijan,ISO-3166-1,economy,False,matched_iso,SH.XPD.CHEX.PP.CD,"Current health expenditure per capita, PPP (current international $)",current international $,2,World Development Indicators,2019,691.396528938,2026-07-13,\N,2,691.39652893836,2026-07-29T18:04:35Z
wdi2-2019-2021-372906f371e0391f,AZE,AZ,AZE,Azerbaijan,ISO-3166-1,economy,False,matched_iso,SH.XPD.CHEX.PP.CD,"Current health expenditure per capita, PPP (current international $)",current international $,2,World Development Indicators,2020,879.073654044,2026-07-13,\N,2,879.073654044431,2026-07-29T18:04:35Z
wdi2-2019-2021-372906f371e0391f,AZE,AZ,AZE,Azerbaijan,ISO-3166-1,economy,False,matched_iso,SH.XPD.CHEX.PP.CD,"Current health expenditure per capita, PPP (current international $)",current international $,2,World Development Indicators,2021,933.373898853,2026-07-13,\N,2,933.373898853166,2026-07-29T18:04:35Z
wdi2-2019-2021-372906f371e0391f,AZE,AZ,AZE,Azerbaijan,ISO-3166-1,economy,False,matched_iso,SP.POP.65UP.TO.ZS,Population ages 65 and above (% of total population),% of total population,2,World Development Indicators,2019,6.627641135,2026-07-13,\N,0,6.62764113456588,2026-07-29T18:04:35Z
wdi2-2019-2021-372906f371e0391f,AZE,AZ,AZE,Azerbaijan,ISO-3166-1,economy,False,matched_iso,SP.POP.65UP.TO.ZS,Population ages 65 and above (% of total population),% of total population,2,World Development Indicators,2020,6.883368543,2026-07-13,\N,0,6.88336854345971,2026-07-29T18:04:35Z
wdi2-2019-2021-372906f371e0391f,AZE,AZ,AZE,Azerbaijan,ISO-3166-1,economy,False,matched_iso,SP.POP.65UP.TO.ZS,Population ages 65 and above (% of total population),% of total population,2,World Development Indicators,2021,7.146682837,2026-07-13,\N,0,7.14668283701474,2026-07-29T18:04:35Z
wdi2-2019-2021-372906f371e0391f,AZE,AZ,AZE,Azerbaijan,ISO-3166-1,economy,False,matched_iso,SP.POP.TOTL,"Population, total",people,2,World Development Indicators,2019,10024283,2026-07-13,\N,0,10024283,2026-07-29T18:04:35Z
wdi2-2019-2021-372906f371e0391f,AZE,AZ,AZE,Azerbaijan,ISO-3166-1,economy,False,matched_iso,SP.POP.TOTL,"Population, total",people,2,World Development Indicators,2020,10093121,2026-07-13,\N,0,10093121,2026-07-29T18:04:35Z
wdi2-2019-2021-372906f371e0391f,AZE,AZ,AZE,Azerbaijan,ISO-3166-1,economy,False,matched_iso,SP.POP.TOTL,"Population, total",people,2,World Development Indicators,2021,10137750,2026-07-13,\N,0,10137750,2026-07-29T18:04:35Z
wdi2-2019-2021-372906f371e0391f,BDI,BI,BDI,Burundi,ISO-3166-1,economy,False,matched_iso,EN.POP.DNST,Population density (people per sq. km of land area),people per sq. km of land area,2,World Development Indicators,2019,477.23271028,2026-07-13,\N,0,477.232710280374,2026-07-29T18:04:35Z
wdi2-2019-2021-372906f371e0391f,BDI,BI,BDI,Burundi,ISO-3166-1,economy,False,matched_iso,EN.POP.DNST,Population density (people per sq. km of land area),people per sq. km of land area,2,World Development Indicators,2020,491.317601246,2026-07-13,\N,0,491.317601246106,2026-07-29T18:04:35Z
wdi2-2019-2021-372906f371e0391f,BDI,BI,BDI,Burundi,ISO-3166-1,economy,False,matched_iso,EN.POP.DNST,Population density (people per sq. km of land area),people per sq. km of land area,2,World Development Indicators,2021,504.886331776,2026-07-13,\N,0,504.886331775701,2026-07-29T18:04:35Z
wdi2-2019-2021-372906f371e0391f,BDI,BI,BDI,Burundi,ISO-3166-1,economy,False,matched_iso,NY.GDP.PCAP.KD,GDP per capita (constant 2015 US$),constant 2015 US$,2,World Development Indicators,2019,270.411005711,2026-07-13,\N,1,270.411005710809,2026-07-29T18:04:35Z
wdi2-2019-2021-372906f371e0391f,BDI,BI,BDI,Burundi,ISO-3166-1,economy,False,matched_iso,NY.GDP.PCAP.KD,GDP per capita (constant 2015 US$),constant 2015 US$,2,World Development Indicators,2020,263.463876363,2026-07-13,\N,1,263.463876362597,2026-07-29T18:04:35Z
wdi2-2019-2021-372906f371e0391f,BDI,BI,BDI,Burundi,ISO-3166-1,economy,False,matched_iso,NY.GDP.PCAP.KD,GDP per capita (constant 2015 US$),constant 2015 US$,2,World Development Indicators,2021,264.682651658,2026-07-13,\N,1,264.682651658422,2026-07-29T18:04:35Z
wdi2-2019-2021-372906f371e0391f,BDI,BI,BDI,Burundi,ISO-3166-1,economy,False,matched_iso,SH.XPD.CHEX.PP.CD,"Current health expenditure per capita, PPP (current international $)",current international $,2,World Development Indicators,2019,70.514331663,2026-07-13,\N,2,70.5143316631699,2026-07-29T18:04:35Z
wdi2-2019-2021-372906f371e0391f,BDI,BI,BDI,Burundi,ISO-3166-1,economy,False,matched_iso,SH.XPD.CHEX.PP.CD,"Current health expenditure per capita, PPP (current international $)",current international $,2,World Development Indicators,2020,84.301690938,2026-07-13,\N,2,84.301690937684,2026-07-29T18:04:35Z
wdi2-2019-2021-372906f371e0391f,BDI,BI,BDI,Burundi,ISO-3166-1,economy,False,matched_iso,SH.XPD.CHEX.PP.CD,"Current health expenditure per capita, PPP (current international $)",current international $,2,World Development Indicators,2021,74.922218047,2026-07-13,\N,2,74.9222180466459,2026-07-29T18:04:35Z
wdi2-2019-2021-372906f371e0391f,BDI,BI,BDI,Burundi,ISO-3166-1,economy,False,matched_iso,SP.POP.65UP.TO.ZS,Population ages 65 and above (% of total population),% of total population,2,World Development Indicators,2019,2.401268215,2026-07-13,\N,0,2.40126821487113,2026-07-29T18:04:35Z
wdi2-2019-2021-372906f371e0391f,BDI,BI,BDI,Burundi,ISO-3166-1,economy,False,matched_iso,SP.POP.65UP.TO.ZS,Population ages 65 and above (% of total population),% of total population,2,World Development Indicators,2020,2.435064781,2026-07-13,\N,0,2.43506478066639,2026-07-29T18:04:35Z
wdi2-2019-2021-372906f371e0391f,BDI,BI,BDI,Burundi,ISO-3166-1,economy,False,matched_iso,SP.POP.65UP.TO.ZS,Population ages 65 and above (% of total population),% of total population,2,World Development Indicators,2021,2.46187926,2026-07-13,\N,0,2.4618792599411,2026-07-29T18:04:35Z
wdi2-2019-2021-372906f371e0391f,BDI,BI,BDI,Burundi,ISO-3166-1,economy,False,matched_iso,SP.POP.TOTL,"Population, total",people,2,World Development Indicators,2019,12255336,2026-07-13,\N,0,12255336,2026-07-29T18:04:35Z
wdi2-2019-2021-372906f371e0391f,BDI,BI,BDI,Burundi,ISO-3166-1,economy,False,matched_iso,SP.POP.TOTL,"Population, total",people,2,World Development Indicators,2020,12617036,2026-07-13,\N,0,12617036,2026-07-29T18:04:35Z
wdi2-2019-2021-372906f371e0391f,BDI,BI,BDI,Burundi,ISO-3166-1,economy,False,matched_iso,SP.POP.TOTL,"Population, total",people,2,World Development Indicators,2021,12965481,2026-07-13,\N,0,12965481,2026-07-29T18:04:35Z
wdi2-2019-2021-372906f371e0391f,BEL,BE,BEL,Belgium,ISO-3166-1,economy,False,matched_iso,EN.POP.DNST,Population density (people per sq. km of land area),people per sq. km of land area,2,World Development Indicators,2019,376.761985964,2026-07-13,\N,0,376.761985964452,2026-07-29T18:04:35Z
wdi2-2019-2021-372906f371e0391f,BEL,BE,BEL,Belgium,ISO-3166-1,economy,False,matched_iso,EN.POP.DNST,Population density (people per sq. km of land area),people per sq. km of land area,2,World Development Indicators,2020,378.38932249,2026-07-13,\N,0,378.38932248967,2026-07-29T18:04:35Z
wdi2-2019-2021-372906f371e0391f,BEL,BE,BEL,Belgium,ISO-3166-1,economy,False,matched_iso,EN.POP.DNST,Population density (people per sq. km of land area),people per sq. km of land area,2,World Development Indicators,2021,379.949990162,2026-07-13,\N,0,379.949990161999,2026-07-29T18:04:35Z
wdi2-2019-2021-372906f371e0391f,BEL,BE,BEL,Belgium,ISO-3166-1,economy,False,matched_iso,NY.GDP.PCAP.KD,GDP per capita (constant 2015 US$),constant 2015 US$,2,World Development Indicators,2019,43006.404230886,2026-07-13,\N,1,43006.4042308863,2026-07-29T18:04:35Z
wdi2-2019-2021-372906f371e0391f,BEL,BE,BEL,Belgium,ISO-3166-1,economy,False,matched_iso,NY.GDP.PCAP.KD,GDP per capita (constant 2015 US$),constant 2015 US$,2,World Development Indicators,2020,40769.021807296,2026-07-13,\N,1,40769.0218072962,2026-07-29T18:04:35Z
wdi2-2019-2021-372906f371e0391f,BEL,BE,BEL,Belgium,ISO-3166-1,economy,False,matched_iso,NY.GDP.PCAP.KD,GDP per capita (constant 2015 US$),constant 2015 US$,2,World Development Indicators,2021,43140.967665297,2026-07-13,\N,1,43140.9676652971,2026-07-29T18:04:35Z
wdi2-2019-2021-372906f371e0391f,BEL,BE,BEL,Belgium,ISO-3166-1,economy,False,matched_iso,SH.XPD.CHEX.PP.CD,"Current health expenditure per capita, PPP (current international $)",current international $,2,World Development Indicators,2019,6176.005931723,2026-07-13,\N,2,6176.00593172252,2026-07-29T18:04:35Z
wdi2-2019-2021-372906f371e0391f,BEL,BE,BEL,Belgium,ISO-3166-1,economy,False,matched_iso,SH.XPD.CHEX.PP.CD,"Current health expenditure per capita, PPP (current international $)",current international $,2,World Development Indicators,2020,6441.806806869,2026-07-13,\N,2,6441.8068068689,2026-07-29T18:04:35Z
wdi2-2019-2021-372906f371e0391f,BEL,BE,BEL,Belgium,ISO-3166-1,economy,False,matched_iso,SH.XPD.CHEX.PP.CD,"Current health expenditure per capita, PPP (current international $)",current international $,2,World Development Indicators,2021,6867.120649807,2026-07-13,\N,2,6867.1206498067,2026-07-29T18:04:35Z
wdi2-2019-2021-372906f371e0391f,BEL,BE,BEL,Belgium,ISO-3166-1,economy,False,matched_iso,SP.POP.65UP.TO.ZS,Population ages 65 and above (% of total population),% of total population,2,World Development Indicators,2019,19.029838082,2026-07-13,\N,0,19.029838081816,2026-07-29T18:04:35Z
wdi2-2019-2021-372906f371e0391f,BEL,BE,BEL,Belgium,ISO-3166-1,economy,False,matched_iso,SP.POP.65UP.TO.ZS,Population ages 65 and above (% of total population),% of total population,2,World Development Indicators,2020,19.224020193,2026-07-13,\N,0,19.224020193227,2026-07-29T18:04:35Z
wdi2-2019-2021-372906f371e0391f,BEL,BE,BEL,Belgium,ISO-3166-1,economy,False,matched_iso,SP.POP.65UP.TO.ZS,Population ages 65 and above (% of total population),% of total population,2,World Development Indicators,2021,19.452052048,2026-07-13,\N,0,19.4520520478909,2026-07-29T18:04:35Z
wdi2-2019-2021-372906f371e0391f,BEL,BE,BEL,Belgium,ISO-3166-1,economy,False,matched_iso,SP.POP.TOTL,"Population, total",people,2,World Development Indicators,2019,11488980,2026-07-13,\N,0,11488980,2026-07-29T18:04:35Z
wdi2-2019-2021-372906f371e0391f,BEL,BE,BEL,Belgium,ISO-3166-1,economy,False,matched_iso,SP.POP.TOTL,"Population, total",people,2,World Development Indicators,2020,11538604,2026-07-13,\N,0,11538604,2026-07-29T18:04:35Z
wdi2-2019-2021-372906f371e0391f,BEL,BE,BEL,Belgium,ISO-3166-1,economy,False,matched_iso,SP.POP.TOTL,"Population, total",people,2,World Development Indicators,2021,11586195,2026-07-13,\N,0,11586195,2026-07-29T18:04:35Z
wdi2-2019-2021-372906f371e0391f,BEN,BJ,BEN,Benin,ISO-3166-1,economy,False,matched_iso,EN.POP.DNST,Population density (people per sq. km of land area),people per sq. km of land area,2,World Development Indicators,2019,112.865865555,2026-07-13,\N,0,112.865865555161,2026-07-29T18:04:35Z
wdi2-2019-2021-372906f371e0391f,BEN,BJ,BEN,Benin,ISO-3166-1,economy,False,matched_iso,EN.POP.DNST,Population density (people per sq. km of land area),people per sq. km of land area,2,World Development Indicators,2020,115.911395885,2026-07-13,\N,0,115.911395885066,2026-07-29T18:04:35Z
wdi2-2019-2021-372906f371e0391f,BEN,BJ,BEN,Benin,ISO-3166-1,economy,False,matched_iso,EN.POP.DNST,Population density (people per sq. km of land area),people per sq. km of land area,2,World Development Indicators,2021,118.955454062,2026-07-13,\N,0,118.955454061724,2026-07-29T18:04:35Z
wdi2-2019-2021-372906f371e0391f,BEN,BJ,BEN,Benin,ISO-3166-1,economy,False,matched_iso,NY.GDP.PCAP.KD,GDP per capita (constant 2015 US$),constant 2015 US$,2,World Development Indicators,2019,1114.173045264,2026-07-13,\N,1,1114.17304526443,2026-07-29T18:04:35Z
wdi2-2019-2021-372906f371e0391f,BEN,BJ,BEN,Benin,ISO-3166-1,economy,False,matched_iso,NY.GDP.PCAP.KD,GDP per capita (constant 2015 US$),constant 2015 US$,2,World Development Indicators,2020,1126.654041222,2026-07-13,\N,1,1126.65404122154,2026-07-29T18:04:35Z
wdi2-2019-2021-372906f371e0391f,BEN,BJ,BEN,Benin,ISO-3166-1,economy,False,matched_iso,NY.GDP.PCAP.KD,GDP per capita (constant 2015 US$),constant 2015 US$,2,World Development Indicators,2021,1176.377276373,2026-07-13,\N,1,1176.37727637273,2026-07-29T18:04:35Z
wdi2-2019-2021-372906f371e0391f,BEN,BJ,BEN,Benin,ISO-3166-1,economy,False,matched_iso,SH.XPD.CHEX.PP.CD,"Current health expenditure per capita, PPP (current international $)",current international $,2,World Development Indicators,2019,94.534538264,2026-07-13,\N,2,94.5345382639284,2026-07-29T18:04:35Z
wdi2-2019-2021-372906f371e0391f,BEN,BJ,BEN,Benin,ISO-3166-1,economy,False,matched_iso,SH.XPD.CHEX.PP.CD,"Current health expenditure per capita, PPP (current international $)",current international $,2,World Development Indicators,2020,98.999397543,2026-07-13,\N,2,98.9993975427191,2026-07-29T18:04:35Z
wdi2-2019-2021-372906f371e0391f,BEN,BJ,BEN,Benin,ISO-3166-1,economy,False,matched_iso,SH.XPD.CHEX.PP.CD,"Current health expenditure per capita, PPP (current international $)",current international $,2,World Development Indicators,2021,101.015106997,2026-07-13,\N,2,101.015106997401,2026-07-29T18:04:35Z
wdi2-2019-2021-372906f371e0391f,BEN,BJ,BEN,Benin,ISO-3166-1,economy,False,matched_iso,SP.POP.65UP.TO.ZS,Population ages 65 and above (% of total population),% of total population,2,World Development Indicators,2019,3.033271246,2026-07-13,\N,0,3.03327124628391,2026-07-29T18:04:35Z
wdi2-2019-2021-372906f371e0391f,BEN,BJ,BEN,Benin,ISO-3166-1,economy,False,matched_iso,SP.POP.65UP.TO.ZS,Population ages 65 and above (% of total population),% of total population,2,World Development Indicators,2020,3.039964518,2026-07-13,\N,0,3.0399645176738,2026-07-29T18:04:35Z
wdi2-2019-2021-372906f371e0391f,BEN,BJ,BEN,Benin,ISO-3166-1,economy,False,matched_iso,SP.POP.65UP.TO.ZS,Population ages 65 and above (% of total population),% of total population,2,World Development Indicators,2021,3.04703492,2026-07-13,\N,0,3.04703492033387,2026-07-29T18:04:35Z
wdi2-2019-2021-372906f371e0391f,BEN,BJ,BEN,Benin,ISO-3166-1,economy,False,matched_iso,SP.POP.TOTL,"Population, total",people,2,World Development Indicators,2019,12726755,2026-07-13,\N,0,12726755,2026-07-29T18:04:35Z
wdi2-2019-2021-372906f371e0391f,BEN,BJ,BEN,Benin,ISO-3166-1,economy,False,matched_iso,SP.POP.TOTL,"Population, total",people,2,World Development Indicators,2020,13070169,2026-07-13,\N,0,13070169,2026-07-29T18:04:35Z
wdi2-2019-2021-372906f371e0391f,BEN,BJ,BEN,Benin,ISO-3166-1,economy,False,matched_iso,SP.POP.TOTL,"Population, total",people,2,World Development Indicators,2021,13413417,2026-07-13,\N,0,13413417,2026-07-29T18:04:35Z
wdi2-2019-2021-372906f371e0391f,BFA,BF,BFA,Burkina Faso,ISO-3166-1,economy,False,matched_iso,EN.POP.DNST,Population density (people per sq. km of land area),people per sq. km of land area,2,World Development Indicators,2019,76.615321637,2026-07-13,\N,0,76.6153216374269,2026-07-29T18:04:35Z
wdi2-2019-2021-372906f371e0391f,BFA,BF,BFA,Burkina Faso,ISO-3166-1,economy,False,matched_iso,EN.POP.DNST,Population density (people per sq. km of land area),people per sq. km of land area,2,World Development Indicators,2020,78.503983918,2026-07-13,\N,0,78.5039839181287,2026-07-29T18:04:35Z
wdi2-2019-2021-372906f371e0391f,BFA,BF,BFA,Burkina Faso,ISO-3166-1,economy,False,matched_iso,EN.POP.DNST,Population density (people per sq. km of land area),people per sq. km of land area,2,World Development Indicators,2021,80.391970029,2026-07-13,\N,0,80.3919700292398,2026-07-29T18:04:35Z
wdi2-2019-2021-372906f371e0391f,BFA,BF,BFA,Burkina Faso,ISO-3166-1,economy,False,matched_iso,NY.GDP.PCAP.KD,GDP per capita (constant 2015 US$),constant 2015 US$,2,World Development Indicators,2019,717.021595097,2026-07-13,\N,1,717.021595096634,2026-07-29T18:04:35Z
wdi2-2019-2021-372906f371e0391f,BFA,BF,BFA,Burkina Faso,ISO-3166-1,economy,False,matched_iso,NY.GDP.PCAP.KD,GDP per capita (constant 2015 US$),constant 2015 US$,2,World Development Indicators,2020,713.842177922,2026-07-13,\N,1,713.8421779224,2026-07-29T18:04:35Z
wdi2-2019-2021-372906f371e0391f,BFA,BF,BFA,Burkina Faso,ISO-3166-1,economy,False,matched_iso,NY.GDP.PCAP.KD,GDP per capita (constant 2015 US$),constant 2015 US$,2,World Development Indicators,2021,745.472563435,2026-07-13,\N,1,745.472563435144,2026-07-29T18:04:35Z
wdi2-2019-2021-372906f371e0391f,BFA,BF,BFA,Burkina Faso,ISO-3166-1,economy,False,matched_iso,SH.XPD.CHEX.PP.CD,"Current health expenditure per capita, PPP (current international $)",current international $,2,World Development Indicators,2019,119.856482116,2026-07-13,\N,2,119.856482115719,2026-07-29T18:04:35Z
wdi2-2019-2021-372906f371e0391f,BFA,BF,BFA,Burkina Faso,ISO-3166-1,economy,False,matched_iso,SH.XPD.CHEX.PP.CD,"Current health expenditure per capita, PPP (current international $)",current international $,2,World Development Indicators,2020,164.946485842,2026-07-13,\N,2,164.946485842284,2026-07-29T18:04:35Z
wdi2-2019-2021-372906f371e0391f,BFA,BF,BFA,Burkina Faso,ISO-3166-1,economy,False,matched_iso,SH.XPD.CHEX.PP.CD,"Current health expenditure per capita, PPP (current international $)",current international $,2,World Development Indicators,2021,176.560778489,2026-07-13,\N,2,176.560778489083,2026-07-29T18:04:35Z
wdi2-2019-2021-372906f371e0391f,BFA,BF,BFA,Burkina Faso,ISO-3166-1,economy,False,matched_iso,SP.POP.65UP.TO.ZS,Population ages 65 and above (% of total population),% of total population,2,World Development Indicators,2019,2.559186698,2026-07-13,\N,0,2.55918669789944,2026-07-29T18:04:35Z
wdi2-2019-2021-372906f371e0391f,BFA,BF,BFA,Burkina Faso,ISO-3166-1,economy,False,matched_iso,SP.POP.65UP.TO.ZS,Population ages 65 and above (% of total population),% of total population,2,World Development Indicators,2020,2.568841549,2026-07-13,\N,0,2.56884154873602,2026-07-29T18:04:35Z
wdi2-2019-2021-372906f371e0391f,BFA,BF,BFA,Burkina Faso,ISO-3166-1,economy,False,matched_iso,SP.POP.65UP.TO.ZS,Population ages 65 and above (% of total population),% of total population,2,World Development Indicators,2021,2.579178143,2026-07-13,\N,0,2.57917814320124,2026-07-29T18:04:35Z
wdi2-2019-2021-372906f371e0391f,BFA,BF,BFA,Burkina Faso,ISO-3166-1,economy,False,matched_iso,SP.POP.TOTL,"Population, total",people,2,World Development Indicators,2019,20961952,2026-07-13,\N,0,20961952,2026-07-29T18:04:35Z
wdi2-2019-2021-372906f371e0391f,BFA,BF,BFA,Burkina Faso,ISO-3166-1,economy,False,matched_iso,SP.POP.TOTL,"Population, total",people,2,World Development Indicators,2020,21478690,2026-07-13,\N,0,21478690,2026-07-29T18:04:35Z
wdi2-2019-2021-372906f371e0391f,BFA,BF,BFA,Burkina Faso,ISO-3166-1,economy,False,matched_iso,SP.POP.TOTL,"Population, total",people,2,World Development Indicators,2021,21995243,2026-07-13,\N,0,21995243,2026-07-29T18:04:35Z
wdi2-2019-2021-372906f371e0391f,BGD,BD,BGD,Bangladesh,ISO-3166-1,economy,False,matched_iso,EN.POP.DNST,Population density (people per sq. km of land area),people per sq. km of land area,2,World Development Indicators,2019,1266.905239302,2026-07-13,\N,0,1266.90523930245,2026-07-29T18:04:35Z
wdi2-2019-2021-372906f371e0391f,BGD,BD,BGD,Bangladesh,ISO-3166-1,economy,False,matched_iso,EN.POP.DNST,Population density (people per sq. km of land area),people per sq. km of land area,2,World Development Indicators,2020,1277.544933548,2026-07-13,\N,0,1277.54493354844,2026-07-29T18:04:35Z
wdi2-2019-2021-372906f371e0391f,BGD,BD,BGD,Bangladesh,ISO-3166-1,economy,False,matched_iso,EN.POP.DNST,Population density (people per sq. km of land area),people per sq. km of land area,2,World Development Indicators,2021,1287.99918568,2026-07-13,\N,0,1287.99918568026,2026-07-29T18:04:35Z
wdi2-2019-2021-372906f371e0391f,BGD,BD,BGD,Bangladesh,ISO-3166-1,economy,False,matched_iso,NY.GDP.PCAP.KD,GDP per capita (constant 2015 US$),constant 2015 US$,2,World Development Indicators,2019,1564.208024456,2026-07-13,\N,1,1564.20802445636,2026-07-29T18:04:35Z
wdi2-2019-2021-372906f371e0391f,BGD,BD,BGD,Bangladesh,ISO-3166-1,economy,False,matched_iso,NY.GDP.PCAP.KD,GDP per capita (constant 2015 US$),constant 2015 US$,2,World Development Indicators,2020,1604.665923474,2026-07-13,\N,1,1604.6659234742,2026-07-29T18:04:35Z
wdi2-2019-2021-372906f371e0391f,BGD,BD,BGD,Bangladesh,ISO-3166-1,economy,False,matched_iso,NY.GDP.PCAP.KD,GDP per capita (constant 2015 US$),constant 2015 US$,2,World Development Indicators,2021,1702.080284142,2026-07-13,\N,1,1702.08028414189,2026-07-29T18:04:35Z
wdi2-2019-2021-372906f371e0391f,BGD,BD,BGD,Bangladesh,ISO-3166-1,economy,False,matched_iso,SH.XPD.CHEX.PP.CD,"Current health expenditure per capita, PPP (current international $)",current international $,2,World Development Indicators,2019,128.629979475,2026-07-13,\N,2,128.629979474583,2026-07-29T18:04:35Z
wdi2-2019-2021-372906f371e0391f,BGD,BD,BGD,Bangladesh,ISO-3166-1,economy,False,matched_iso,SH.XPD.CHEX.PP.CD,"Current health expenditure per capita, PPP (current international $)",current international $,2,World Development Indicators,2020,144.934011636,2026-07-13,\N,2,144.934011636458,2026-07-29T18:04:35Z
wdi2-2019-2021-372906f371e0391f,BGD,BD,BGD,Bangladesh,ISO-3166-1,economy,False,matched_iso,SH.XPD.CHEX.PP.CD,"Current health expenditure per capita, PPP (current international $)",current international $,2,World Development Indicators,2021,168.673210869,2026-07-13,\N,2,168.673210869,2026-07-29T18:04:35Z
wdi2-2019-2021-372906f371e0391f,BGD,BD,BGD,Bangladesh,ISO-3166-1,economy,False,matched_iso,SP.POP.65UP.TO.ZS,Population ages 65 and above (% of total population),% of total population,2,World Development Indicators,2019,5.662558371,2026-07-13,\N,0,5.66255837053046,2026-07-29T18:04:35Z
wdi2-2019-2021-372906f371e0391f,BGD,BD,BGD,Bangladesh,ISO-3166-1,economy,False,matched_iso,SP.POP.65UP.TO.ZS,Population ages 65 and above (% of total population),% of total population,2,World Development Indicators,2020,5.83513578,2026-07-13,\N,0,5.835135780086,2026-07-29T18:04:35Z
wdi2-2019-2021-372906f371e0391f,BGD,BD,BGD,Bangladesh,ISO-3166-1,economy,False,matched_iso,SP.POP.65UP.TO.ZS,Population ages 65 and above (% of total population),% of total population,2,World Development Indicators,2021,5.973813331,2026-07-13,\N,0,5.97381333056883,2026-07-29T18:04:35Z
wdi2-2019-2021-372906f371e0391f,BGD,BD,BGD,Bangladesh,ISO-3166-1,economy,False,matched_iso,SP.POP.TOTL,"Population, total",people,2,World Development Indicators,2019,164913055,2026-07-13,\N,0,164913055,2026-07-29T18:04:35Z
wdi2-2019-2021-372906f371e0391f,BGD,BD,BGD,Bangladesh,ISO-3166-1,economy,False,matched_iso,SP.POP.TOTL,"Population, total",people,2,World Development Indicators,2020,166298024,2026-07-13,\N,0,166298024,2026-07-29T18:04:35Z
wdi2-2019-2021-372906f371e0391f,BGD,BD,BGD,Bangladesh,ISO-3166-1,economy,False,matched_iso,SP.POP.TOTL,"Population, total",people,2,World Development Indicators,2021,167658854,2026-07-13,\N,0,167658854,2026-07-29T18:04:35Z
wdi2-2019-2021-372906f371e0391f,BGR,BG,BGR,Bulgaria,ISO-3166-1,economy,False,matched_iso,EN.POP.DNST,Population density (people per sq. km of land area),people per sq. km of land area,2,World Development Indicators,2019,60.949944731,2026-07-13,\N,0,60.9499447310243,2026-07-29T18:04:35Z
wdi2-2019-2021-372906f371e0391f,BGR,BG,BGR,Bulgaria,ISO-3166-1,economy,False,matched_iso,EN.POP.DNST,Population density (people per sq. km of land area),people per sq. km of land area,2,World Development Indicators,2020,60.341709654,2026-07-13,\N,0,60.3417096536478,2026-07-29T18:04:35Z
wdi2-2019-2021-372906f371e0391f,BGR,BG,BGR,Bulgaria,ISO-3166-1,economy,False,matched_iso,EN.POP.DNST,Population density (people per sq. km of land area),people per sq. km of land area,2,World Development Indicators,2021,59.941976787,2026-07-13,\N,0,59.9419767870302,2026-07-29T18:04:35Z
wdi2-2019-2021-372906f371e0391f,BGR,BG,BGR,Bulgaria,ISO-3166-1,economy,False,matched_iso,NY.GDP.PCAP.KD,GDP per capita (constant 2015 US$),constant 2015 US$,2,World Development Indicators,2019,8626.575026574,2026-07-13,\N,1,8626.5750265742,2026-07-29T18:04:35Z
wdi2-2019-2021-372906f371e0391f,BGR,BG,BGR,Bulgaria,ISO-3166-1,economy,False,matched_iso,NY.GDP.PCAP.KD,GDP per capita (constant 2015 US$),constant 2015 US$,2,World Development Indicators,2020,8440.514169646,2026-07-13,\N,1,8440.51416964556,2026-07-29T18:04:35Z
wdi2-2019-2021-372906f371e0391f,BGR,BG,BGR,Bulgaria,ISO-3166-1,economy,False,matched_iso,NY.GDP.PCAP.KD,GDP per capita (constant 2015 US$),constant 2015 US$,2,World Development Indicators,2021,9161.945417593,2026-07-13,\N,1,9161.94541759347,2026-07-29T18:04:35Z
wdi2-2019-2021-372906f371e0391f,BGR,BG,BGR,Bulgaria,ISO-3166-1,economy,False,matched_iso,SH.XPD.CHEX.PP.CD,"Current health expenditure per capita, PPP (current international $)",current international $,2,World Development Indicators,2019,1895.136293573,2026-07-13,\N,2,1895.13629357267,2026-07-29T18:04:35Z
wdi2-2019-2021-372906f371e0391f,BGR,BG,BGR,Bulgaria,ISO-3166-1,economy,False,matched_iso,SH.XPD.CHEX.PP.CD,"Current health expenditure per capita, PPP (current international $)",current international $,2,World Development Indicators,2020,2304.218316605,2026-07-13,\N,2,2304.21831660461,2026-07-29T18:04:35Z
wdi2-2019-2021-372906f371e0391f,BGR,BG,BGR,Bulgaria,ISO-3166-1,economy,False,matched_iso,SH.XPD.CHEX.PP.CD,"Current health expenditure per capita, PPP (current international $)",current international $,2,World Development Indicators,2021,2647.592538515,2026-07-13,\N,2,2647.59253851453,2026-07-29T18:04:35Z
wdi2-2019-2021-372906f371e0391f,BGR,BG,BGR,Bulgaria,ISO-3166-1,economy,False,matched_iso,SP.POP.65UP.TO.ZS,Population ages 65 and above (% of total population),% of total population,2,World Development Indicators,2019,21.479458944,2026-07-13,\N,0,21.4794589439076,2026-07-29T18:04:35Z
wdi2-2019-2021-372906f371e0391f,BGR,BG,BGR,Bulgaria,ISO-3166-1,economy,False,matched_iso,SP.POP.65UP.TO.ZS,Population ages 65 and above (% of total population),% of total population,2,World Development Indicators,2020,21.686789299,2026-07-13,\N,0,21.6867892994918,2026-07-29T18:04:35Z
wdi2-2019-2021-372906f371e0391f,BGR,BG,BGR,Bulgaria,ISO-3166-1,economy,False,matched_iso,SP.POP.65UP.TO.ZS,Population ages 65 and above (% of total population),% of total population,2,World Development Indicators,2021,21.703221743,2026-07-13,\N,0,21.7032217425472,2026-07-29T18:04:35Z
wdi2-2019-2021-372906f371e0391f,BGR,BG,BGR,Bulgaria,ISO-3166-1,economy,False,matched_iso,SP.POP.TOTL,"Population, total",people,2,World Development Indicators,2019,6616726,2026-07-13,\N,0,6616726,2026-07-29T18:04:35Z
wdi2-2019-2021-372906f371e0391f,BGR,BG,BGR,Bulgaria,ISO-3166-1,economy,False,matched_iso,SP.POP.TOTL,"Population, total",people,2,World Development Indicators,2020,6550696,2026-07-13,\N,0,6550696,2026-07-29T18:04:35Z
wdi2-2019-2021-372906f371e0391f,BGR,BG,BGR,Bulgaria,ISO-3166-1,economy,False,matched_iso,SP.POP.TOTL,"Population, total",people,2,World Development Indicators,2021,6507301,2026-07-13,\N,0,6507301,2026-07-29T18:04:35Z
wdi2-2019-2021-372906f371e0391f,BHR,BH,BHR,Bahrain,ISO-3166-1,economy,False,matched_iso,EN.POP.DNST,Population density (people per sq. km of land area),people per sq. km of land area,2,World Development Indicators,2019,1902.251282051,2026-07-13,\N,0,1902.25128205128,2026-07-29T18:04:35Z
wdi2-2019-2021-372906f371e0391f,BHR,BH,BHR,Bahrain,ISO-3166-1,economy,False,matched_iso,EN.POP.DNST,Population density (people per sq. km of land area),people per sq. km of land area,2,World Development Indicators,2020,1875.41910828,2026-07-13,\N,0,1875.41910828025,2026-07-29T18:04:35Z
wdi2-2019-2021-372906f371e0391f,BHR,BH,BHR,Bahrain,ISO-3166-1,economy,False,matched_iso,EN.POP.DNST,Population density (people per sq. km of land area),people per sq. km of land area,2,World Development Indicators,2021,1904.259493671,2026-07-13,\N,0,1904.25949367089,2026-07-29T18:04:35Z
wdi2-2019-2021-372906f371e0391f,BHR,BH,BHR,Bahrain,ISO-3166-1,economy,False,matched_iso,NY.GDP.PCAP.KD,GDP per capita (constant 2015 US$),constant 2015 US$,2,World Development Indicators,2019,24873.664006013,2026-07-13,\N,1,24873.6640060134,2026-07-29T18:04:35Z
wdi2-2019-2021-372906f371e0391f,BHR,BH,BHR,Bahrain,ISO-3166-1,economy,False,matched_iso,NY.GDP.PCAP.KD,GDP per capita (constant 2015 US$),constant 2015 US$,2,World Development Indicators,2020,23586.930958152,2026-07-13,\N,1,23586.9309581516,2026-07-29T18:04:35Z
wdi2-2019-2021-372906f371e0391f,BHR,BH,BHR,Bahrain,ISO-3166-1,economy,False,matched_iso,NY.GDP.PCAP.KD,GDP per capita (constant 2015 US$),constant 2015 US$,2,World Development Indicators,2021,24086.784780343,2026-07-13,\N,1,24086.7847803428,2026-07-29T18:04:35Z
wdi2-2019-2021-372906f371e0391f,BHR,BH,BHR,Bahrain,ISO-3166-1,economy,False,matched_iso,SH.XPD.CHEX.PP.CD,"Current health expenditure per capita, PPP (current international $)",current international $,2,World Development Indicators,2019,2139.140992655,2026-07-13,\N,2,2139.14099265495,2026-07-29T18:04:35Z
wdi2-2019-2021-372906f371e0391f,BHR,BH,BHR,Bahrain,ISO-3166-1,economy,False,matched_iso,SH.XPD.CHEX.PP.CD,"Current health expenditure per capita, PPP (current international $)",current international $,2,World Development Indicators,2020,2417.160709586,2026-07-13,\N,2,2417.16070958555,2026-07-29T18:04:35Z
wdi2-2019-2021-372906f371e0391f,BHR,BH,BHR,Bahrain,ISO-3166-1,economy,False,matched_iso,SH.XPD.CHEX.PP.CD,"Current health expenditure per capita, PPP (current international $)",current international $,2,World Development Indicators,2021,2382.413768643,2026-07-13,\N,2,2382.4137686434,2026-07-29T18:04:35Z
wdi2-2019-2021-372906f371e0391f,BHR,BH,BHR,Bahrain,ISO-3166-1,economy,False,matched_iso,SP.POP.65UP.TO.ZS,Population ages 65 and above (% of total population),% of total population,2,World Development Indicators,2019,3.004468353,2026-07-13,\N,0,3.00446835284136,2026-07-29T18:04:35Z
wdi2-2019-2021-372906f371e0391f,BHR,BH,BHR,Bahrain,ISO-3166-1,economy,False,matched_iso,SP.POP.65UP.TO.ZS,Population ages 65 and above (% of total population),% of total population,2,World Development Indicators,2020,3.278892465,2026-07-13,\N,0,3.27889246478774,2026-07-29T18:04:35Z
wdi2-2019-2021-372906f371e0391f,BHR,BH,BHR,Bahrain,ISO-3166-1,economy,False,matched_iso,SP.POP.65UP.TO.ZS,Population ages 65 and above (% of total population),% of total population,2,World Development Indicators,2021,3.464160635,2026-07-13,\N,0,3.46416063514661,2026-07-29T18:04:35Z
wdi2-2019-2021-372906f371e0391f,BHR,BH,BHR,Bahrain,ISO-3166-1,economy,False,matched_iso,SP.POP.TOTL,"Population, total",people,2,World Development Indicators,2019,1483756,2026-07-13,\N,0,1483756,2026-07-29T18:04:35Z
wdi2-2019-2021-372906f371e0391f,BHR,BH,BHR,Bahrain,ISO-3166-1,economy,False,matched_iso,SP.POP.TOTL,"Population, total",people,2,World Development Indicators,2020,1472204,2026-07-13,\N,0,1472204,2026-07-29T18:04:35Z
wdi2-2019-2021-372906f371e0391f,BHR,BH,BHR,Bahrain,ISO-3166-1,economy,False,matched_iso,SP.POP.TOTL,"Population, total",people,2,World Development Indicators,2021,1504365,2026-07-13,\N,0,1504365,2026-07-29T18:04:35Z
wdi2-2019-2021-372906f371e0391f,BHS,BS,BHS,"Bahamas, The",ISO-3166-1,economy,False,matched_iso,EN.POP.DNST,Population density (people per sq. km of land area),people per sq. km of land area,2,World Development Indicators,2019,39.428071928,2026-07-13,\N,0,39.4280719280719,2026-07-29T18:04:35Z
wdi2-2019-2021-372906f371e0391f,BHS,BS,BHS,"Bahamas, The",ISO-3166-1,economy,False,matched_iso,EN.POP.DNST,Population density (people per sq. km of land area),people per sq. km of land area,2,World Development Indicators,2020,39.546753247,2026-07-13,\N,0,39.5467532467532,2026-07-29T18:04:35Z
wdi2-2019-2021-372906f371e0391f,BHS,BS,BHS,"Bahamas, The",ISO-3166-1,economy,False,matched_iso,EN.POP.DNST,Population density (people per sq. km of land area),people per sq. km of land area,2,World Development Indicators,2021,39.597702298,2026-07-13,\N,0,39.5977022977023,2026-07-29T18:04:35Z
wdi2-2019-2021-372906f371e0391f,BHS,BS,BHS,"Bahamas, The",ISO-3166-1,economy,False,matched_iso,NY.GDP.PCAP.KD,GDP per capita (constant 2015 US$),constant 2015 US$,2,World Development Indicators,2019,31117.629913239,2026-07-13,\N,1,31117.6299132391,2026-07-29T18:04:35Z
wdi2-2019-2021-372906f371e0391f,BHS,BS,BHS,"Bahamas, The",ISO-3166-1,economy,False,matched_iso,NY.GDP.PCAP.KD,GDP per capita (constant 2015 US$),constant 2015 US$,2,World Development Indicators,2020,24791.670494511,2026-07-13,\N,1,24791.6704945106,2026-07-29T18:04:35Z
wdi2-2019-2021-372906f371e0391f,BHS,BS,BHS,"Bahamas, The",ISO-3166-1,economy,False,matched_iso,NY.GDP.PCAP.KD,GDP per capita (constant 2015 US$),constant 2015 US$,2,World Development Indicators,2021,29114.059772639,2026-07-13,\N,1,29114.0597726386,2026-07-29T18:04:35Z
wdi2-2019-2021-372906f371e0391f,BHS,BS,BHS,"Bahamas, The",ISO-3166-1,economy,False,matched_iso,SH.XPD.CHEX.PP.CD,"Current health expenditure per capita, PPP (current international $)",current international $,2,World Development Indicators,2019,2019.860466812,2026-07-13,\N,2,2019.86046681179,2026-07-29T18:04:35Z
wdi2-2019-2021-372906f371e0391f,BHS,BS,BHS,"Bahamas, The",ISO-3166-1,economy,False,matched_iso,SH.XPD.CHEX.PP.CD,"Current health expenditure per capita, PPP (current international $)",current international $,2,World Development Indicators,2020,1933.993606362,2026-07-13,\N,2,1933.99360636218,2026-07-29T18:04:35Z
wdi2-2019-2021-372906f371e0391f,BHS,BS,BHS,"Bahamas, The",ISO-3166-1,economy,False,matched_iso,SH.XPD.CHEX.PP.CD,"Current health expenditure per capita, PPP (current international $)",current international $,2,World Development Indicators,2021,1990.877573168,2026-07-13,\N,2,1990.87757316787,2026-07-29T18:04:35Z
wdi2-2019-2021-372906f371e0391f,BHS,BS,BHS,"Bahamas, The",ISO-3166-1,economy,False,matched_iso,SP.POP.65UP.TO.ZS,Population ages 65 and above (% of total population),% of total population,2,World Development Indicators,2019,10.824362861,2026-07-13,\N,0,10.8243628610412,2026-07-29T18:04:35Z
wdi2-2019-2021-372906f371e0391f,BHS,BS,BHS,"Bahamas, The",ISO-3166-1,economy,False,matched_iso,SP.POP.65UP.TO.ZS,Population ages 65 and above (% of total population),% of total population,2,World Development Indicators,2020,10.976412264,2026-07-13,\N,0,10.9764122643595,2026-07-29T18:04:35Z
wdi2-2019-2021-372906f371e0391f,BHS,BS,BHS,"Bahamas, The",ISO-3166-1,economy,False,matched_iso,SP.POP.65UP.TO.ZS,Population ages 65 and above (% of total population),% of total population,2,World Development Indicators,2021,11.091951268,2026-07-13,\N,0,11.0919512681237,2026-07-29T18:04:35Z
wdi2-2019-2021-372906f371e0391f,BHS,BS,BHS,"Bahamas, The",ISO-3166-1,economy,False,matched_iso,SP.POP.TOTL,"Population, total",people,2,World Development Indicators,2019,394675,2026-07-13,\N,0,394675,2026-07-29T18:04:35Z
wdi2-2019-2021-372906f371e0391f,BHS,BS,BHS,"Bahamas, The",ISO-3166-1,economy,False,matched_iso,SP.POP.TOTL,"Population, total",people,2,World Development Indicators,2020,395863,2026-07-13,\N,0,395863,2026-07-29T18:04:35Z
wdi2-2019-2021-372906f371e0391f,BHS,BS,BHS,"Bahamas, The",ISO-3166-1,economy,False,matched_iso,SP.POP.TOTL,"Population, total",people,2,World Development Indicators,2021,396373,2026-07-13,\N,0,396373,2026-07-29T18:04:35Z
wdi2-2019-2021-372906f371e0391f,BIH,BA,BIH,Bosnia and Herzegovina,ISO-3166-1,economy,False,matched_iso,EN.POP.DNST,Population density (people per sq. km of land area),people per sq. km of land area,2,World Development Indicators,2019,65.342441406,2026-07-13,\N,0,65.34244140625,2026-07-29T18:04:35Z
wdi2-2019-2021-372906f371e0391f,BIH,BA,BIH,Bosnia and Herzegovina,ISO-3166-1,economy,False,matched_iso,EN.POP.DNST,Population density (people per sq. km of land area),people per sq. km of land area,2,World Development Indicators,2020,64.440410156,2026-07-13,\N,0,64.44041015625,2026-07-29T18:04:35Z
wdi2-2019-2021-372906f371e0391f,BIH,BA,BIH,Bosnia and Herzegovina,ISO-3166-1,economy,False,matched_iso,EN.POP.DNST,Population density (people per sq. km of land area),people per sq. km of land area,2,World Development Indicators,2021,63.377089844,2026-07-13,\N,0,63.37708984375,2026-07-29T18:04:35Z
wdi2-2019-2021-372906f371e0391f,BIH,BA,BIH,Bosnia and Herzegovina,ISO-3166-1,economy,False,matched_iso,NY.GDP.PCAP.KD,GDP per capita (constant 2015 US$),constant 2015 US$,2,World Development Indicators,2019,5583.297212765,2026-07-13,\N,1,5583.29721276458,2026-07-29T18:04:35Z
wdi2-2019-2021-372906f371e0391f,BIH,BA,BIH,Bosnia and Herzegovina,ISO-3166-1,economy,False,matched_iso,NY.GDP.PCAP.KD,GDP per capita (constant 2015 US$),constant 2015 US$,2,World Development Indicators,2020,5490.753666351,2026-07-13,\N,1,5490.75366635139,2026-07-29T18:04:35Z
wdi2-2019-2021-372906f371e0391f,BIH,BA,BIH,Bosnia and Herzegovina,ISO-3166-1,economy,False,matched_iso,NY.GDP.PCAP.KD,GDP per capita (constant 2015 US$),constant 2015 US$,2,World Development Indicators,2021,5995.541975905,2026-07-13,\N,1,5995.54197590494,2026-07-29T18:04:35Z
wdi2-2019-2021-372906f371e0391f,BIH,BA,BIH,Bosnia and Herzegovina,ISO-3166-1,economy,False,matched_iso,SH.XPD.CHEX.PP.CD,"Current health expenditure per capita, PPP (current international $)",current international $,2,World Development Indicators,2019,1466.508288848,2026-07-13,\N,2,1466.50828884821,2026-07-29T18:04:35Z
wdi2-2019-2021-372906f371e0391f,BIH,BA,BIH,Bosnia and Herzegovina,ISO-3166-1,economy,False,matched_iso,SH.XPD.CHEX.PP.CD,"Current health expenditure per capita, PPP (current international $)",current international $,2,World Development Indicators,2020,1588.324689,2026-07-13,\N,2,1588.3246890005,2026-07-29T18:04:35Z
wdi2-2019-2021-372906f371e0391f,BIH,BA,BIH,Bosnia and Herzegovina,ISO-3166-1,economy,False,matched_iso,SH.XPD.CHEX.PP.CD,"Current health expenditure per capita, PPP (current international $)",current international $,2,World Development Indicators,2021,1770.639560893,2026-07-13,\N,2,1770.63956089257,2026-07-29T18:04:35Z
wdi2-2019-2021-372906f371e0391f,BIH,BA,BIH,Bosnia and Herzegovina,ISO-3166-1,economy,False,matched_iso,SP.POP.65UP.TO.ZS,Population ages 65 and above (% of total population),% of total population,2,World Development Indicators,2019,19.645688744,2026-07-13,\N,0,19.6456887437667,2026-07-29T18:04:35Z
wdi2-2019-2021-372906f371e0391f,BIH,BA,BIH,Bosnia and Herzegovina,ISO-3166-1,economy,False,matched_iso,SP.POP.65UP.TO.ZS,Population ages 65 and above (% of total population),% of total population,2,World Development Indicators,2020,20.242717542,2026-07-13,\N,0,20.2427175417457,2026-07-29T18:04:35Z
wdi2-2019-2021-372906f371e0391f,BIH,BA,BIH,Bosnia and Herzegovina,ISO-3166-1,economy,False,matched_iso,SP.POP.65UP.TO.ZS,Population ages 65 and above (% of total population),% of total population,2,World Development Indicators,2021,20.677692662,2026-07-13,\N,0,20.6776926615011,2026-07-29T18:04:35Z
wdi2-2019-2021-372906f371e0391f,BIH,BA,BIH,Bosnia and Herzegovina,ISO-3166-1,economy,False,matched_iso,SP.POP.TOTL,"Population, total",people,2,World Development Indicators,2019,3345533,2026-07-13,\N,0,3345533,2026-07-29T18:04:35Z
wdi2-2019-2021-372906f371e0391f,BIH,BA,BIH,Bosnia and Herzegovina,ISO-3166-1,economy,False,matched_iso,SP.POP.TOTL,"Population, total",people,2,World Development Indicators,2020,3299349,2026-07-13,\N,0,3299349,2026-07-29T18:04:35Z
wdi2-2019-2021-372906f371e0391f,BIH,BA,BIH,Bosnia and Herzegovina,ISO-3166-1,economy,False,matched_iso,SP.POP.TOTL,"Population, total",people,2,World Development Indicators,2021,3244907,2026-07-13,\N,0,3244907,2026-07-29T18:04:35Z
wdi2-2019-2021-372906f371e0391f,BLR,BY,BLR,Belarus,ISO-3166-1,economy,False,matched_iso,EN.POP.DNST,Population density (people per sq. km of land area),people per sq. km of land area,2,World Development Indicators,2019,46.410750622,2026-07-13,\N,0,46.4107506220284,2026-07-29T18:04:35Z
wdi2-2019-2021-372906f371e0391f,BLR,BY,BLR,Belarus,ISO-3166-1,economy,False,matched_iso,EN.POP.DNST,Population density (people per sq. km of land area),people per sq. km of land area,2,World Development Indicators,2020,46.211212927,2026-07-13,\N,0,46.211212927382,2026-07-29T18:04:35Z
wdi2-2019-2021-372906f371e0391f,BLR,BY,BLR,Belarus,ISO-3166-1,economy,False,matched_iso,EN.POP.DNST,Population density (people per sq. km of land area),people per sq. km of land area,2,World Development Indicators,2021,45.836831732,2026-07-13,\N,0,45.8368317319537,2026-07-29T18:04:35Z
wdi2-2019-2021-372906f371e0391f,BLR,BY,BLR,Belarus,ISO-3166-1,economy,False,matched_iso,NY.GDP.PCAP.KD,GDP per capita (constant 2015 US$),constant 2015 US$,2,World Development Indicators,2019,6267.735087435,2026-07-13,\N,1,6267.73508743505,2026-07-29T18:04:35Z
wdi2-2019-2021-372906f371e0391f,BLR,BY,BLR,Belarus,ISO-3166-1,economy,False,matched_iso,NY.GDP.PCAP.KD,GDP per capita (constant 2015 US$),constant 2015 US$,2,World Development Indicators,2020,6251.988989686,2026-07-13,\N,1,6251.98898968645,2026-07-29T18:04:35Z
wdi2-2019-2021-372906f371e0391f,BLR,BY,BLR,Belarus,ISO-3166-1,economy,False,matched_iso,NY.GDP.PCAP.KD,GDP per capita (constant 2015 US$),constant 2015 US$,2,World Development Indicators,2021,6457.730537063,2026-07-13,\N,1,6457.73053706343,2026-07-29T18:04:35Z
wdi2-2019-2021-372906f371e0391f,BLR,BY,BLR,Belarus,ISO-3166-1,economy,False,matched_iso,SH.XPD.CHEX.PP.CD,"Current health expenditure per capita, PPP (current international $)",current international $,2,World Development Indicators,2019,1305.0010986,2026-07-13,\N,2,1305.00109860036,2026-07-29T18:04:35Z
wdi2-2019-2021-372906f371e0391f,BLR,BY,BLR,Belarus,ISO-3166-1,economy,False,matched_iso,SH.XPD.CHEX.PP.CD,"Current health expenditure per capita, PPP (current international $)",current international $,2,World Development Indicators,2020,1598.282830216,2026-07-13,\N,2,1598.28283021619,2026-07-29T18:04:35Z
wdi2-2019-2021-372906f371e0391f,BLR,BY,BLR,Belarus,ISO-3166-1,economy,False,matched_iso,SH.XPD.CHEX.PP.CD,"Current health expenditure per capita, PPP (current international $)",current international $,2,World Development Indicators,2021,1784.449882823,2026-07-13,\N,2,1784.44988282305,2026-07-29T18:04:35Z
wdi2-2019-2021-372906f371e0391f,BLR,BY,BLR,Belarus,ISO-3166-1,economy,False,matched_iso,SP.POP.65UP.TO.ZS,Population ages 65 and above (% of total population),% of total population,2,World Development Indicators,2019,15.371945042,2026-07-13,\N,0,15.3719450417652,2026-07-29T18:04:35Z
wdi2-2019-2021-372906f371e0391f,BLR,BY,BLR,Belarus,ISO-3166-1,economy,False,matched_iso,SP.POP.65UP.TO.ZS,Population ages 65 and above (% of total population),% of total population,2,World Development Indicators,2020,15.733785808,2026-07-13,\N,0,15.7337858081494,2026-07-29T18:04:35Z
wdi2-2019-2021-372906f371e0391f,BLR,BY,BLR,Belarus,ISO-3166-1,economy,False,matched_iso,SP.POP.65UP.TO.ZS,Population ages 65 and above (% of total population),% of total population,2,World Development Indicators,2021,16.069769164,2026-07-13,\N,0,16.0697691637937,2026-07-29T18:04:35Z
wdi2-2019-2021-372906f371e0391f,BLR,BY,BLR,Belarus,ISO-3166-1,economy,False,matched_iso,SP.POP.TOTL,"Population, total",people,2,World Development Indicators,2019,9419758,2026-07-13,\N,0,9419758,2026-07-29T18:04:35Z
wdi2-2019-2021-372906f371e0391f,BLR,BY,BLR,Belarus,ISO-3166-1,economy,False,matched_iso,SP.POP.TOTL,"Population, total",people,2,World Development Indicators,2020,9379952,2026-07-13,\N,0,9379952,2026-07-29T18:04:35Z
wdi2-2019-2021-372906f371e0391f,BLR,BY,BLR,Belarus,ISO-3166-1,economy,False,matched_iso,SP.POP.TOTL,"Population, total",people,2,World Development Indicators,2021,9302585,2026-07-13,\N,0,9302585,2026-07-29T18:04:35Z
wdi2-2019-2021-372906f371e0391f,BLZ,BZ,BLZ,Belize,ISO-3166-1,economy,False,matched_iso,EN.POP.DNST,Population density (people per sq. km of land area),people per sq. km of land area,2,World Development Indicators,2019,16.914905743,2026-07-13,\N,0,16.9149057430951,2026-07-29T18:04:35Z
wdi2-2019-2021-372906f371e0391f,BLZ,BZ,BLZ,Belize,ISO-3166-1,economy,False,matched_iso,EN.POP.DNST,Population density (people per sq. km of land area),people per sq. km of land area,2,World Development Indicators,2020,17.13336256,2026-07-13,\N,0,17.1333625602806,2026-07-29T18:04:35Z
wdi2-2019-2021-372906f371e0391f,BLZ,BZ,BLZ,Belize,ISO-3166-1,economy,False,matched_iso,EN.POP.DNST,Population density (people per sq. km of land area),people per sq. km of land area,2,World Development Indicators,2021,17.332135028,2026-07-13,\N,0,17.3321350284963,2026-07-29T18:04:35Z
wdi2-2019-2021-372906f371e0391f,BLZ,BZ,BLZ,Belize,ISO-3166-1,economy,False,matched_iso,NY.GDP.PCAP.KD,GDP per capita (constant 2015 US$),constant 2015 US$,2,World Development Indicators,2019,5864.146118271,2026-07-13,\N,1,5864.14611827109,2026-07-29T18:04:35Z
wdi2-2019-2021-372906f371e0391f,BLZ,BZ,BLZ,Belize,ISO-3166-1,economy,False,matched_iso,NY.GDP.PCAP.KD,GDP per capita (constant 2015 US$),constant 2015 US$,2,World Development Indicators,2020,5006.484532769,2026-07-13,\N,1,5006.48453276935,2026-07-29T18:04:35Z
wdi2-2019-2021-372906f371e0391f,BLZ,BZ,BLZ,Belize,ISO-3166-1,economy,False,matched_iso,NY.GDP.PCAP.KD,GDP per capita (constant 2015 US$),constant 2015 US$,2,World Development Indicators,2021,5839.40157956,2026-07-13,\N,1,5839.40157956017,2026-07-29T18:04:35Z
wdi2-2019-2021-372906f371e0391f,BLZ,BZ,BLZ,Belize,ISO-3166-1,economy,False,matched_iso,SH.XPD.CHEX.PP.CD,"Current health expenditure per capita, PPP (current international $)",current international $,2,World Development Indicators,2019,507.240209725,2026-07-13,\N,2,507.240209724953,2026-07-29T18:04:35Z
wdi2-2019-2021-372906f371e0391f,BLZ,BZ,BLZ,Belize,ISO-3166-1,economy,False,matched_iso,SH.XPD.CHEX.PP.CD,"Current health expenditure per capita, PPP (current international $)",current international $,2,World Development Indicators,2020,513.545359562,2026-07-13,\N,2,513.545359562076,2026-07-29T18:04:35Z
wdi2-2019-2021-372906f371e0391f,BLZ,BZ,BLZ,Belize,ISO-3166-1,economy,False,matched_iso,SH.XPD.CHEX.PP.CD,"Current health expenditure per capita, PPP (current international $)",current international $,2,World Development Indicators,2021,589.229879362,2026-07-13,\N,2,589.229879362128,2026-07-29T18:04:35Z
wdi2-2019-2021-372906f371e0391f,BLZ,BZ,BLZ,Belize,ISO-3166-1,economy,False,matched_iso,SP.POP.65UP.TO.ZS,Population ages 65 and above (% of total population),% of total population,2,World Development Indicators,2019,4.375130401,2026-07-13,\N,0,4.37513040120157,2026-07-29T18:04:35Z
wdi2-2019-2021-372906f371e0391f,BLZ,BZ,BLZ,Belize,ISO-3166-1,economy,False,matched_iso,SP.POP.65UP.TO.ZS,Population ages 65 and above (% of total population),% of total population,2,World Development Indicators,2020,4.485538425,2026-07-13,\N,0,4.48553842453459,2026-07-29T18:04:35Z
wdi2-2019-2021-372906f371e0391f,BLZ,BZ,BLZ,Belize,ISO-3166-1,economy,False,matched_iso,SP.POP.65UP.TO.ZS,Population ages 65 and above (% of total population),% of total population,2,World Development Indicators,2021,4.598497773,2026-07-13,\N,0,4.59849777347213,2026-07-29T18:04:35Z
wdi2-2019-2021-372906f371e0391f,BLZ,BZ,BLZ,Belize,ISO-3166-1,economy,False,matched_iso,SP.POP.TOTL,"Population, total",people,2,World Development Indicators,2019,385829,2026-07-13,\N,0,385829,2026-07-29T18:04:35Z
wdi2-2019-2021-372906f371e0391f,BLZ,BZ,BLZ,Belize,ISO-3166-1,economy,False,matched_iso,SP.POP.TOTL,"Population, total",people,2,World Development Indicators,2020,390812,2026-07-13,\N,0,390812,2026-07-29T18:04:35Z
wdi2-2019-2021-372906f371e0391f,BLZ,BZ,BLZ,Belize,ISO-3166-1,economy,False,matched_iso,SP.POP.TOTL,"Population, total",people,2,World Development Indicators,2021,395346,2026-07-13,\N,0,395346,2026-07-29T18:04:35Z
wdi2-2019-2021-372906f371e0391f,BMU,BM,BMU,Bermuda,ISO-3166-1,economy,False,matched_iso,EN.POP.DNST,Population density (people per sq. km of land area),people per sq. km of land area,2,World Development Indicators,2019,1187.166666667,2026-07-13,\N,0,1187.16666666667,2026-07-29T18:04:35Z
wdi2-2019-2021-372906f371e0391f,BMU,BM,BMU,Bermuda,ISO-3166-1,economy,False,matched_iso,EN.POP.DNST,Population density (people per sq. km of land area),people per sq. km of land area,2,World Development Indicators,2020,1192.259259259,2026-07-13,\N,0,1192.25925925926,2026-07-29T18:04:35Z
wdi2-2019-2021-372906f371e0391f,BMU,BM,BMU,Bermuda,ISO-3166-1,economy,False,matched_iso,EN.POP.DNST,Population density (people per sq. km of land area),people per sq. km of land area,2,World Development Indicators,2021,1197.185185185,2026-07-13,\N,0,1197.18518518519,2026-07-29T18:04:35Z
wdi2-2019-2021-372906f371e0391f,BMU,BM,BMU,Bermuda,ISO-3166-1,economy,False,matched_iso,NY.GDP.PCAP.KD,GDP per capita (constant 2015 US$),constant 2015 US$,2,World Development Indicators,2019,106709.881238843,2026-07-13,\N,1,106709.881238843,2026-07-29T18:04:35Z
wdi2-2019-2021-372906f371e0391f,BMU,BM,BMU,Bermuda,ISO-3166-1,economy,False,matched_iso,NY.GDP.PCAP.KD,GDP per capita (constant 2015 US$),constant 2015 US$,2,World Development Indicators,2020,98846.445807964,2026-07-13,\N,1,98846.4458079644,2026-07-29T18:04:35Z
wdi2-2019-2021-372906f371e0391f,BMU,BM,BMU,Bermuda,ISO-3166-1,economy,False,matched_iso,NY.GDP.PCAP.KD,GDP per capita (constant 2015 US$),constant 2015 US$,2,World Development Indicators,2021,103130.365845318,2026-07-13,\N,1,103130.365845318,2026-07-29T18:04:35Z
wdi2-2019-2021-372906f371e0391f,BMU,BM,BMU,Bermuda,ISO-3166-1,economy,False,matched_iso,SH.XPD.CHEX.PP.CD,"Current health expenditure per capita, PPP (current international $)",current international $,2,World Development Indicators,2019,\N,2026-07-13,\N,2,\N,2026-07-29T18:04:35Z
wdi2-2019-2021-372906f371e0391f,BMU,BM,BMU,Bermuda,ISO-3166-1,economy,False,matched_iso,SH.XPD.CHEX.PP.CD,"Current health expenditure per capita, PPP (current international $)",current international $,2,World Development Indicators,2020,\N,2026-07-13,\N,2,\N,2026-07-29T18:04:35Z
wdi2-2019-2021-372906f371e0391f,BMU,BM,BMU,Bermuda,ISO-3166-1,economy,False,matched_iso,SH.XPD.CHEX.PP.CD,"Current health expenditure per capita, PPP (current international $)",current international $,2,World Development Indicators,2021,\N,2026-07-13,\N,2,\N,2026-07-29T18:04:35Z
wdi2-2019-2021-372906f371e0391f,BMU,BM,BMU,Bermuda,ISO-3166-1,economy,False,matched_iso,SP.POP.65UP.TO.ZS,Population ages 65 and above (% of total population),% of total population,2,World Development Indicators,2019,18.23279829,2026-07-13,\N,0,18.2327982903583,2026-07-29T18:04:35Z
wdi2-2019-2021-372906f371e0391f,BMU,BM,BMU,Bermuda,ISO-3166-1,economy,False,matched_iso,SP.POP.65UP.TO.ZS,Population ages 65 and above (% of total population),% of total population,2,World Development Indicators,2020,18.822807617,2026-07-13,\N,0,18.8228076170358,2026-07-29T18:04:35Z
wdi2-2019-2021-372906f371e0391f,BMU,BM,BMU,Bermuda,ISO-3166-1,economy,False,matched_iso,SP.POP.65UP.TO.ZS,Population ages 65 and above (% of total population),% of total population,2,World Development Indicators,2021,19.44453038,2026-07-13,\N,0,19.4445303799035,2026-07-29T18:04:35Z
wdi2-2019-2021-372906f371e0391f,BMU,BM,BMU,Bermuda,ISO-3166-1,economy,False,matched_iso,SP.POP.TOTL,"Population, total",people,2,World Development Indicators,2019,64107,2026-07-13,\N,0,64107,2026-07-29T18:04:35Z
wdi2-2019-2021-372906f371e0391f,BMU,BM,BMU,Bermuda,ISO-3166-1,economy,False,matched_iso,SP.POP.TOTL,"Population, total",people,2,World Development Indicators,2020,64382,2026-07-13,\N,0,64382,2026-07-29T18:04:35Z
wdi2-2019-2021-372906f371e0391f,BMU,BM,BMU,Bermuda,ISO-3166-1,economy,False,matched_iso,SP.POP.TOTL,"Population, total",people,2,World Development Indicators,2021,64648,2026-07-13,\N,0,64648,2026-07-29T18:04:35Z
wdi2-2019-2021-372906f371e0391f,BOL,BO,BOL,Bolivia,ISO-3166-1,economy,False,matched_iso,EN.POP.DNST,Population density (people per sq. km of land area),people per sq. km of land area,2,World Development Indicators,2019,10.773918582,2026-07-13,\N,0,10.7739185821102,2026-07-29T18:04:35Z
wdi2-2019-2021-372906f371e0391f,BOL,BO,BOL,Bolivia,ISO-3166-1,economy,False,matched_iso,EN.POP.DNST,Population density (people per sq. km of land area),people per sq. km of land area,2,World Development Indicators,2020,10.907688544,2026-07-13,\N,0,10.9076885442629,2026-07-29T18:04:35Z
wdi2-2019-2021-372906f371e0391f,BOL,BO,BOL,Bolivia,ISO-3166-1,economy,False,matched_iso,EN.POP.DNST,Population density (people per sq. km of land area),people per sq. km of land area,2,World Development Indicators,2021,11.019440598,2026-07-13,\N,0,11.0194405981723,2026-07-29T18:04:35Z
wdi2-2019-2021-372906f371e0391f,BOL,BO,BOL,Bolivia,ISO-3166-1,economy,False,matched_iso,NY.GDP.PCAP.KD,GDP per capita (constant 2015 US$),constant 2015 US$,2,World Development Indicators,2019,3207.386952311,2026-07-13,\N,1,3207.38695231128,2026-07-29T18:04:35Z
wdi2-2019-2021-372906f371e0391f,BOL,BO,BOL,Bolivia,ISO-3166-1,economy,False,matched_iso,NY.GDP.PCAP.KD,GDP per capita (constant 2015 US$),constant 2015 US$,2,World Development Indicators,2020,2765.092717886,2026-07-13,\N,1,2765.09271788602,2026-07-29T18:04:35Z
wdi2-2019-2021-372906f371e0391f,BOL,BO,BOL,Bolivia,ISO-3166-1,economy,False,matched_iso,NY.GDP.PCAP.KD,GDP per capita (constant 2015 US$),constant 2015 US$,2,World Development Indicators,2021,3011.551108253,2026-07-13,\N,1,3011.55110825301,2026-07-29T18:04:35Z
wdi2-2019-2021-372906f371e0391f,BOL,BO,BOL,Bolivia,ISO-3166-1,economy,False,matched_iso,SH.XPD.CHEX.PP.CD,"Current health expenditure per capita, PPP (current international $)",current international $,2,World Development Indicators,2019,631.930127875,2026-07-13,\N,2,631.930127874865,2026-07-29T18:04:35Z
wdi2-2019-2021-372906f371e0391f,BOL,BO,BOL,Bolivia,ISO-3166-1,economy,False,matched_iso,SH.XPD.CHEX.PP.CD,"Current health expenditure per capita, PPP (current international $)",current international $,2,World Development Indicators,2020,665.391554348,2026-07-13,\N,2,665.391554348415,2026-07-29T18:04:35Z
wdi2-2019-2021-372906f371e0391f,BOL,BO,BOL,Bolivia,ISO-3166-1,economy,False,matched_iso,SH.XPD.CHEX.PP.CD,"Current health expenditure per capita, PPP (current international $)",current international $,2,World Development Indicators,2021,771.477813152,2026-07-13,\N,2,771.477813151763,2026-07-29T18:04:35Z
wdi2-2019-2021-372906f371e0391f,BOL,BO,BOL,Bolivia,ISO-3166-1,economy,False,matched_iso,SP.POP.65UP.TO.ZS,Population ages 65 and above (% of total population),% of total population,2,World Development Indicators,2019,5.696375979,2026-07-13,\N,0,5.69637597867023,2026-07-29T18:04:35Z
wdi2-2019-2021-372906f371e0391f,BOL,BO,BOL,Bolivia,ISO-3166-1,economy,False,matched_iso,SP.POP.65UP.TO.ZS,Population ages 65 and above (% of total population),% of total population,2,World Development Indicators,2020,5.653597389,2026-07-13,\N,0,5.65359738892874,2026-07-29T18:04:35Z
wdi2-2019-2021-372906f371e0391f,BOL,BO,BOL,Bolivia,ISO-3166-1,economy,False,matched_iso,SP.POP.65UP.TO.ZS,Population ages 65 and above (% of total population),% of total population,2,World Development Indicators,2021,5.520764454,2026-07-13,\N,0,5.5207644538141,2026-07-29T18:04:35Z
wdi2-2019-2021-372906f371e0391f,BOL,BO,BOL,Bolivia,ISO-3166-1,economy,False,matched_iso,SP.POP.TOTL,"Population, total",people,2,World Development Indicators,2019,11671386,2026-07-13,\N,0,11671386,2026-07-29T18:04:35Z
wdi2-2019-2021-372906f371e0391f,BOL,BO,BOL,Bolivia,ISO-3166-1,economy,False,matched_iso,SP.POP.TOTL,"Population, total",people,2,World Development Indicators,2020,11816299,2026-07-13,\N,0,11816299,2026-07-29T18:04:35Z
wdi2-2019-2021-372906f371e0391f,BOL,BO,BOL,Bolivia,ISO-3166-1,economy,False,matched_iso,SP.POP.TOTL,"Population, total",people,2,World Development Indicators,2021,11937360,2026-07-13,\N,0,11937360,2026-07-29T18:04:35Z
wdi2-2019-2021-372906f371e0391f,BRA,BR,BRA,Brazil,ISO-3166-1,economy,False,matched_iso,EN.POP.DNST,Population density (people per sq. km of land area),people per sq. km of land area,2,World Development Indicators,2019,24.820768616,2026-07-13,\N,0,24.8207686159839,2026-07-29T18:04:35Z
wdi2-2019-2021-372906f371e0391f,BRA,BR,BRA,Brazil,ISO-3166-1,economy,False,matched_iso,EN.POP.DNST,Population density (people per sq. km of land area),people per sq. km of land area,2,World Development Indicators,2020,24.964985272,2026-07-13,\N,0,24.9649852718428,2026-07-29T18:04:35Z
wdi2-2019-2021-372906f371e0391f,BRA,BR,BRA,Brazil,ISO-3166-1,economy,False,matched_iso,EN.POP.DNST,Population density (people per sq. km of land area),people per sq. km of land area,2,World Development Indicators,2021,25.071402728,2026-07-13,\N,0,25.0714027283582,2026-07-29T18:04:35Z
wdi2-2019-2021-372906f371e0391f,BRA,BR,BRA,Brazil,ISO-3166-1,economy,False,matched_iso,NY.GDP.PCAP.KD,GDP per capita (constant 2015 US$),constant 2015 US$,2,World Development Indicators,2019,8771.440512922,2026-07-13,\N,1,8771.44051292177,2026-07-29T18:04:35Z
wdi2-2019-2021-372906f371e0391f,BRA,BR,BRA,Brazil,ISO-3166-1,economy,False,matched_iso,NY.GDP.PCAP.KD,GDP per capita (constant 2015 US$),constant 2015 US$,2,World Development Indicators,2020,8435.01143255,2026-07-13,\N,1,8435.01143254978,2026-07-29T18:04:35Z
wdi2-2019-2021-372906f371e0391f,BRA,BR,BRA,Brazil,ISO-3166-1,economy,False,matched_iso,NY.GDP.PCAP.KD,GDP per capita (constant 2015 US$),constant 2015 US$,2,World Development Indicators,2021,8799.229458109,2026-07-13,\N,1,8799.22945810901,2026-07-29T18:04:35Z
wdi2-2019-2021-372906f371e0391f,BRA,BR,BRA,Brazil,ISO-3166-1,economy,False,matched_iso,SH.XPD.CHEX.PP.CD,"Current health expenditure per capita, PPP (current international $)",current international $,2,World Development Indicators,2019,1545.033211447,2026-07-13,\N,2,1545.03321144692,2026-07-29T18:04:35Z
wdi2-2019-2021-372906f371e0391f,BRA,BR,BRA,Brazil,ISO-3166-1,economy,False,matched_iso,SH.XPD.CHEX.PP.CD,"Current health expenditure per capita, PPP (current international $)",current international $,2,World Development Indicators,2020,1549.501404175,2026-07-13,\N,2,1549.50140417499,2026-07-29T18:04:35Z
wdi2-2019-2021-372906f371e0391f,BRA,BR,BRA,Brazil,ISO-3166-1,economy,False,matched_iso,SH.XPD.CHEX.PP.CD,"Current health expenditure per capita, PPP (current international $)",current international $,2,World Development Indicators,2021,1741.859013346,2026-07-13,\N,2,1741.85901334616,2026-07-29T18:04:35Z
wdi2-2019-2021-372906f371e0391f,BRA,BR,BRA,Brazil,ISO-3166-1,economy,False,matched_iso,SP.POP.65UP.TO.ZS,Population ages 65 and above (% of total population),% of total population,2,World Development Indicators,2019,9.273074349,2026-07-13,\N,0,9.27307434876159,2026-07-29T18:04:35Z
wdi2-2019-2021-372906f371e0391f,BRA,BR,BRA,Brazil,ISO-3166-1,economy,False,matched_iso,SP.POP.65UP.TO.ZS,Population ages 65 and above (% of total population),% of total population,2,World Development Indicators,2020,9.598664876,2026-07-13,\N,0,9.59866487647293,2026-07-29T18:04:35Z
wdi2-2019-2021-372906f371e0391f,BRA,BR,BRA,Brazil,ISO-3166-1,economy,False,matched_iso,SP.POP.65UP.TO.ZS,Population ages 65 and above (% of total population),% of total population,2,World Development Indicators,2021,9.91109991,2026-07-13,\N,0,9.91109990998152,2026-07-29T18:04:35Z
wdi2-2019-2021-372906f371e0391f,BRA,BR,BRA,Brazil,ISO-3166-1,economy,False,matched_iso,SP.POP.TOTL,"Population, total",people,2,World Development Indicators,2019,207455459,2026-07-13,\N,0,207455459,2026-07-29T18:04:35Z
wdi2-2019-2021-372906f371e0391f,BRA,BR,BRA,Brazil,ISO-3166-1,economy,False,matched_iso,SP.POP.TOTL,"Population, total",people,2,World Development Indicators,2020,208660842,2026-07-13,\N,0,208660842,2026-07-29T18:04:35Z
wdi2-2019-2021-372906f371e0391f,BRA,BR,BRA,Brazil,ISO-3166-1,economy,False,matched_iso,SP.POP.TOTL,"Population, total",people,2,World Development Indicators,2021,209550294,2026-07-13,\N,0,209550294,2026-07-29T18:04:35Z
wdi2-2019-2021-372906f371e0391f,BRB,BB,BRB,Barbados,ISO-3166-1,economy,False,matched_iso,EN.POP.DNST,Population density (people per sq. km of land area),people per sq. km of land area,2,World Development Indicators,2019,653.969767442,2026-07-13,\N,0,653.96976744186,2026-07-29T18:04:35Z
wdi2-2019-2021-372906f371e0391f,BRB,BB,BRB,Barbados,ISO-3166-1,economy,False,matched_iso,EN.POP.DNST,Population density (people per sq. km of land area),people per sq. km of land area,2,World Development Indicators,2020,655.111627907,2026-07-13,\N,0,655.111627906977,2026-07-29T18:04:35Z
wdi2-2019-2021-372906f371e0391f,BRB,BB,BRB,Barbados,ISO-3166-1,economy,False,matched_iso,EN.POP.DNST,Population density (people per sq. km of land area),people per sq. km of land area,2,World Development Indicators,2021,656.155813953,2026-07-13,\N,0,656.155813953488,2026-07-29T18:04:35Z
wdi2-2019-2021-372906f371e0391f,BRB,BB,BRB,Barbados,ISO-3166-1,economy,False,matched_iso,NY.GDP.PCAP.KD,GDP per capita (constant 2015 US$),constant 2015 US$,2,World Development Indicators,2019,20687.646742791,2026-07-13,\N,1,20687.6467427909,2026-07-29T18:04:35Z
wdi2-2019-2021-372906f371e0391f,BRB,BB,BRB,Barbados,ISO-3166-1,economy,False,matched_iso,NY.GDP.PCAP.KD,GDP per capita (constant 2015 US$),constant 2015 US$,2,World Development Indicators,2020,17056.986866978,2026-07-13,\N,1,17056.9868669781,2026-07-29T18:04:35Z
wdi2-2019-2021-372906f371e0391f,BRB,BB,BRB,Barbados,ISO-3166-1,economy,False,matched_iso,NY.GDP.PCAP.KD,GDP per capita (constant 2015 US$),constant 2015 US$,2,World Development Indicators,2021,18395.615362207,2026-07-13,\N,1,18395.6153622073,2026-07-29T18:04:35Z
wdi2-2019-2021-372906f371e0391f,BRB,BB,BRB,Barbados,ISO-3166-1,economy,False,matched_iso,SH.XPD.CHEX.PP.CD,"Current health expenditure per capita, PPP (current international $)",current international $,2,World Development Indicators,2019,1064.644579712,2026-07-13,\N,2,1064.64457971157,2026-07-29T18:04:35Z
wdi2-2019-2021-372906f371e0391f,BRB,BB,BRB,Barbados,ISO-3166-1,economy,False,matched_iso,SH.XPD.CHEX.PP.CD,"Current health expenditure per capita, PPP (current international $)",current international $,2,World Development Indicators,2020,1064.59134441,2026-07-13,\N,2,1064.59134440989,2026-07-29T18:04:35Z
wdi2-2019-2021-372906f371e0391f,BRB,BB,BRB,Barbados,ISO-3166-1,economy,False,matched_iso,SH.XPD.CHEX.PP.CD,"Current health expenditure per capita, PPP (current international $)",current international $,2,World Development Indicators,2021,1167.264950086,2026-07-13,\N,2,1167.26495008583,2026-07-29T18:04:35Z
wdi2-2019-2021-372906f371e0391f,BRB,BB,BRB,Barbados,ISO-3166-1,economy,False,matched_iso,SP.POP.65UP.TO.ZS,Population ages 65 and above (% of total population),% of total population,2,World Development Indicators,2019,14.295671346,2026-07-13,\N,0,14.2956713458923,2026-07-29T18:04:35Z
wdi2-2019-2021-372906f371e0391f,BRB,BB,BRB,Barbados,ISO-3166-1,economy,False,matched_iso,SP.POP.65UP.TO.ZS,Population ages 65 and above (% of total population),% of total population,2,World Development Indicators,2020,14.77096039,2026-07-13,\N,0,14.7709603902051,2026-07-29T18:04:35Z
wdi2-2019-2021-372906f371e0391f,BRB,BB,BRB,Barbados,ISO-3166-1,economy,False,matched_iso,SP.POP.65UP.TO.ZS,Population ages 65 and above (% of total population),% of total population,2,World Development Indicators,2021,15.262106742,2026-07-13,\N,0,15.2621067424193,2026-07-29T18:04:35Z
wdi2-2019-2021-372906f371e0391f,BRB,BB,BRB,Barbados,ISO-3166-1,economy,False,matched_iso,SP.POP.TOTL,"Population, total",people,2,World Development Indicators,2019,281207,2026-07-13,\N,0,281207,2026-07-29T18:04:35Z
wdi2-2019-2021-372906f371e0391f,BRB,BB,BRB,Barbados,ISO-3166-1,economy,False,matched_iso,SP.POP.TOTL,"Population, total",people,2,World Development Indicators,2020,281698,2026-07-13,\N,0,281698,2026-07-29T18:04:35Z
wdi2-2019-2021-372906f371e0391f,BRB,BB,BRB,Barbados,ISO-3166-1,economy,False,matched_iso,SP.POP.TOTL,"Population, total",people,2,World Development Indicators,2021,282147,2026-07-13,\N,0,282147,2026-07-29T18:04:35Z
wdi2-2019-2021-372906f371e0391f,BRN,BN,BRN,Brunei Darussalam,ISO-3166-1,economy,False,matched_iso,EN.POP.DNST,Population density (people per sq. km of land area),people per sq. km of land area,2,World Development Indicators,2019,84,2026-07-13,\N,0,84,2026-07-29T18:04:35Z
wdi2-2019-2021-372906f371e0391f,BRN,BN,BRN,Brunei Darussalam,ISO-3166-1,economy,False,matched_iso,EN.POP.DNST,Population density (people per sq. km of land area),people per sq. km of land area,2,World Development Indicators,2020,84.896394687,2026-07-13,\N,0,84.896394686907,2026-07-29T18:04:35Z
wdi2-2019-2021-372906f371e0391f,BRN,BN,BRN,Brunei Darussalam,ISO-3166-1,economy,False,matched_iso,EN.POP.DNST,Population density (people per sq. km of land area),people per sq. km of land area,2,World Development Indicators,2021,85.715559772,2026-07-13,\N,0,85.715559772296,2026-07-29T18:04:35Z
wdi2-2019-2021-372906f371e0391f,BRN,BN,BRN,Brunei Darussalam,ISO-3166-1,economy,False,matched_iso,NY.GDP.PCAP.KD,GDP per capita (constant 2015 US$),constant 2015 US$,2,World Development Indicators,2019,29996.240722318,2026-07-13,\N,1,29996.2407223175,2026-07-29T18:04:35Z
wdi2-2019-2021-372906f371e0391f,BRN,BN,BRN,Brunei Darussalam,ISO-3166-1,economy,False,matched_iso,NY.GDP.PCAP.KD,GDP per capita (constant 2015 US$),constant 2015 US$,2,World Development Indicators,2020,30015.95885067,2026-07-13,\N,1,30015.9588506697,2026-07-29T18:04:35Z
wdi2-2019-2021-372906f371e0391f,BRN,BN,BRN,Brunei Darussalam,ISO-3166-1,economy,False,matched_iso,NY.GDP.PCAP.KD,GDP per capita (constant 2015 US$),constant 2015 US$,2,World Development Indicators,2021,29256.183367834,2026-07-13,\N,1,29256.1833678343,2026-07-29T18:04:35Z
wdi2-2019-2021-372906f371e0391f,BRN,BN,BRN,Brunei Darussalam,ISO-3166-1,economy,False,matched_iso,SH.XPD.CHEX.PP.CD,"Current health expenditure per capita, PPP (current international $)",current international $,2,World Development Indicators,2019,1547.28693124,2026-07-13,\N,2,1547.28693124019,2026-07-29T18:04:35Z
wdi2-2019-2021-372906f371e0391f,BRN,BN,BRN,Brunei Darussalam,ISO-3166-1,economy,False,matched_iso,SH.XPD.CHEX.PP.CD,"Current health expenditure per capita, PPP (current international $)",current international $,2,World Development Indicators,2020,1712.271165496,2026-07-13,\N,2,1712.27116549579,2026-07-29T18:04:35Z
wdi2-2019-2021-372906f371e0391f,BRN,BN,BRN,Brunei Darussalam,ISO-3166-1,economy,False,matched_iso,SH.XPD.CHEX.PP.CD,"Current health expenditure per capita, PPP (current international $)",current international $,2,World Development Indicators,2021,1680.382120033,2026-07-13,\N,2,1680.38212003253,2026-07-29T18:04:35Z
wdi2-2019-2021-372906f371e0391f,BRN,BN,BRN,Brunei Darussalam,ISO-3166-1,economy,False,matched_iso,SP.POP.65UP.TO.ZS,Population ages 65 and above (% of total population),% of total population,2,World Development Indicators,2019,5.288357278,2026-07-13,\N,0,5.28835727839523,2026-07-29T18:04:35Z
wdi2-2019-2021-372906f371e0391f,BRN,BN,BRN,Brunei Darussalam,ISO-3166-1,economy,False,matched_iso,SP.POP.65UP.TO.ZS,Population ages 65 and above (% of total population),% of total population,2,World Development Indicators,2020,5.613501012,2026-07-13,\N,0,5.61350101195006,2026-07-29T18:04:35Z
wdi2-2019-2021-372906f371e0391f,BRN,BN,BRN,Brunei Darussalam,ISO-3166-1,economy,False,matched_iso,SP.POP.65UP.TO.ZS,Population ages 65 and above (% of total population),% of total population,2,World Development Indicators,2021,5.923020983,2026-07-13,\N,0,5.92302098310792,2026-07-29T18:04:35Z
wdi2-2019-2021-372906f371e0391f,BRN,BN,BRN,Brunei Darussalam,ISO-3166-1,economy,False,matched_iso,SP.POP.TOTL,"Population, total",people,2,World Development Indicators,2019,442680,2026-07-13,\N,0,442680,2026-07-29T18:04:35Z
wdi2-2019-2021-372906f371e0391f,BRN,BN,BRN,Brunei Darussalam,ISO-3166-1,economy,False,matched_iso,SP.POP.TOTL,"Population, total",people,2,World Development Indicators,2020,447404,2026-07-13,\N,0,447404,2026-07-29T18:04:35Z
wdi2-2019-2021-372906f371e0391f,BRN,BN,BRN,Brunei Darussalam,ISO-3166-1,economy,False,matched_iso,SP.POP.TOTL,"Population, total",people,2,World Development Indicators,2021,451721,2026-07-13,\N,0,451721,2026-07-29T18:04:35Z
wdi2-2019-2021-372906f371e0391f,BTN,BT,BTN,Bhutan,ISO-3166-1,economy,False,matched_iso,EN.POP.DNST,Population density (people per sq. km of land area),people per sq. km of land area,2,World Development Indicators,2019,20.053067646,2026-07-13,\N,0,20.0530676455165,2026-07-29T18:04:35Z
wdi2-2019-2021-372906f371e0391f,BTN,BT,BTN,Bhutan,ISO-3166-1,economy,False,matched_iso,EN.POP.DNST,Population density (people per sq. km of land area),people per sq. km of land area,2,World Development Indicators,2020,20.188935501,2026-07-13,\N,0,20.1889355007866,2026-07-29T18:04:35Z
wdi2-2019-2021-372906f371e0391f,BTN,BT,BTN,Bhutan,ISO-3166-1,economy,False,matched_iso,EN.POP.DNST,Population density (people per sq. km of land area),people per sq. km of land area,2,World Development Indicators,2021,20.331463031,2026-07-13,\N,0,20.3314630309386,2026-07-29T18:04:35Z
wdi2-2019-2021-372906f371e0391f,BTN,BT,BTN,Bhutan,ISO-3166-1,economy,False,matched_iso,NY.GDP.PCAP.KD,GDP per capita (constant 2015 US$),constant 2015 US$,2,World Development Indicators,2019,3467.385989794,2026-07-13,\N,1,3467.38598979356,2026-07-29T18:04:35Z
wdi2-2019-2021-372906f371e0391f,BTN,BT,BTN,Bhutan,ISO-3166-1,economy,False,matched_iso,NY.GDP.PCAP.KD,GDP per capita (constant 2015 US$),constant 2015 US$,2,World Development Indicators,2020,3092.124283994,2026-07-13,\N,1,3092.12428399363,2026-07-29T18:04:35Z
wdi2-2019-2021-372906f371e0391f,BTN,BT,BTN,Bhutan,ISO-3166-1,economy,False,matched_iso,NY.GDP.PCAP.KD,GDP per capita (constant 2015 US$),constant 2015 US$,2,World Development Indicators,2021,3206.203669973,2026-07-13,\N,1,3206.20366997254,2026-07-29T18:04:35Z
wdi2-2019-2021-372906f371e0391f,BTN,BT,BTN,Bhutan,ISO-3166-1,economy,False,matched_iso,SH.XPD.CHEX.PP.CD,"Current health expenditure per capita, PPP (current international $)",current international $,2,World Development Indicators,2019,417.631234872,2026-07-13,\N,2,417.631234872107,2026-07-29T18:04:35Z
wdi2-2019-2021-372906f371e0391f,BTN,BT,BTN,Bhutan,ISO-3166-1,economy,False,matched_iso,SH.XPD.CHEX.PP.CD,"Current health expenditure per capita, PPP (current international $)",current international $,2,World Development Indicators,2020,524.292575542,2026-07-13,\N,2,524.292575542293,2026-07-29T18:04:35Z
wdi2-2019-2021-372906f371e0391f,BTN,BT,BTN,Bhutan,ISO-3166-1,economy,False,matched_iso,SH.XPD.CHEX.PP.CD,"Current health expenditure per capita, PPP (current international $)",current international $,2,World Development Indicators,2021,608.619077871,2026-07-13,\N,2,608.619077870764,2026-07-29T18:04:35Z
wdi2-2019-2021-372906f371e0391f,BTN,BT,BTN,Bhutan,ISO-3166-1,economy,False,matched_iso,SP.POP.65UP.TO.ZS,Population ages 65 and above (% of total population),% of total population,2,World Development Indicators,2019,5.927965127,2026-07-13,\N,0,5.92796512661737,2026-07-29T18:04:35Z
wdi2-2019-2021-372906f371e0391f,BTN,BT,BTN,Bhutan,ISO-3166-1,economy,False,matched_iso,SP.POP.65UP.TO.ZS,Population ages 65 and above (% of total population),% of total population,2,World Development Indicators,2020,6.018005055,2026-07-13,\N,0,6.01800505450607,2026-07-29T18:04:35Z
wdi2-2019-2021-372906f371e0391f,BTN,BT,BTN,Bhutan,ISO-3166-1,economy,False,matched_iso,SP.POP.65UP.TO.ZS,Population ages 65 and above (% of total population),% of total population,2,World Development Indicators,2021,6.126638824,2026-07-13,\N,0,6.12663882446322,2026-07-29T18:04:35Z
wdi2-2019-2021-372906f371e0391f,BTN,BT,BTN,Bhutan,ISO-3166-1,economy,False,matched_iso,SP.POP.TOTL,"Population, total",people,2,World Development Indicators,2019,764824,2026-07-13,\N,0,764824,2026-07-29T18:04:35Z
wdi2-2019-2021-372906f371e0391f,BTN,BT,BTN,Bhutan,ISO-3166-1,economy,False,matched_iso,SP.POP.TOTL,"Population, total",people,2,World Development Indicators,2020,770006,2026-07-13,\N,0,770006,2026-07-29T18:04:35Z
wdi2-2019-2021-372906f371e0391f,BTN,BT,BTN,Bhutan,ISO-3166-1,economy,False,matched_iso,SP.POP.TOTL,"Population, total",people,2,World Development Indicators,2021,775442,2026-07-13,\N,0,775442,2026-07-29T18:04:35Z
wdi2-2019-2021-372906f371e0391f,BWA,BW,BWA,Botswana,ISO-3166-1,economy,False,matched_iso,EN.POP.DNST,Population density (people per sq. km of land area),people per sq. km of land area,2,World Development Indicators,2019,4.114980679,2026-07-13,\N,0,4.11498067863004,2026-07-29T18:04:35Z
wdi2-2019-2021-372906f371e0391f,BWA,BW,BWA,Botswana,ISO-3166-1,economy,False,matched_iso,EN.POP.DNST,Population density (people per sq. km of land area),people per sq. km of land area,2,World Development Indicators,2020,4.174640481,2026-07-13,\N,0,4.17464048135797,2026-07-29T18:04:35Z
wdi2-2019-2021-372906f371e0391f,BWA,BW,BWA,Botswana,ISO-3166-1,economy,False,matched_iso,EN.POP.DNST,Population density (people per sq. km of land area),people per sq. km of land area,2,World Development Indicators,2021,4.237363471,2026-07-13,\N,0,4.23736347114146,2026-07-29T18:04:35Z
wdi2-2019-2021-372906f371e0391f,BWA,BW,BWA,Botswana,ISO-3166-1,economy,False,matched_iso,NY.GDP.PCAP.KD,GDP per capita (constant 2015 US$),constant 2015 US$,2,World Development Indicators,2019,6951.731890511,2026-07-13,\N,1,6951.73189051146,2026-07-29T18:04:35Z
wdi2-2019-2021-372906f371e0391f,BWA,BW,BWA,Botswana,ISO-3166-1,economy,False,matched_iso,NY.GDP.PCAP.KD,GDP per capita (constant 2015 US$),constant 2015 US$,2,World Development Indicators,2020,6254.248062411,2026-07-13,\N,1,6254.24806241091,2026-07-29T18:04:35Z
wdi2-2019-2021-372906f371e0391f,BWA,BW,BWA,Botswana,ISO-3166-1,economy,False,matched_iso,NY.GDP.PCAP.KD,GDP per capita (constant 2015 US$),constant 2015 US$,2,World Development Indicators,2021,6895.911849431,2026-07-13,\N,1,6895.91184943107,2026-07-29T18:04:35Z
wdi2-2019-2021-372906f371e0391f,BWA,BW,BWA,Botswana,ISO-3166-1,economy,False,matched_iso,SH.XPD.CHEX.PP.CD,"Current health expenditure per capita, PPP (current international $)",current international $,2,World Development Indicators,2019,975.314441196,2026-07-13,\N,2,975.314441195716,2026-07-29T18:04:35Z
wdi2-2019-2021-372906f371e0391f,BWA,BW,BWA,Botswana,ISO-3166-1,economy,False,matched_iso,SH.XPD.CHEX.PP.CD,"Current health expenditure per capita, PPP (current international $)",current international $,2,World Development Indicators,2020,934.200364211,2026-07-13,\N,2,934.200364210782,2026-07-29T18:04:35Z
wdi2-2019-2021-372906f371e0391f,BWA,BW,BWA,Botswana,ISO-3166-1,economy,False,matched_iso,SH.XPD.CHEX.PP.CD,"Current health expenditure per capita, PPP (current international $)",current international $,2,World Development Indicators,2021,1132.084953414,2026-07-13,\N,2,1132.08495341359,2026-07-29T18:04:35Z
wdi2-2019-2021-372906f371e0391f,BWA,BW,BWA,Botswana,ISO-3166-1,economy,False,matched_iso,SP.POP.65UP.TO.ZS,Population ages 65 and above (% of total population),% of total population,2,World Development Indicators,2019,3.845553524,2026-07-13,\N,0,3.84555352446718,2026-07-29T18:04:35Z
wdi2-2019-2021-372906f371e0391f,BWA,BW,BWA,Botswana,ISO-3166-1,economy,False,matched_iso,SP.POP.65UP.TO.ZS,Population ages 65 and above (% of total population),% of total population,2,World Development Indicators,2020,3.890454072,2026-07-13,\N,0,3.89045407158014,2026-07-29T18:04:35Z
wdi2-2019-2021-372906f371e0391f,BWA,BW,BWA,Botswana,ISO-3166-1,economy,False,matched_iso,SP.POP.65UP.TO.ZS,Population ages 65 and above (% of total population),% of total population,2,World Development Indicators,2021,3.869031941,2026-07-13,\N,0,3.86903194145347,2026-07-29T18:04:35Z
wdi2-2019-2021-372906f371e0391f,BWA,BW,BWA,Botswana,ISO-3166-1,economy,False,matched_iso,SP.POP.TOTL,"Population, total",people,2,World Development Indicators,2019,2332083,2026-07-13,\N,0,2332083,2026-07-29T18:04:35Z
wdi2-2019-2021-372906f371e0391f,BWA,BW,BWA,Botswana,ISO-3166-1,economy,False,matched_iso,SP.POP.TOTL,"Population, total",people,2,World Development Indicators,2020,2365894,2026-07-13,\N,0,2365894,2026-07-29T18:04:35Z
wdi2-2019-2021-372906f371e0391f,BWA,BW,BWA,Botswana,ISO-3166-1,economy,False,matched_iso,SP.POP.TOTL,"Population, total",people,2,World Development Indicators,2021,2401441,2026-07-13,\N,0,2401441,2026-07-29T18:04:35Z
wdi2-2019-2021-372906f371e0391f,CAF,CF,CAF,Central African Republic,ISO-3166-1,economy,False,matched_iso,EN.POP.DNST,Population density (people per sq. km of land area),people per sq. km of land area,2,World Development Indicators,2019,7.937177759,2026-07-13,\N,0,7.93717775851552,2026-07-29T18:04:35Z
wdi2-2019-2021-372906f371e0391f,CAF,CF,CAF,Central African Republic,ISO-3166-1,economy,False,matched_iso,EN.POP.DNST,Population density (people per sq. km of land area),people per sq. km of land area,2,World Development Indicators,2020,8.068682783,2026-07-13,\N,0,8.06868278275386,2026-07-29T18:04:35Z
wdi2-2019-2021-372906f371e0391f,CAF,CF,CAF,Central African Republic,ISO-3166-1,economy,False,matched_iso,EN.POP.DNST,Population density (people per sq. km of land area),people per sq. km of land area,2,World Development Indicators,2021,8.205881409,2026-07-13,\N,0,8.20588140871296,2026-07-29T18:04:35Z
wdi2-2019-2021-372906f371e0391f,CAF,CF,CAF,Central African Republic,ISO-3166-1,economy,False,matched_iso,NY.GDP.PCAP.KD,GDP per capita (constant 2015 US$),constant 2015 US$,2,World Development Indicators,2019,401.825821614,2026-07-13,\N,1,401.82582161435,2026-07-29T18:04:35Z
wdi2-2019-2021-372906f371e0391f,CAF,CF,CAF,Central African Republic,ISO-3166-1,economy,False,matched_iso,NY.GDP.PCAP.KD,GDP per capita (constant 2015 US$),constant 2015 US$,2,World Development Indicators,2020,398.834274122,2026-07-13,\N,1,398.834274122139,2026-07-29T18:04:35Z
wdi2-2019-2021-372906f371e0391f,CAF,CF,CAF,Central African Republic,ISO-3166-1,economy,False,matched_iso,NY.GDP.PCAP.KD,GDP per capita (constant 2015 US$),constant 2015 US$,2,World Development Indicators,2021,396.020622932,2026-07-13,\N,1,396.020622931961,2026-07-29T18:04:35Z
wdi2-2019-2021-372906f371e0391f,CAF,CF,CAF,Central African Republic,ISO-3166-1,economy,False,matched_iso,SH.XPD.CHEX.PP.CD,"Current health expenditure per capita, PPP (current international $)",current international $,2,World Development Indicators,2019,78.398785139,2026-07-13,\N,2,78.3987851394366,2026-07-29T18:04:35Z
wdi2-2019-2021-372906f371e0391f,CAF,CF,CAF,Central African Republic,ISO-3166-1,economy,False,matched_iso,SH.XPD.CHEX.PP.CD,"Current health expenditure per capita, PPP (current international $)",current international $,2,World Development Indicators,2020,98.213615144,2026-07-13,\N,2,98.2136151438833,2026-07-29T18:04:35Z
wdi2-2019-2021-372906f371e0391f,CAF,CF,CAF,Central African Republic,ISO-3166-1,economy,False,matched_iso,SH.XPD.CHEX.PP.CD,"Current health expenditure per capita, PPP (current international $)",current international $,2,World Development Indicators,2021,106.032671074,2026-07-13,\N,2,106.032671074219,2026-07-29T18:04:35Z
wdi2-2019-2021-372906f371e0391f,CAF,CF,CAF,Central African Republic,ISO-3166-1,economy,False,matched_iso,SP.POP.65UP.TO.ZS,Population ages 65 and above (% of total population),% of total population,2,World Development Indicators,2019,2.188553874,2026-07-13,\N,0,2.18855387385715,2026-07-29T18:04:35Z
wdi2-2019-2021-372906f371e0391f,CAF,CF,CAF,Central African Republic,ISO-3166-1,economy,False,matched_iso,SP.POP.65UP.TO.ZS,Population ages 65 and above (% of total population),% of total population,2,World Development Indicators,2020,2.200620157,2026-07-13,\N,0,2.20062015722865,2026-07-29T18:04:35Z
wdi2-2019-2021-372906f371e0391f,CAF,CF,CAF,Central African Republic,ISO-3166-1,economy,False,matched_iso,SP.POP.65UP.TO.ZS,Population ages 65 and above (% of total population),% of total population,2,World Development Indicators,2021,2.221767962,2026-07-13,\N,0,2.22176796228556,2026-07-29T18:04:35Z
wdi2-2019-2021-372906f371e0391f,CAF,CF,CAF,Central African Republic,ISO-3166-1,economy,False,matched_iso,SP.POP.TOTL,"Population, total",people,2,World Development Indicators,2019,4944703,2026-07-13,\N,0,4944703,2026-07-29T18:04:35Z
wdi2-2019-2021-372906f371e0391f,CAF,CF,CAF,Central African Republic,ISO-3166-1,economy,False,matched_iso,SP.POP.TOTL,"Population, total",people,2,World Development Indicators,2020,5026628,2026-07-13,\N,0,5026628,2026-07-29T18:04:35Z
wdi2-2019-2021-372906f371e0391f,CAF,CF,CAF,Central African Republic,ISO-3166-1,economy,False,matched_iso,SP.POP.TOTL,"Population, total",people,2,World Development Indicators,2021,5112100,2026-07-13,\N,0,5112100,2026-07-29T18:04:35Z
wdi2-2019-2021-372906f371e0391f,CAN,CA,CAN,Canada,ISO-3166-1,economy,False,matched_iso,EN.POP.DNST,Population density (people per sq. km of land area),people per sq. km of land area,2,World Development Indicators,2019,4.195875007,2026-07-13,\N,0,4.19587500655283,2026-07-29T18:04:35Z
wdi2-2019-2021-372906f371e0391f,CAN,CA,CAN,Canada,ISO-3166-1,economy,False,matched_iso,EN.POP.DNST,Population density (people per sq. km of land area),people per sq. km of land area,2,World Development Indicators,2020,4.241621355,2026-07-13,\N,0,4.24162135453439,2026-07-29T18:04:35Z
wdi2-2019-2021-372906f371e0391f,CAN,CA,CAN,Canada,ISO-3166-1,economy,False,matched_iso,EN.POP.DNST,Population density (people per sq. km of land area),people per sq. km of land area,2,World Development Indicators,2021,4.351026204,2026-07-13,\N,0,4.351026204103,2026-07-29T18:04:35Z
wdi2-2019-2021-372906f371e0391f,CAN,CA,CAN,Canada,ISO-3166-1,economy,False,matched_iso,NY.GDP.PCAP.KD,GDP per capita (constant 2015 US$),constant 2015 US$,2,World Development Indicators,2019,45100.336805859,2026-07-13,\N,1,45100.336805859,2026-07-29T18:04:35Z
wdi2-2019-2021-372906f371e0391f,CAN,CA,CAN,Canada,ISO-3166-1,economy,False,matched_iso,NY.GDP.PCAP.KD,GDP per capita (constant 2015 US$),constant 2015 US$,2,World Development Indicators,2020,42366.171093526,2026-07-13,\N,1,42366.1710935265,2026-07-29T18:04:35Z
wdi2-2019-2021-372906f371e0391f,CAN,CA,CAN,Canada,ISO-3166-1,economy,False,matched_iso,NY.GDP.PCAP.KD,GDP per capita (constant 2015 US$),constant 2015 US$,2,World Development Indicators,2021,44639.238117199,2026-07-13,\N,1,44639.2381171993,2026-07-29T18:04:35Z
wdi2-2019-2021-372906f371e0391f,CAN,CA,CAN,Canada,ISO-3166-1,economy,False,matched_iso,SH.XPD.CHEX.PP.CD,"Current health expenditure per capita, PPP (current international $)",current international $,2,World Development Indicators,2019,5554.963524688,2026-07-13,\N,2,5554.96352468819,2026-07-29T18:04:35Z
wdi2-2019-2021-372906f371e0391f,CAN,CA,CAN,Canada,ISO-3166-1,economy,False,matched_iso,SH.XPD.CHEX.PP.CD,"Current health expenditure per capita, PPP (current international $)",current international $,2,World Development Indicators,2020,6301.47278201,2026-07-13,\N,2,6301.47278201041,2026-07-29T18:04:35Z
wdi2-2019-2021-372906f371e0391f,CAN,CA,CAN,Canada,ISO-3166-1,economy,False,matched_iso,SH.XPD.CHEX.PP.CD,"Current health expenditure per capita, PPP (current international $)",current international $,2,World Development Indicators,2021,7017.308725723,2026-07-13,\N,2,7017.30872572301,2026-07-29T18:04:35Z
wdi2-2019-2021-372906f371e0391f,CAN,CA,CAN,Canada,ISO-3166-1,economy,False,matched_iso,SP.POP.65UP.TO.ZS,Population ages 65 and above (% of total population),% of total population,2,World Development Indicators,2019,17.531859522,2026-07-13,\N,0,17.5318595224519,2026-07-29T18:04:35Z
wdi2-2019-2021-372906f371e0391f,CAN,CA,CAN,Canada,ISO-3166-1,economy,False,matched_iso,SP.POP.65UP.TO.ZS,Population ages 65 and above (% of total population),% of total population,2,World Development Indicators,2020,17.985408482,2026-07-13,\N,0,17.9854084818723,2026-07-29T18:04:35Z
wdi2-2019-2021-372906f371e0391f,CAN,CA,CAN,Canada,ISO-3166-1,economy,False,matched_iso,SP.POP.65UP.TO.ZS,Population ages 65 and above (% of total population),% of total population,2,World Development Indicators,2021,18.482259232,2026-07-13,\N,0,18.4822592321013,2026-07-29T18:04:35Z
wdi2-2019-2021-372906f371e0391f,CAN,CA,CAN,Canada,ISO-3166-1,economy,False,matched_iso,SP.POP.TOTL,"Population, total",people,2,World Development Indicators,2019,37618495,2026-07-13,\N,0,37618495,2026-07-29T18:04:35Z
wdi2-2019-2021-372906f371e0391f,CAN,CA,CAN,Canada,ISO-3166-1,economy,False,matched_iso,SP.POP.TOTL,"Population, total",people,2,World Development Indicators,2020,38028638,2026-07-13,\N,0,38028638,2026-07-29T18:04:35Z
wdi2-2019-2021-372906f371e0391f,CAN,CA,CAN,Canada,ISO-3166-1,economy,False,matched_iso,SP.POP.TOTL,"Population, total",people,2,World Development Indicators,2021,38239864,2026-07-13,\N,0,38239864,2026-07-29T18:04:35Z
wdi2-2019-2021-372906f371e0391f,CHE,CH,CHE,Switzerland,ISO-3166-1,economy,False,matched_iso,EN.POP.DNST,Population density (people per sq. km of land area),people per sq. km of land area,2,World Development Indicators,2019,217.042781722,2026-07-13,\N,0,217.042781721823,2026-07-29T18:04:35Z
wdi2-2019-2021-372906f371e0391f,CHE,CH,CHE,Switzerland,ISO-3166-1,economy,False,matched_iso,EN.POP.DNST,Population density (people per sq. km of land area),people per sq. km of land area,2,World Development Indicators,2020,218.634469622,2026-07-13,\N,0,218.63446962171,2026-07-29T18:04:35Z
wdi2-2019-2021-372906f371e0391f,CHE,CH,CHE,Switzerland,ISO-3166-1,economy,False,matched_iso,EN.POP.DNST,Population density (people per sq. km of land area),people per sq. km of land area,2,World Development Indicators,2021,220.314541037,2026-07-13,\N,0,220.31454103721,2026-07-29T18:04:35Z
wdi2-2019-2021-372906f371e0391f,CHE,CH,CHE,Switzerland,ISO-3166-1,economy,False,matched_iso,NY.GDP.PCAP.KD,GDP per capita (constant 2015 US$),constant 2015 US$,2,World Development Indicators,2019,88932.411930642,2026-07-13,\N,1,88932.4119306425,2026-07-29T18:04:35Z
wdi2-2019-2021-372906f371e0391f,CHE,CH,CHE,Switzerland,ISO-3166-1,economy,False,matched_iso,NY.GDP.PCAP.KD,GDP per capita (constant 2015 US$),constant 2015 US$,2,World Development Indicators,2020,86293.918344116,2026-07-13,\N,1,86293.9183441155,2026-07-29T18:04:35Z
wdi2-2019-2021-372906f371e0391f,CHE,CH,CHE,Switzerland,ISO-3166-1,economy,False,matched_iso,NY.GDP.PCAP.KD,GDP per capita (constant 2015 US$),constant 2015 US$,2,World Development Indicators,2021,90924.925676982,2026-07-13,\N,1,90924.9256769825,2026-07-29T18:04:35Z
wdi2-2019-2021-372906f371e0391f,CHE,CH,CHE,Switzerland,ISO-3166-1,economy,False,matched_iso,SH.XPD.CHEX.PP.CD,"Current health expenditure per capita, PPP (current international $)",current international $,2,World Development Indicators,2019,8422.360207736,2026-07-13,\N,2,8422.36020773627,2026-07-29T18:04:35Z
wdi2-2019-2021-372906f371e0391f,CHE,CH,CHE,Switzerland,ISO-3166-1,economy,False,matched_iso,SH.XPD.CHEX.PP.CD,"Current health expenditure per capita, PPP (current international $)",current international $,2,World Development Indicators,2020,8749.707916102,2026-07-13,\N,2,8749.70791610153,2026-07-29T18:04:35Z
wdi2-2019-2021-372906f371e0391f,CHE,CH,CHE,Switzerland,ISO-3166-1,economy,False,matched_iso,SH.XPD.CHEX.PP.CD,"Current health expenditure per capita, PPP (current international $)",current international $,2,World Development Indicators,2021,9683.842518335,2026-07-13,\N,2,9683.84251833512,2026-07-29T18:04:35Z
wdi2-2019-2021-372906f371e0391f,CHE,CH,CHE,Switzerland,ISO-3166-1,economy,False,matched_iso,SP.POP.65UP.TO.ZS,Population ages 65 and above (% of total population),% of total population,2,World Development Indicators,2019,18.582145617,2026-07-13,\N,0,18.582145616847,2026-07-29T18:04:35Z
wdi2-2019-2021-372906f371e0391f,CHE,CH,CHE,Switzerland,ISO-3166-1,economy,False,matched_iso,SP.POP.65UP.TO.ZS,Population ages 65 and above (% of total population),% of total population,2,World Development Indicators,2020,18.751538887,2026-07-13,\N,0,18.75153888659,2026-07-29T18:04:35Z
wdi2-2019-2021-372906f371e0391f,CHE,CH,CHE,Switzerland,ISO-3166-1,economy,False,matched_iso,SP.POP.65UP.TO.ZS,Population ages 65 and above (% of total population),% of total population,2,World Development Indicators,2021,18.928029768,2026-07-13,\N,0,18.9280297681521,2026-07-29T18:04:35Z
wdi2-2019-2021-372906f371e0391f,CHE,CH,CHE,Switzerland,ISO-3166-1,economy,False,matched_iso,SP.POP.TOTL,"Population, total",people,2,World Development Indicators,2019,8575280,2026-07-13,\N,0,8575280,2026-07-29T18:04:35Z
wdi2-2019-2021-372906f371e0391f,CHE,CH,CHE,Switzerland,ISO-3166-1,economy,False,matched_iso,SP.POP.TOTL,"Population, total",people,2,World Development Indicators,2020,8638167,2026-07-13,\N,0,8638167,2026-07-29T18:04:35Z
wdi2-2019-2021-372906f371e0391f,CHE,CH,CHE,Switzerland,ISO-3166-1,economy,False,matched_iso,SP.POP.TOTL,"Population, total",people,2,World Development Indicators,2021,8704546,2026-07-13,\N,0,8704546,2026-07-29T18:04:35Z
wdi2-2019-2021-372906f371e0391f,CHI,JG,CHI,Channel Islands,ISO-3166-1,economy,False,matched_iso,EN.POP.DNST,Population density (people per sq. km of land area),people per sq. km of land area,2,World Development Indicators,2019,836.560606061,2026-07-13,\N,0,836.560606060606,2026-07-29T18:04:35Z
wdi2-2019-2021-372906f371e0391f,CHI,JG,CHI,Channel Islands,ISO-3166-1,economy,False,matched_iso,EN.POP.DNST,Population density (people per sq. km of land area),people per sq. km of land area,2,World Development Indicators,2020,839.570707071,2026-07-13,\N,0,839.570707070707,2026-07-29T18:04:35Z
wdi2-2019-2021-372906f371e0391f,CHI,JG,CHI,Channel Islands,ISO-3166-1,economy,False,matched_iso,EN.POP.DNST,Population density (people per sq. km of land area),people per sq. km of land area,2,World Development Indicators,2021,842.126262626,2026-07-13,\N,0,842.126262626263,2026-07-29T18:04:35Z
wdi2-2019-2021-372906f371e0391f,CHI,JG,CHI,Channel Islands,ISO-3166-1,economy,False,matched_iso,NY.GDP.PCAP.KD,GDP per capita (constant 2015 US$),constant 2015 US$,2,World Development Indicators,2019,64594.521390868,2026-07-13,\N,1,64594.5213908684,2026-07-29T18:04:35Z
wdi2-2019-2021-372906f371e0391f,CHI,JG,CHI,Channel Islands,ISO-3166-1,economy,False,matched_iso,NY.GDP.PCAP.KD,GDP per capita (constant 2015 US$),constant 2015 US$,2,World Development Indicators,2020,58636.703614336,2026-07-13,\N,1,58636.7036143365,2026-07-29T18:04:35Z
wdi2-2019-2021-372906f371e0391f,CHI,JG,CHI,Channel Islands,ISO-3166-1,economy,False,matched_iso,NY.GDP.PCAP.KD,GDP per capita (constant 2015 US$),constant 2015 US$,2,World Development Indicators,2021,64267.693001812,2026-07-13,\N,1,64267.6930018122,2026-07-29T18:04:35Z
wdi2-2019-2021-372906f371e0391f,CHI,JG,CHI,Channel Islands,ISO-3166-1,economy,False,matched_iso,SH.XPD.CHEX.PP.CD,"Current health expenditure per capita, PPP (current international $)",current international $,2,World Development Indicators,2019,\N,2026-07-13,\N,2,\N,2026-07-29T18:04:35Z
wdi2-2019-2021-372906f371e0391f,CHI,JG,CHI,Channel Islands,ISO-3166-1,economy,False,matched_iso,SH.XPD.CHEX.PP.CD,"Current health expenditure per capita, PPP (current international $)",current international $,2,World Development Indicators,2020,\N,2026-07-13,\N,2,\N,2026-07-29T18:04:35Z
wdi2-2019-2021-372906f371e0391f,CHI,JG,CHI,Channel Islands,ISO-3166-1,economy,False,matched_iso,SH.XPD.CHEX.PP.CD,"Current health expenditure per capita, PPP (current international $)",current international $,2,World Development Indicators,2021,\N,2026-07-13,\N,2,\N,2026-07-29T18:04:35Z
wdi2-2019-2021-372906f371e0391f,CHI,JG,CHI,Channel Islands,ISO-3166-1,economy,False,matched_iso,SP.POP.65UP.TO.ZS,Population ages 65 and above (% of total population),% of total population,2,World Development Indicators,2019,18.585184738,2026-07-13,\N,0,18.585184737986,2026-07-29T18:04:35Z
wdi2-2019-2021-372906f371e0391f,CHI,JG,CHI,Channel Islands,ISO-3166-1,economy,False,matched_iso,SP.POP.65UP.TO.ZS,Population ages 65 and above (% of total population),% of total population,2,World Development Indicators,2020,18.866006358,2026-07-13,\N,0,18.8660063584493,2026-07-29T18:04:35Z
wdi2-2019-2021-372906f371e0391f,CHI,JG,CHI,Channel Islands,ISO-3166-1,economy,False,matched_iso,SP.POP.65UP.TO.ZS,Population ages 65 and above (% of total population),% of total population,2,World Development Indicators,2021,19.1062786,2026-07-13,\N,0,19.1062785997445,2026-07-29T18:04:35Z
wdi2-2019-2021-372906f371e0391f,CHI,JG,CHI,Channel Islands,ISO-3166-1,economy,False,matched_iso,SP.POP.TOTL,"Population, total",people,2,World Development Indicators,2019,165639,2026-07-13,\N,0,165639,2026-07-29T18:04:35Z
wdi2-2019-2021-372906f371e0391f,CHI,JG,CHI,Channel Islands,ISO-3166-1,economy,False,matched_iso,SP.POP.TOTL,"Population, total",people,2,World Development Indicators,2020,166235,2026-07-13,\N,0,166235,2026-07-29T18:04:35Z
wdi2-2019-2021-372906f371e0391f,CHI,JG,CHI,Channel Islands,ISO-3166-1,economy,False,matched_iso,SP.POP.TOTL,"Population, total",people,2,World Development Indicators,2021,166741,2026-07-13,\N,0,166741,2026-07-29T18:04:35Z
wdi2-2019-2021-372906f371e0391f,CHL,CL,CHL,Chile,ISO-3166-1,economy,False,matched_iso,EN.POP.DNST,Population density (people per sq. km of land area),people per sq. km of land area,2,World Development Indicators,2019,25.844004168,2026-07-13,\N,0,25.84400416762,2026-07-29T18:04:35Z
wdi2-2019-2021-372906f371e0391f,CHL,CL,CHL,Chile,ISO-3166-1,economy,False,matched_iso,EN.POP.DNST,Population density (people per sq. km of land area),people per sq. km of land area,2,World Development Indicators,2020,26.076735234,2026-07-13,\N,0,26.0767352343796,2026-07-29T18:04:35Z
wdi2-2019-2021-372906f371e0391f,CHL,CL,CHL,Chile,ISO-3166-1,economy,False,matched_iso,EN.POP.DNST,Population density (people per sq. km of land area),people per sq. km of land area,2,World Development Indicators,2021,26.192118042,2026-07-13,\N,0,26.192118041714,2026-07-29T18:04:35Z
wdi2-2019-2021-372906f371e0391f,CHL,CL,CHL,Chile,ISO-3166-1,economy,False,matched_iso,NY.GDP.PCAP.KD,GDP per capita (constant 2015 US$),constant 2015 US$,2,World Development Indicators,2019,13631.928488517,2026-07-13,\N,1,13631.9284885172,2026-07-29T18:04:35Z
wdi2-2019-2021-372906f371e0391f,CHL,CL,CHL,Chile,ISO-3166-1,economy,False,matched_iso,NY.GDP.PCAP.KD,GDP per capita (constant 2015 US$),constant 2015 US$,2,World Development Indicators,2020,12680.776152438,2026-07-13,\N,1,12680.7761524378,2026-07-29T18:04:35Z
wdi2-2019-2021-372906f371e0391f,CHL,CL,CHL,Chile,ISO-3166-1,economy,False,matched_iso,NY.GDP.PCAP.KD,GDP per capita (constant 2015 US$),constant 2015 US$,2,World Development Indicators,2021,14056.251601955,2026-07-13,\N,1,14056.251601955,2026-07-29T18:04:35Z
wdi2-2019-2021-372906f371e0391f,CHL,CL,CHL,Chile,ISO-3166-1,economy,False,matched_iso,SH.XPD.CHEX.PP.CD,"Current health expenditure per capita, PPP (current international $)",current international $,2,World Development Indicators,2019,2384.373788896,2026-07-13,\N,2,2384.37378889567,2026-07-29T18:04:35Z
wdi2-2019-2021-372906f371e0391f,CHL,CL,CHL,Chile,ISO-3166-1,economy,False,matched_iso,SH.XPD.CHEX.PP.CD,"Current health expenditure per capita, PPP (current international $)",current international $,2,World Development Indicators,2020,2458.360638448,2026-07-13,\N,2,2458.36063844753,2026-07-29T18:04:35Z
wdi2-2019-2021-372906f371e0391f,CHL,CL,CHL,Chile,ISO-3166-1,economy,False,matched_iso,SH.XPD.CHEX.PP.CD,"Current health expenditure per capita, PPP (current international $)",current international $,2,World Development Indicators,2021,2828.843008722,2026-07-13,\N,2,2828.84300872243,2026-07-29T18:04:35Z
wdi2-2019-2021-372906f371e0391f,CHL,CL,CHL,Chile,ISO-3166-1,economy,False,matched_iso,SP.POP.65UP.TO.ZS,Population ages 65 and above (% of total population),% of total population,2,World Development Indicators,2019,12.326060291,2026-07-13,\N,0,12.3260602912509,2026-07-29T18:04:35Z
wdi2-2019-2021-372906f371e0391f,CHL,CL,CHL,Chile,ISO-3166-1,economy,False,matched_iso,SP.POP.65UP.TO.ZS,Population ages 65 and above (% of total population),% of total population,2,World Development Indicators,2020,12.626815739,2026-07-13,\N,0,12.6268157391316,2026-07-29T18:04:35Z
wdi2-2019-2021-372906f371e0391f,CHL,CL,CHL,Chile,ISO-3166-1,economy,False,matched_iso,SP.POP.65UP.TO.ZS,Population ages 65 and above (% of total population),% of total population,2,World Development Indicators,2021,12.956433622,2026-07-13,\N,0,12.9564336220791,2026-07-29T18:04:35Z
wdi2-2019-2021-372906f371e0391f,CHL,CL,CHL,Chile,ISO-3166-1,economy,False,matched_iso,SP.POP.TOTL,"Population, total",people,2,World Development Indicators,2019,19197744,2026-07-13,\N,0,19197744,2026-07-29T18:04:35Z
wdi2-2019-2021-372906f371e0391f,CHL,CL,CHL,Chile,ISO-3166-1,economy,False,matched_iso,SP.POP.TOTL,"Population, total",people,2,World Development Indicators,2020,19370624,2026-07-13,\N,0,19370624,2026-07-29T18:04:35Z
wdi2-2019-2021-372906f371e0391f,CHL,CL,CHL,Chile,ISO-3166-1,economy,False,matched_iso,SP.POP.TOTL,"Population, total",people,2,World Development Indicators,2021,19456334,2026-07-13,\N,0,19456334,2026-07-29T18:04:35Z
wdi2-2019-2021-372906f371e0391f,CHN,CN,CHN,China,ISO-3166-1,economy,False,matched_iso,EN.POP.DNST,Population density (people per sq. km of land area),people per sq. km of land area,2,World Development Indicators,2019,149.948179685,2026-07-13,\N,0,149.948179684945,2026-07-29T18:04:35Z
wdi2-2019-2021-372906f371e0391f,CHN,CN,CHN,China,ISO-3166-1,economy,False,matched_iso,EN.POP.DNST,Population density (people per sq. km of land area),people per sq. km of land area,2,World Development Indicators,2020,150.305542803,2026-07-13,\N,0,150.305542803154,2026-07-29T18:04:35Z
wdi2-2019-2021-372906f371e0391f,CHN,CN,CHN,China,ISO-3166-1,economy,False,matched_iso,EN.POP.DNST,Population density (people per sq. km of land area),people per sq. km of land area,2,World Development Indicators,2021,150.439753691,2026-07-13,\N,0,150.439753691066,2026-07-29T18:04:35Z
wdi2-2019-2021-372906f371e0391f,CHN,CN,CHN,China,ISO-3166-1,economy,False,matched_iso,NY.GDP.PCAP.KD,GDP per capita (constant 2015 US$),constant 2015 US$,2,World Development Indicators,2019,10356.292489058,2026-07-13,\N,1,10356.2924890582,2026-07-29T18:04:35Z
wdi2-2019-2021-372906f371e0391f,CHN,CN,CHN,China,ISO-3166-1,economy,False,matched_iso,NY.GDP.PCAP.KD,GDP per capita (constant 2015 US$),constant 2015 US$,2,World Development Indicators,2020,10573.379406421,2026-07-13,\N,1,10573.3794064211,2026-07-29T18:04:35Z
wdi2-2019-2021-372906f371e0391f,CHN,CN,CHN,China,ISO-3166-1,economy,False,matched_iso,NY.GDP.PCAP.KD,GDP per capita (constant 2015 US$),constant 2015 US$,2,World Development Indicators,2021,11469.317451451,2026-07-13,\N,1,11469.3174514512,2026-07-29T18:04:35Z
wdi2-2019-2021-372906f371e0391f,CHN,CN,CHN,China,ISO-3166-1,economy,False,matched_iso,SH.XPD.CHEX.PP.CD,"Current health expenditure per capita, PPP (current international $)",current international $,2,World Development Indicators,2019,917.221598272,2026-07-13,\N,2,917.221598271983,2026-07-29T18:04:35Z
wdi2-2019-2021-372906f371e0391f,CHN,CN,CHN,China,ISO-3166-1,economy,False,matched_iso,SH.XPD.CHEX.PP.CD,"Current health expenditure per capita, PPP (current international $)",current international $,2,World Development Indicators,2020,1002.030599951,2026-07-13,\N,2,1002.03059995065,2026-07-29T18:04:35Z
wdi2-2019-2021-372906f371e0391f,CHN,CN,CHN,China,ISO-3166-1,economy,False,matched_iso,SH.XPD.CHEX.PP.CD,"Current health expenditure per capita, PPP (current international $)",current international $,2,World Development Indicators,2021,1084.033164081,2026-07-13,\N,2,1084.03316408133,2026-07-29T18:04:35Z
wdi2-2019-2021-372906f371e0391f,CHN,CN,CHN,China,ISO-3166-1,economy,False,matched_iso,SP.POP.65UP.TO.ZS,Population ages 65 and above (% of total population),% of total population,2,World Development Indicators,2019,12.061365972,2026-07-13,\N,0,12.0613659717192,2026-07-29T18:04:35Z
wdi2-2019-2021-372906f371e0391f,CHN,CN,CHN,China,ISO-3166-1,economy,False,matched_iso,SP.POP.65UP.TO.ZS,Population ages 65 and above (% of total population),% of total population,2,World Development Indicators,2020,12.645237608,2026-07-13,\N,0,12.6452376078587,2026-07-29T18:04:35Z
wdi2-2019-2021-372906f371e0391f,CHN,CN,CHN,China,ISO-3166-1,economy,False,matched_iso,SP.POP.65UP.TO.ZS,Population ages 65 and above (% of total population),% of total population,2,World Development Indicators,2021,13.205741035,2026-07-13,\N,0,13.2057410345267,2026-07-29T18:04:35Z
wdi2-2019-2021-372906f371e0391f,CHN,CN,CHN,China,ISO-3166-1,economy,False,matched_iso,SP.POP.TOTL,"Population, total",people,2,World Development Indicators,2019,1407745000,2026-07-13,\N,0,1407745000,2026-07-29T18:04:35Z
wdi2-2019-2021-372906f371e0391f,CHN,CN,CHN,China,ISO-3166-1,economy,False,matched_iso,SP.POP.TOTL,"Population, total",people,2,World Development Indicators,2020,1411100000,2026-07-13,\N,0,1411100000,2026-07-29T18:04:35Z
wdi2-2019-2021-372906f371e0391f,CHN,CN,CHN,China,ISO-3166-1,economy,False,matched_iso,SP.POP.TOTL,"Population, total",people,2,World Development Indicators,2021,1412360000,2026-07-13,\N,0,1412360000,2026-07-29T18:04:35Z
wdi2-2019-2021-372906f371e0391f,CIV,CI,CIV,Cote d'Ivoire,ISO-3166-1,economy,False,matched_iso,EN.POP.DNST,Population density (people per sq. km of land area),people per sq. km of land area,2,World Development Indicators,2019,88.657261006,2026-07-13,\N,0,88.6572610062893,2026-07-29T18:04:35Z
wdi2-2019-2021-372906f371e0391f,CIV,CI,CIV,Cote d'Ivoire,ISO-3166-1,economy,False,matched_iso,EN.POP.DNST,Population density (people per sq. km of land area),people per sq. km of land area,2,World Development Indicators,2020,90.929084906,2026-07-13,\N,0,90.9290849056604,2026-07-29T18:04:35Z
wdi2-2019-2021-372906f371e0391f,CIV,CI,CIV,Cote d'Ivoire,ISO-3166-1,economy,False,matched_iso,EN.POP.DNST,Population density (people per sq. km of land area),people per sq. km of land area,2,World Development Indicators,2021,93.206716981,2026-07-13,\N,0,93.2067169811321,2026-07-29T18:04:35Z
wdi2-2019-2021-372906f371e0391f,CIV,CI,CIV,Cote d'Ivoire,ISO-3166-1,economy,False,matched_iso,NY.GDP.PCAP.KD,GDP per capita (constant 2015 US$),constant 2015 US$,2,World Development Indicators,2019,2093.099943358,2026-07-13,\N,1,2093.09994335779,2026-07-29T18:04:35Z
wdi2-2019-2021-372906f371e0391f,CIV,CI,CIV,Cote d'Ivoire,ISO-3166-1,economy,False,matched_iso,NY.GDP.PCAP.KD,GDP per capita (constant 2015 US$),constant 2015 US$,2,World Development Indicators,2020,2055.084839964,2026-07-13,\N,1,2055.08483996432,2026-07-29T18:04:35Z
wdi2-2019-2021-372906f371e0391f,CIV,CI,CIV,Cote d'Ivoire,ISO-3166-1,economy,False,matched_iso,NY.GDP.PCAP.KD,GDP per capita (constant 2015 US$),constant 2015 US$,2,World Development Indicators,2021,2146.46047529,2026-07-13,\N,1,2146.46047529012,2026-07-29T18:04:35Z
wdi2-2019-2021-372906f371e0391f,CIV,CI,CIV,Cote d'Ivoire,ISO-3166-1,economy,False,matched_iso,SH.XPD.CHEX.PP.CD,"Current health expenditure per capita, PPP (current international $)",current international $,2,World Development Indicators,2019,175.927259655,2026-07-13,\N,2,175.927259655428,2026-07-29T18:04:35Z
wdi2-2019-2021-372906f371e0391f,CIV,CI,CIV,Cote d'Ivoire,ISO-3166-1,economy,False,matched_iso,SH.XPD.CHEX.PP.CD,"Current health expenditure per capita, PPP (current international $)",current international $,2,World Development Indicators,2020,200.869169907,2026-07-13,\N,2,200.869169906779,2026-07-29T18:04:35Z
wdi2-2019-2021-372906f371e0391f,CIV,CI,CIV,Cote d'Ivoire,ISO-3166-1,economy,False,matched_iso,SH.XPD.CHEX.PP.CD,"Current health expenditure per capita, PPP (current international $)",current international $,2,World Development Indicators,2021,227.42522682,2026-07-13,\N,2,227.42522682024,2026-07-29T18:04:35Z
wdi2-2019-2021-372906f371e0391f,CIV,CI,CIV,Cote d'Ivoire,ISO-3166-1,economy,False,matched_iso,SP.POP.65UP.TO.ZS,Population ages 65 and above (% of total population),% of total population,2,World Development Indicators,2019,2.488421864,2026-07-13,\N,0,2.48842186373225,2026-07-29T18:04:35Z
wdi2-2019-2021-372906f371e0391f,CIV,CI,CIV,Cote d'Ivoire,ISO-3166-1,economy,False,matched_iso,SP.POP.65UP.TO.ZS,Population ages 65 and above (% of total population),% of total population,2,World Development Indicators,2020,2.496082587,2026-07-13,\N,0,2.49608258726879,2026-07-29T18:04:35Z
wdi2-2019-2021-372906f371e0391f,CIV,CI,CIV,Cote d'Ivoire,ISO-3166-1,economy,False,matched_iso,SP.POP.65UP.TO.ZS,Population ages 65 and above (% of total population),% of total population,2,World Development Indicators,2021,2.507520605,2026-07-13,\N,0,2.50752060498244,2026-07-29T18:04:35Z
wdi2-2019-2021-372906f371e0391f,CIV,CI,CIV,Cote d'Ivoire,ISO-3166-1,economy,False,matched_iso,SP.POP.TOTL,"Population, total",people,2,World Development Indicators,2019,28193009,2026-07-13,\N,0,28193009,2026-07-29T18:04:35Z
wdi2-2019-2021-372906f371e0391f,CIV,CI,CIV,Cote d'Ivoire,ISO-3166-1,economy,False,matched_iso,SP.POP.TOTL,"Population, total",people,2,World Development Indicators,2020,28915449,2026-07-13,\N,0,28915449,2026-07-29T18:04:35Z
wdi2-2019-2021-372906f371e0391f,CIV,CI,CIV,Cote d'Ivoire,ISO-3166-1,economy,False,matched_iso,SP.POP.TOTL,"Population, total",people,2,World Development Indicators,2021,29639736,2026-07-13,\N,0,29639736,2026-07-29T18:04:35Z
wdi2-2019-2021-372906f371e0391f,CMR,CM,CMR,Cameroon,ISO-3166-1,economy,False,matched_iso,EN.POP.DNST,Population density (people per sq. km of land area),people per sq. km of land area,2,World Development Indicators,2019,53.957172474,2026-07-13,\N,0,53.9571724736096,2026-07-29T18:04:35Z
wdi2-2019-2021-372906f371e0391f,CMR,CM,CMR,Cameroon,ISO-3166-1,economy,False,matched_iso,EN.POP.DNST,Population density (people per sq. km of land area),people per sq. km of land area,2,World Development Indicators,2020,55.447437118,2026-07-13,\N,0,55.4474371178947,2026-07-29T18:04:35Z
wdi2-2019-2021-372906f371e0391f,CMR,CM,CMR,Cameroon,ISO-3166-1,economy,False,matched_iso,EN.POP.DNST,Population density (people per sq. km of land area),people per sq. km of land area,2,World Development Indicators,2021,56.939260858,2026-07-13,\N,0,56.9392608576083,2026-07-29T18:04:35Z
wdi2-2019-2021-372906f371e0391f,CMR,CM,CMR,Cameroon,ISO-3166-1,economy,False,matched_iso,NY.GDP.PCAP.KD,GDP per capita (constant 2015 US$),constant 2015 US$,2,World Development Indicators,2019,1470.317852762,2026-07-13,\N,1,1470.31785276187,2026-07-29T18:04:35Z
wdi2-2019-2021-372906f371e0391f,CMR,CM,CMR,Cameroon,ISO-3166-1,economy,False,matched_iso,NY.GDP.PCAP.KD,GDP per capita (constant 2015 US$),constant 2015 US$,2,World Development Indicators,2020,1434.519137234,2026-07-13,\N,1,1434.51913723409,2026-07-29T18:04:35Z
wdi2-2019-2021-372906f371e0391f,CMR,CM,CMR,Cameroon,ISO-3166-1,economy,False,matched_iso,NY.GDP.PCAP.KD,GDP per capita (constant 2015 US$),constant 2015 US$,2,World Development Indicators,2021,1443.576002377,2026-07-13,\N,1,1443.57600237663,2026-07-29T18:04:35Z
wdi2-2019-2021-372906f371e0391f,CMR,CM,CMR,Cameroon,ISO-3166-1,economy,False,matched_iso,SH.XPD.CHEX.PP.CD,"Current health expenditure per capita, PPP (current international $)",current international $,2,World Development Indicators,2019,154.86754729,2026-07-13,\N,2,154.867547289945,2026-07-29T18:04:35Z
wdi2-2019-2021-372906f371e0391f,CMR,CM,CMR,Cameroon,ISO-3166-1,economy,False,matched_iso,SH.XPD.CHEX.PP.CD,"Current health expenditure per capita, PPP (current international $)",current international $,2,World Development Indicators,2020,185.696204916,2026-07-13,\N,2,185.696204916204,2026-07-29T18:04:35Z
wdi2-2019-2021-372906f371e0391f,CMR,CM,CMR,Cameroon,ISO-3166-1,economy,False,matched_iso,SH.XPD.CHEX.PP.CD,"Current health expenditure per capita, PPP (current international $)",current international $,2,World Development Indicators,2021,208.092920879,2026-07-13,\N,2,208.09292087861,2026-07-29T18:04:35Z
wdi2-2019-2021-372906f371e0391f,CMR,CM,CMR,Cameroon,ISO-3166-1,economy,False,matched_iso,SP.POP.65UP.TO.ZS,Population ages 65 and above (% of total population),% of total population,2,World Development Indicators,2019,2.784299204,2026-07-13,\N,0,2.78429920377855,2026-07-29T18:04:35Z
wdi2-2019-2021-372906f371e0391f,CMR,CM,CMR,Cameroon,ISO-3166-1,economy,False,matched_iso,SP.POP.65UP.TO.ZS,Population ages 65 and above (% of total population),% of total population,2,World Development Indicators,2020,2.776852366,2026-07-13,\N,0,2.77685236613429,2026-07-29T18:04:35Z
wdi2-2019-2021-372906f371e0391f,CMR,CM,CMR,Cameroon,ISO-3166-1,economy,False,matched_iso,SP.POP.65UP.TO.ZS,Population ages 65 and above (% of total population),% of total population,2,World Development Indicators,2021,2.766102616,2026-07-13,\N,0,2.76610261605669,2026-07-29T18:04:35Z
wdi2-2019-2021-372906f371e0391f,CMR,CM,CMR,Cameroon,ISO-3166-1,economy,False,matched_iso,SP.POP.TOTL,"Population, total",people,2,World Development Indicators,2019,25506095,2026-07-13,\N,0,25506095,2026-07-29T18:04:35Z
wdi2-2019-2021-372906f371e0391f,CMR,CM,CMR,Cameroon,ISO-3166-1,economy,False,matched_iso,SP.POP.TOTL,"Population, total",people,2,World Development Indicators,2020,26210558,2026-07-13,\N,0,26210558,2026-07-29T18:04:35Z
wdi2-2019-2021-372906f371e0391f,CMR,CM,CMR,Cameroon,ISO-3166-1,economy,False,matched_iso,SP.POP.TOTL,"Population, total",people,2,World Development Indicators,2021,26915758,2026-07-13,\N,0,26915758,2026-07-29T18:04:35Z
wdi2-2019-2021-372906f371e0391f,COD,CD,COD,"Congo, Dem. Rep.",ISO-3166-1,economy,False,matched_iso,EN.POP.DNST,Population density (people per sq. km of land area),people per sq. km of land area,2,World Development Indicators,2019,40.999290708,2026-07-13,\N,0,40.9992907081891,2026-07-29T18:04:35Z
wdi2-2019-2021-372906f371e0391f,COD,CD,COD,"Congo, Dem. Rep.",ISO-3166-1,economy,False,matched_iso,EN.POP.DNST,Population density (people per sq. km of land area),people per sq. km of land area,2,World Development Indicators,2020,42.341367857,2026-07-13,\N,0,42.3413678569066,2026-07-29T18:04:35Z
wdi2-2019-2021-372906f371e0391f,COD,CD,COD,"Congo, Dem. Rep.",ISO-3166-1,economy,False,matched_iso,EN.POP.DNST,Population density (people per sq. km of land area),people per sq. km of land area,2,World Development Indicators,2021,43.734779559,2026-07-13,\N,0,43.7347795593392,2026-07-29T18:04:35Z
wdi2-2019-2021-372906f371e0391f,COD,CD,COD,"Congo, Dem. Rep.",ISO-3166-1,economy,False,matched_iso,NY.GDP.PCAP.KD,GDP per capita (constant 2015 US$),constant 2015 US$,2,World Development Indicators,2019,482.524295129,2026-07-13,\N,1,482.524295129472,2026-07-29T18:04:35Z
wdi2-2019-2021-372906f371e0391f,COD,CD,COD,"Congo, Dem. Rep.",ISO-3166-1,economy,False,matched_iso,NY.GDP.PCAP.KD,GDP per capita (constant 2015 US$),constant 2015 US$,2,World Development Indicators,2020,470.852950001,2026-07-13,\N,1,470.852950000929,2026-07-29T18:04:35Z
wdi2-2019-2021-372906f371e0391f,COD,CD,COD,"Congo, Dem. Rep.",ISO-3166-1,economy,False,matched_iso,NY.GDP.PCAP.KD,GDP per capita (constant 2015 US$),constant 2015 US$,2,World Development Indicators,2021,485.16080593,2026-07-13,\N,1,485.160805929784,2026-07-29T18:04:35Z
wdi2-2019-2021-372906f371e0391f,COD,CD,COD,"Congo, Dem. Rep.",ISO-3166-1,economy,False,matched_iso,SH.XPD.CHEX.PP.CD,"Current health expenditure per capita, PPP (current international $)",current international $,2,World Development Indicators,2019,40.25180668,2026-07-13,\N,2,40.2518066796635,2026-07-29T18:04:35Z
wdi2-2019-2021-372906f371e0391f,COD,CD,COD,"Congo, Dem. Rep.",ISO-3166-1,economy,False,matched_iso,SH.XPD.CHEX.PP.CD,"Current health expenditure per capita, PPP (current international $)",current international $,2,World Development Indicators,2020,46.018856171,2026-07-13,\N,2,46.0188561707088,2026-07-29T18:04:35Z
wdi2-2019-2021-372906f371e0391f,COD,CD,COD,"Congo, Dem. Rep.",ISO-3166-1,economy,False,matched_iso,SH.XPD.CHEX.PP.CD,"Current health expenditure per capita, PPP (current international $)",current international $,2,World Development Indicators,2021,50.798884079,2026-07-13,\N,2,50.7988840786619,2026-07-29T18:04:35Z
wdi2-2019-2021-372906f371e0391f,COD,CD,COD,"Congo, Dem. Rep.",ISO-3166-1,economy,False,matched_iso,SP.POP.65UP.TO.ZS,Population ages 65 and above (% of total population),% of total population,2,World Development Indicators,2019,3.093294918,2026-07-13,\N,0,3.09329491821841,2026-07-29T18:04:35Z
wdi2-2019-2021-372906f371e0391f,COD,CD,COD,"Congo, Dem. Rep.",ISO-3166-1,economy,False,matched_iso,SP.POP.65UP.TO.ZS,Population ages 65 and above (% of total population),% of total population,2,World Development Indicators,2020,3.086076218,2026-07-13,\N,0,3.08607621806597,2026-07-29T18:04:35Z
wdi2-2019-2021-372906f371e0391f,COD,CD,COD,"Congo, Dem. Rep.",ISO-3166-1,economy,False,matched_iso,SP.POP.65UP.TO.ZS,Population ages 65 and above (% of total population),% of total population,2,World Development Indicators,2021,3.073628166,2026-07-13,\N,0,3.07362816575775,2026-07-29T18:04:35Z
wdi2-2019-2021-372906f371e0391f,COD,CD,COD,"Congo, Dem. Rep.",ISO-3166-1,economy,False,matched_iso,SP.POP.TOTL,"Population, total",people,2,World Development Indicators,2019,92947442,2026-07-13,\N,0,92947442,2026-07-29T18:04:35Z
wdi2-2019-2021-372906f371e0391f,COD,CD,COD,"Congo, Dem. Rep.",ISO-3166-1,economy,False,matched_iso,SP.POP.TOTL,"Population, total",people,2,World Development Indicators,2020,95989998,2026-07-13,\N,0,95989998,2026-07-29T18:04:35Z
wdi2-2019-2021-372906f371e0391f,COD,CD,COD,"Congo, Dem. Rep.",ISO-3166-1,economy,False,matched_iso,SP.POP.TOTL,"Population, total",people,2,World Development Indicators,2021,99148932,2026-07-13,\N,0,99148932,2026-07-29T18:04:35Z
wdi2-2019-2021-372906f371e0391f,COG,CG,COG,"Congo, Rep.",ISO-3166-1,economy,False,matched_iso,EN.POP.DNST,Population density (people per sq. km of land area),people per sq. km of land area,2,World Development Indicators,2019,16.447030747,2026-07-13,\N,0,16.4470307467057,2026-07-29T18:04:35Z
wdi2-2019-2021-372906f371e0391f,COG,CG,COG,"Congo, Rep.",ISO-3166-1,economy,False,matched_iso,EN.POP.DNST,Population density (people per sq. km of land area),people per sq. km of land area,2,World Development Indicators,2020,16.845654466,2026-07-13,\N,0,16.845654465593,2026-07-29T18:04:35Z
wdi2-2019-2021-372906f371e0391f,COG,CG,COG,"Congo, Rep.",ISO-3166-1,economy,False,matched_iso,EN.POP.DNST,Population density (people per sq. km of land area),people per sq. km of land area,2,World Development Indicators,2021,17.253830161,2026-07-13,\N,0,17.2538301610542,2026-07-29T18:04:35Z
wdi2-2019-2021-372906f371e0391f,COG,CG,COG,"Congo, Rep.",ISO-3166-1,economy,False,matched_iso,NY.GDP.PCAP.KD,GDP per capita (constant 2015 US$),constant 2015 US$,2,World Development Indicators,2019,1885.510808777,2026-07-13,\N,1,1885.51080877731,2026-07-29T18:04:35Z
wdi2-2019-2021-372906f371e0391f,COG,CG,COG,"Congo, Rep.",ISO-3166-1,economy,False,matched_iso,NY.GDP.PCAP.KD,GDP per capita (constant 2015 US$),constant 2015 US$,2,World Development Indicators,2020,1725.5104005,2026-07-13,\N,1,1725.51040049963,2026-07-29T18:04:35Z
wdi2-2019-2021-372906f371e0391f,COG,CG,COG,"Congo, Rep.",ISO-3166-1,economy,False,matched_iso,NY.GDP.PCAP.KD,GDP per capita (constant 2015 US$),constant 2015 US$,2,World Development Indicators,2021,1701.790604569,2026-07-13,\N,1,1701.79060456872,2026-07-29T18:04:35Z
wdi2-2019-2021-372906f371e0391f,COG,CG,COG,"Congo, Rep.",ISO-3166-1,economy,False,matched_iso,SH.XPD.CHEX.PP.CD,"Current health expenditure per capita, PPP (current international $)",current international $,2,World Development Indicators,2019,134.279775513,2026-07-13,\N,2,134.279775513188,2026-07-29T18:04:35Z
wdi2-2019-2021-372906f371e0391f,COG,CG,COG,"Congo, Rep.",ISO-3166-1,economy,False,matched_iso,SH.XPD.CHEX.PP.CD,"Current health expenditure per capita, PPP (current international $)",current international $,2,World Development Indicators,2020,191.685479197,2026-07-13,\N,2,191.685479196527,2026-07-29T18:04:35Z
wdi2-2019-2021-372906f371e0391f,COG,CG,COG,"Congo, Rep.",ISO-3166-1,economy,False,matched_iso,SH.XPD.CHEX.PP.CD,"Current health expenditure per capita, PPP (current international $)",current international $,2,World Development Indicators,2021,195.654215363,2026-07-13,\N,2,195.654215363488,2026-07-29T18:04:35Z
wdi2-2019-2021-372906f371e0391f,COG,CG,COG,"Congo, Rep.",ISO-3166-1,economy,False,matched_iso,SP.POP.65UP.TO.ZS,Population ages 65 and above (% of total population),% of total population,2,World Development Indicators,2019,2.727750527,2026-07-13,\N,0,2.72775052651388,2026-07-29T18:04:35Z
wdi2-2019-2021-372906f371e0391f,COG,CG,COG,"Congo, Rep.",ISO-3166-1,economy,False,matched_iso,SP.POP.65UP.TO.ZS,Population ages 65 and above (% of total population),% of total population,2,World Development Indicators,2020,2.759174004,2026-07-13,\N,0,2.75917400433755,2026-07-29T18:04:35Z
wdi2-2019-2021-372906f371e0391f,COG,CG,COG,"Congo, Rep.",ISO-3166-1,economy,False,matched_iso,SP.POP.65UP.TO.ZS,Population ages 65 and above (% of total population),% of total population,2,World Development Indicators,2021,2.797562465,2026-07-13,\N,0,2.79756246538846,2026-07-29T18:04:35Z
wdi2-2019-2021-372906f371e0391f,COG,CG,COG,"Congo, Rep.",ISO-3166-1,economy,False,matched_iso,SP.POP.TOTL,"Population, total",people,2,World Development Indicators,2019,5616661,2026-07-13,\N,0,5616661,2026-07-29T18:04:35Z
wdi2-2019-2021-372906f371e0391f,COG,CG,COG,"Congo, Rep.",ISO-3166-1,economy,False,matched_iso,SP.POP.TOTL,"Population, total",people,2,World Development Indicators,2020,5752791,2026-07-13,\N,0,5752791,2026-07-29T18:04:35Z
wdi2-2019-2021-372906f371e0391f,COG,CG,COG,"Congo, Rep.",ISO-3166-1,economy,False,matched_iso,SP.POP.TOTL,"Population, total",people,2,World Development Indicators,2021,5892183,2026-07-13,\N,0,5892183,2026-07-29T18:04:35Z
wdi2-2019-2021-372906f371e0391f,COL,CO,COL,Colombia,ISO-3166-1,economy,False,matched_iso,EN.POP.DNST,Population density (people per sq. km of land area),people per sq. km of land area,2,World Development Indicators,2019,44.982410996,2026-07-13,\N,0,44.9824109959441,2026-07-29T18:04:35Z
wdi2-2019-2021-372906f371e0391f,COL,CO,COL,Colombia,ISO-3166-1,economy,False,matched_iso,EN.POP.DNST,Population density (people per sq. km of land area),people per sq. km of land area,2,World Development Indicators,2020,45.63316539,2026-07-13,\N,0,45.6331653898152,2026-07-29T18:04:35Z
wdi2-2019-2021-372906f371e0391f,COL,CO,COL,Colombia,ISO-3166-1,economy,False,matched_iso,EN.POP.DNST,Population density (people per sq. km of land area),people per sq. km of land area,2,World Development Indicators,2021,46.136253267,2026-07-13,\N,0,46.1362532672375,2026-07-29T18:04:35Z
wdi2-2019-2021-372906f371e0391f,COL,CO,COL,Colombia,ISO-3166-1,economy,False,matched_iso,NY.GDP.PCAP.KD,GDP per capita (constant 2015 US$),constant 2015 US$,2,World Development Indicators,2019,6439.963598126,2026-07-13,\N,1,6439.96359812647,2026-07-29T18:04:35Z
wdi2-2019-2021-372906f371e0391f,COL,CO,COL,Colombia,ISO-3166-1,economy,False,matched_iso,NY.GDP.PCAP.KD,GDP per capita (constant 2015 US$),constant 2015 US$,2,World Development Indicators,2020,5891.955232154,2026-07-13,\N,1,5891.95523215403,2026-07-29T18:04:35Z
wdi2-2019-2021-372906f371e0391f,COL,CO,COL,Colombia,ISO-3166-1,economy,False,matched_iso,NY.GDP.PCAP.KD,GDP per capita (constant 2015 US$),constant 2015 US$,2,World Development Indicators,2021,6457.169218071,2026-07-13,\N,1,6457.16921807086,2026-07-29T18:04:35Z
wdi2-2019-2021-372906f371e0391f,COL,CO,COL,Colombia,ISO-3166-1,economy,False,matched_iso,SH.XPD.CHEX.PP.CD,"Current health expenditure per capita, PPP (current international $)",current international $,2,World Development Indicators,2019,1267.673609605,2026-07-13,\N,2,1267.67360960455,2026-07-29T18:04:35Z
wdi2-2019-2021-372906f371e0391f,COL,CO,COL,Colombia,ISO-3166-1,economy,False,matched_iso,SH.XPD.CHEX.PP.CD,"Current health expenditure per capita, PPP (current international $)",current international $,2,World Development Indicators,2020,1349.785262603,2026-07-13,\N,2,1349.78526260325,2026-07-29T18:04:35Z
wdi2-2019-2021-372906f371e0391f,COL,CO,COL,Colombia,ISO-3166-1,economy,False,matched_iso,SH.XPD.CHEX.PP.CD,"Current health expenditure per capita, PPP (current international $)",current international $,2,World Development Indicators,2021,1589.07613688,2026-07-13,\N,2,1589.07613688026,2026-07-29T18:04:35Z
wdi2-2019-2021-372906f371e0391f,COL,CO,COL,Colombia,ISO-3166-1,economy,False,matched_iso,SP.POP.65UP.TO.ZS,Population ages 65 and above (% of total population),% of total population,2,World Development Indicators,2019,8.190322651,2026-07-13,\N,0,8.19032265077422,2026-07-29T18:04:35Z
wdi2-2019-2021-372906f371e0391f,COL,CO,COL,Colombia,ISO-3166-1,economy,False,matched_iso,SP.POP.65UP.TO.ZS,Population ages 65 and above (% of total population),% of total population,2,World Development Indicators,2020,8.464125443,2026-07-13,\N,0,8.46412544262915,2026-07-29T18:04:35Z
wdi2-2019-2021-372906f371e0391f,COL,CO,COL,Colombia,ISO-3166-1,economy,False,matched_iso,SP.POP.65UP.TO.ZS,Population ages 65 and above (% of total population),% of total population,2,World Development Indicators,2021,8.71354982,2026-07-13,\N,0,8.71354982025291,2026-07-29T18:04:35Z
wdi2-2019-2021-372906f371e0391f,COL,CO,COL,Colombia,ISO-3166-1,economy,False,matched_iso,SP.POP.TOTL,"Population, total",people,2,World Development Indicators,2019,49907985,2026-07-13,\N,0,49907985,2026-07-29T18:04:35Z
wdi2-2019-2021-372906f371e0391f,COL,CO,COL,Colombia,ISO-3166-1,economy,False,matched_iso,SP.POP.TOTL,"Population, total",people,2,World Development Indicators,2020,50629997,2026-07-13,\N,0,50629997,2026-07-29T18:04:35Z
wdi2-2019-2021-372906f371e0391f,COL,CO,COL,Colombia,ISO-3166-1,economy,False,matched_iso,SP.POP.TOTL,"Population, total",people,2,World Development Indicators,2021,51188173,2026-07-13,\N,0,51188173,2026-07-29T18:04:35Z
wdi2-2019-2021-372906f371e0391f,COM,KM,COM,Comoros,ISO-3166-1,economy,False,matched_iso,EN.POP.DNST,Population density (people per sq. km of land area),people per sq. km of land area,2,World Development Indicators,2019,422.664159054,2026-07-13,\N,0,422.664159054272,2026-07-29T18:04:35Z
wdi2-2019-2021-372906f371e0391f,COM,KM,COM,Comoros,ISO-3166-1,economy,False,matched_iso,EN.POP.DNST,Population density (people per sq. km of land area),people per sq. km of land area,2,World Development Indicators,2020,431.038688877,2026-07-13,\N,0,431.038688876948,2026-07-29T18:04:35Z
wdi2-2019-2021-372906f371e0391f,COM,KM,COM,Comoros,ISO-3166-1,economy,False,matched_iso,EN.POP.DNST,Population density (people per sq. km of land area),people per sq. km of land area,2,World Development Indicators,2021,439.642127888,2026-07-13,\N,0,439.642127888232,2026-07-29T18:04:35Z
wdi2-2019-2021-372906f371e0391f,COM,KM,COM,Comoros,ISO-3166-1,economy,False,matched_iso,NY.GDP.PCAP.KD,GDP per capita (constant 2015 US$),constant 2015 US$,2,World Development Indicators,2019,1389.364880149,2026-07-13,\N,1,1389.36488014859,2026-07-29T18:04:35Z
wdi2-2019-2021-372906f371e0391f,COM,KM,COM,Comoros,ISO-3166-1,economy,False,matched_iso,NY.GDP.PCAP.KD,GDP per capita (constant 2015 US$),constant 2015 US$,2,World Development Indicators,2020,1359.707089182,2026-07-13,\N,1,1359.7070891825,2026-07-29T18:04:35Z
wdi2-2019-2021-372906f371e0391f,COM,KM,COM,Comoros,ISO-3166-1,economy,False,matched_iso,NY.GDP.PCAP.KD,GDP per capita (constant 2015 US$),constant 2015 US$,2,World Development Indicators,2021,1360.326633615,2026-07-13,\N,1,1360.32663361462,2026-07-29T18:04:35Z
wdi2-2019-2021-372906f371e0391f,COM,KM,COM,Comoros,ISO-3166-1,economy,False,matched_iso,SH.XPD.CHEX.PP.CD,"Current health expenditure per capita, PPP (current international $)",current international $,2,World Development Indicators,2019,170.594954584,2026-07-13,\N,2,170.594954583793,2026-07-29T18:04:35Z
wdi2-2019-2021-372906f371e0391f,COM,KM,COM,Comoros,ISO-3166-1,economy,False,matched_iso,SH.XPD.CHEX.PP.CD,"Current health expenditure per capita, PPP (current international $)",current international $,2,World Development Indicators,2020,191.52674588,2026-07-13,\N,2,191.526745880292,2026-07-29T18:04:35Z
wdi2-2019-2021-372906f371e0391f,COM,KM,COM,Comoros,ISO-3166-1,economy,False,matched_iso,SH.XPD.CHEX.PP.CD,"Current health expenditure per capita, PPP (current international $)",current international $,2,World Development Indicators,2021,218.317661366,2026-07-13,\N,2,218.317661366177,2026-07-29T18:04:35Z
wdi2-2019-2021-372906f371e0391f,COM,KM,COM,Comoros,ISO-3166-1,economy,False,matched_iso,SP.POP.65UP.TO.ZS,Population ages 65 and above (% of total population),% of total population,2,World Development Indicators,2019,4.457917714,2026-07-13,\N,0,4.45791771445426,2026-07-29T18:04:35Z
wdi2-2019-2021-372906f371e0391f,COM,KM,COM,Comoros,ISO-3166-1,economy,False,matched_iso,SP.POP.65UP.TO.ZS,Population ages 65 and above (% of total population),% of total population,2,World Development Indicators,2020,4.467730082,2026-07-13,\N,0,4.46773008245825,2026-07-29T18:04:35Z
wdi2-2019-2021-372906f371e0391f,COM,KM,COM,Comoros,ISO-3166-1,economy,False,matched_iso,SP.POP.65UP.TO.ZS,Population ages 65 and above (% of total population),% of total population,2,World Development Indicators,2021,4.455650964,2026-07-13,\N,0,4.45565096443363,2026-07-29T18:04:35Z
wdi2-2019-2021-372906f371e0391f,COM,KM,COM,Comoros,ISO-3166-1,economy,False,matched_iso,SP.POP.TOTL,"Population, total",people,2,World Development Indicators,2019,786578,2026-07-13,\N,0,786578,2026-07-29T18:04:35Z
wdi2-2019-2021-372906f371e0391f,COM,KM,COM,Comoros,ISO-3166-1,economy,False,matched_iso,SP.POP.TOTL,"Population, total",people,2,World Development Indicators,2020,802163,2026-07-13,\N,0,802163,2026-07-29T18:04:35Z
wdi2-2019-2021-372906f371e0391f,COM,KM,COM,Comoros,ISO-3166-1,economy,False,matched_iso,SP.POP.TOTL,"Population, total",people,2,World Development Indicators,2021,818174,2026-07-13,\N,0,818174,2026-07-29T18:04:35Z
wdi2-2019-2021-372906f371e0391f,CPV,CV,CPV,Cabo Verde,ISO-3166-1,economy,False,matched_iso,EN.POP.DNST,Population density (people per sq. km of land area),people per sq. km of land area,2,World Development Indicators,2019,127.569230769,2026-07-13,\N,0,127.569230769231,2026-07-29T18:04:35Z
wdi2-2019-2021-372906f371e0391f,CPV,CV,CPV,Cabo Verde,ISO-3166-1,economy,False,matched_iso,EN.POP.DNST,Population density (people per sq. km of land area),people per sq. km of land area,2,World Development Indicators,2020,127.71191067,2026-07-13,\N,0,127.711910669975,2026-07-29T18:04:35Z
wdi2-2019-2021-372906f371e0391f,CPV,CV,CPV,Cabo Verde,ISO-3166-1,economy,False,matched_iso,EN.POP.DNST,Population density (people per sq. km of land area),people per sq. km of land area,2,World Development Indicators,2021,128.200744417,2026-07-13,\N,0,128.200744416873,2026-07-29T18:04:35Z
wdi2-2019-2021-372906f371e0391f,CPV,CV,CPV,Cabo Verde,ISO-3166-1,economy,False,matched_iso,NY.GDP.PCAP.KD,GDP per capita (constant 2015 US$),constant 2015 US$,2,World Development Indicators,2019,4115.902834694,2026-07-13,\N,1,4115.90283469406,2026-07-29T18:04:35Z
wdi2-2019-2021-372906f371e0391f,CPV,CV,CPV,Cabo Verde,ISO-3166-1,economy,False,matched_iso,NY.GDP.PCAP.KD,GDP per capita (constant 2015 US$),constant 2015 US$,2,World Development Indicators,2020,3255.936289841,2026-07-13,\N,1,3255.93628984058,2026-07-29T18:04:35Z
wdi2-2019-2021-372906f371e0391f,CPV,CV,CPV,Cabo Verde,ISO-3166-1,economy,False,matched_iso,NY.GDP.PCAP.KD,GDP per capita (constant 2015 US$),constant 2015 US$,2,World Development Indicators,2021,3471.655342179,2026-07-13,\N,1,3471.6553421786,2026-07-29T18:04:35Z
wdi2-2019-2021-372906f371e0391f,CPV,CV,CPV,Cabo Verde,ISO-3166-1,economy,False,matched_iso,SH.XPD.CHEX.PP.CD,"Current health expenditure per capita, PPP (current international $)",current international $,2,World Development Indicators,2019,416.914882202,2026-07-13,\N,2,416.914882202261,2026-07-29T18:04:35Z
wdi2-2019-2021-372906f371e0391f,CPV,CV,CPV,Cabo Verde,ISO-3166-1,economy,False,matched_iso,SH.XPD.CHEX.PP.CD,"Current health expenditure per capita, PPP (current international $)",current international $,2,World Development Indicators,2020,483.502469156,2026-07-13,\N,2,483.502469156399,2026-07-29T18:04:35Z
wdi2-2019-2021-372906f371e0391f,CPV,CV,CPV,Cabo Verde,ISO-3166-1,economy,False,matched_iso,SH.XPD.CHEX.PP.CD,"Current health expenditure per capita, PPP (current international $)",current international $,2,World Development Indicators,2021,507.832608281,2026-07-13,\N,2,507.832608280835,2026-07-29T18:04:35Z
wdi2-2019-2021-372906f371e0391f,CPV,CV,CPV,Cabo Verde,ISO-3166-1,economy,False,matched_iso,SP.POP.65UP.TO.ZS,Population ages 65 and above (% of total population),% of total population,2,World Development Indicators,2019,5.814290494,2026-07-13,\N,0,5.81429049375224,2026-07-29T18:04:35Z
wdi2-2019-2021-372906f371e0391f,CPV,CV,CPV,Cabo Verde,ISO-3166-1,economy,False,matched_iso,SP.POP.65UP.TO.ZS,Population ages 65 and above (% of total population),% of total population,2,World Development Indicators,2020,5.982655225,2026-07-13,\N,0,5.98265522524212,2026-07-29T18:04:35Z
wdi2-2019-2021-372906f371e0391f,CPV,CV,CPV,Cabo Verde,ISO-3166-1,economy,False,matched_iso,SP.POP.65UP.TO.ZS,Population ages 65 and above (% of total population),% of total population,2,World Development Indicators,2021,6.13617756,2026-07-13,\N,0,6.13617755961978,2026-07-29T18:04:35Z
wdi2-2019-2021-372906f371e0391f,CPV,CV,CPV,Cabo Verde,ISO-3166-1,economy,False,matched_iso,SP.POP.TOTL,"Population, total",people,2,World Development Indicators,2019,514104,2026-07-13,\N,0,514104,2026-07-29T18:04:35Z
wdi2-2019-2021-372906f371e0391f,CPV,CV,CPV,Cabo Verde,ISO-3166-1,economy,False,matched_iso,SP.POP.TOTL,"Population, total",people,2,World Development Indicators,2020,514679,2026-07-13,\N,0,514679,2026-07-29T18:04:35Z
wdi2-2019-2021-372906f371e0391f,CPV,CV,CPV,Cabo Verde,ISO-3166-1,economy,False,matched_iso,SP.POP.TOTL,"Population, total",people,2,World Development Indicators,2021,516649,2026-07-13,\N,0,516649,2026-07-29T18:04:35Z
wdi2-2019-2021-372906f371e0391f,CRI,CR,CRI,Costa Rica,ISO-3166-1,economy,False,matched_iso,EN.POP.DNST,Population density (people per sq. km of land area),people per sq. km of land area,2,World Development Indicators,2019,97.915256561,2026-07-13,\N,0,97.9152565609087,2026-07-29T18:04:35Z
wdi2-2019-2021-372906f371e0391f,CRI,CR,CRI,Costa Rica,ISO-3166-1,economy,False,matched_iso,EN.POP.DNST,Population density (people per sq. km of land area),people per sq. km of land area,2,World Development Indicators,2020,98.596161379,2026-07-13,\N,0,98.5961613787701,2026-07-29T18:04:35Z
wdi2-2019-2021-372906f371e0391f,CRI,CR,CRI,Costa Rica,ISO-3166-1,economy,False,matched_iso,EN.POP.DNST,Population density (people per sq. km of land area),people per sq. km of land area,2,World Development Indicators,2021,99.098864081,2026-07-13,\N,0,99.0988640814728,2026-07-29T18:04:35Z
wdi2-2019-2021-372906f371e0391f,CRI,CR,CRI,Costa Rica,ISO-3166-1,economy,False,matched_iso,NY.GDP.PCAP.KD,GDP per capita (constant 2015 US$),constant 2015 US$,2,World Development Indicators,2019,12944.013449341,2026-07-13,\N,1,12944.013449341,2026-07-29T18:04:35Z
wdi2-2019-2021-372906f371e0391f,CRI,CR,CRI,Costa Rica,ISO-3166-1,economy,False,matched_iso,NY.GDP.PCAP.KD,GDP per capita (constant 2015 US$),constant 2015 US$,2,World Development Indicators,2020,12322.235945853,2026-07-13,\N,1,12322.2359458534,2026-07-29T18:04:35Z
wdi2-2019-2021-372906f371e0391f,CRI,CR,CRI,Costa Rica,ISO-3166-1,economy,False,matched_iso,NY.GDP.PCAP.KD,GDP per capita (constant 2015 US$),constant 2015 US$,2,World Development Indicators,2021,13267.254950804,2026-07-13,\N,1,13267.2549508035,2026-07-29T18:04:35Z
wdi2-2019-2021-372906f371e0391f,CRI,CR,CRI,Costa Rica,ISO-3166-1,economy,False,matched_iso,SH.XPD.CHEX.PP.CD,"Current health expenditure per capita, PPP (current international $)",current international $,2,World Development Indicators,2019,1685.411201692,2026-07-13,\N,2,1685.41120169222,2026-07-29T18:04:35Z
wdi2-2019-2021-372906f371e0391f,CRI,CR,CRI,Costa Rica,ISO-3166-1,economy,False,matched_iso,SH.XPD.CHEX.PP.CD,"Current health expenditure per capita, PPP (current international $)",current international $,2,World Development Indicators,2020,1729.415773027,2026-07-13,\N,2,1729.41577302746,2026-07-29T18:04:35Z
wdi2-2019-2021-372906f371e0391f,CRI,CR,CRI,Costa Rica,ISO-3166-1,economy,False,matched_iso,SH.XPD.CHEX.PP.CD,"Current health expenditure per capita, PPP (current international $)",current international $,2,World Development Indicators,2021,1815.518892661,2026-07-13,\N,2,1815.5188926614,2026-07-29T18:04:35Z
wdi2-2019-2021-372906f371e0391f,CRI,CR,CRI,Costa Rica,ISO-3166-1,economy,False,matched_iso,SP.POP.65UP.TO.ZS,Population ages 65 and above (% of total population),% of total population,2,World Development Indicators,2019,10.105472419,2026-07-13,\N,0,10.105472418687,2026-07-29T18:04:35Z
wdi2-2019-2021-372906f371e0391f,CRI,CR,CRI,Costa Rica,ISO-3166-1,economy,False,matched_iso,SP.POP.65UP.TO.ZS,Population ages 65 and above (% of total population),% of total population,2,World Development Indicators,2020,10.48509034,2026-07-13,\N,0,10.4850903399069,2026-07-29T18:04:35Z
wdi2-2019-2021-372906f371e0391f,CRI,CR,CRI,Costa Rica,ISO-3166-1,economy,False,matched_iso,SP.POP.65UP.TO.ZS,Population ages 65 and above (% of total population),% of total population,2,World Development Indicators,2021,10.865372691,2026-07-13,\N,0,10.8653726911381,2026-07-29T18:04:35Z
wdi2-2019-2021-372906f371e0391f,CRI,CR,CRI,Costa Rica,ISO-3166-1,economy,False,matched_iso,SP.POP.TOTL,"Population, total",people,2,World Development Indicators,2019,4999553,2026-07-13,\N,0,4999553,2026-07-29T18:04:35Z
wdi2-2019-2021-372906f371e0391f,CRI,CR,CRI,Costa Rica,ISO-3166-1,economy,False,matched_iso,SP.POP.TOTL,"Population, total",people,2,World Development Indicators,2020,5034320,2026-07-13,\N,0,5034320,2026-07-29T18:04:35Z
wdi2-2019-2021-372906f371e0391f,CRI,CR,CRI,Costa Rica,ISO-3166-1,economy,False,matched_iso,SP.POP.TOTL,"Population, total",people,2,World Development Indicators,2021,5059988,2026-07-13,\N,0,5059988,2026-07-29T18:04:35Z
wdi2-2019-2021-372906f371e0391f,CUB,CU,CUB,Cuba,ISO-3166-1,economy,False,matched_iso,EN.POP.DNST,Population density (people per sq. km of land area),people per sq. km of land area,2,World Development Indicators,2019,107.927225434,2026-07-13,\N,0,107.927225433526,2026-07-29T18:04:35Z
wdi2-2019-2021-372906f371e0391f,CUB,CU,CUB,Cuba,ISO-3166-1,economy,False,matched_iso,EN.POP.DNST,Population density (people per sq. km of land area),people per sq. km of land area,2,World Development Indicators,2020,107.672003854,2026-07-13,\N,0,107.672003853565,2026-07-29T18:04:35Z
wdi2-2019-2021-372906f371e0391f,CUB,CU,CUB,Cuba,ISO-3166-1,economy,False,matched_iso,EN.POP.DNST,Population density (people per sq. km of land area),people per sq. km of land area,2,World Development Indicators,2021,107.149980732,2026-07-13,\N,0,107.149980732177,2026-07-29T18:04:35Z
wdi2-2019-2021-372906f371e0391f,CUB,CU,CUB,Cuba,ISO-3166-1,economy,False,matched_iso,NY.GDP.PCAP.KD,GDP per capita (constant 2015 US$),constant 2015 US$,2,World Development Indicators,2019,8124.752820591,2026-07-13,\N,1,8124.75282059108,2026-07-29T18:04:35Z
wdi2-2019-2021-372906f371e0391f,CUB,CU,CUB,Cuba,ISO-3166-1,economy,False,matched_iso,NY.GDP.PCAP.KD,GDP per capita (constant 2015 US$),constant 2015 US$,2,World Development Indicators,2020,7252.288111798,2026-07-13,\N,1,7252.28811179844,2026-07-29T18:04:35Z
wdi2-2019-2021-372906f371e0391f,CUB,CU,CUB,Cuba,ISO-3166-1,economy,False,matched_iso,NY.GDP.PCAP.KD,GDP per capita (constant 2015 US$),constant 2015 US$,2,World Development Indicators,2021,7379.042752837,2026-07-13,\N,1,7379.04275283674,2026-07-29T18:04:35Z
wdi2-2019-2021-372906f371e0391f,CUB,CU,CUB,Cuba,ISO-3166-1,economy,False,matched_iso,SH.XPD.CHEX.PP.CD,"Current health expenditure per capita, PPP (current international $)",current international $,2,World Development Indicators,2019,2829.261413775,2026-07-13,\N,2,2829.26141377499,2026-07-29T18:04:35Z
wdi2-2019-2021-372906f371e0391f,CUB,CU,CUB,Cuba,ISO-3166-1,economy,False,matched_iso,SH.XPD.CHEX.PP.CD,"Current health expenditure per capita, PPP (current international $)",current international $,2,World Development Indicators,2020,2882.542738352,2026-07-13,\N,2,2882.54273835221,2026-07-29T18:04:35Z
wdi2-2019-2021-372906f371e0391f,CUB,CU,CUB,Cuba,ISO-3166-1,economy,False,matched_iso,SH.XPD.CHEX.PP.CD,"Current health expenditure per capita, PPP (current international $)",current international $,2,World Development Indicators,2021,3386.376072513,2026-07-13,\N,2,3386.37607251304,2026-07-29T18:04:35Z
wdi2-2019-2021-372906f371e0391f,CUB,CU,CUB,Cuba,ISO-3166-1,economy,False,matched_iso,SP.POP.65UP.TO.ZS,Population ages 65 and above (% of total population),% of total population,2,World Development Indicators,2019,15.369705369,2026-07-13,\N,0,15.3697053690774,2026-07-29T18:04:35Z
wdi2-2019-2021-372906f371e0391f,CUB,CU,CUB,Cuba,ISO-3166-1,economy,False,matched_iso,SP.POP.65UP.TO.ZS,Population ages 65 and above (% of total population),% of total population,2,World Development Indicators,2020,15.63955025,2026-07-13,\N,0,15.6395502504663,2026-07-29T18:04:35Z
wdi2-2019-2021-372906f371e0391f,CUB,CU,CUB,Cuba,ISO-3166-1,economy,False,matched_iso,SP.POP.65UP.TO.ZS,Population ages 65 and above (% of total population),% of total population,2,World Development Indicators,2021,15.744578047,2026-07-13,\N,0,15.7445780469879,2026-07-29T18:04:35Z
wdi2-2019-2021-372906f371e0391f,CUB,CU,CUB,Cuba,ISO-3166-1,economy,False,matched_iso,SP.POP.TOTL,"Population, total",people,2,World Development Indicators,2019,11202846,2026-07-13,\N,0,11202846,2026-07-29T18:04:35Z
wdi2-2019-2021-372906f371e0391f,CUB,CU,CUB,Cuba,ISO-3166-1,economy,False,matched_iso,SP.POP.TOTL,"Population, total",people,2,World Development Indicators,2020,11176354,2026-07-13,\N,0,11176354,2026-07-29T18:04:35Z
wdi2-2019-2021-372906f371e0391f,CUB,CU,CUB,Cuba,ISO-3166-1,economy,False,matched_iso,SP.POP.TOTL,"Population, total",people,2,World Development Indicators,2021,11122168,2026-07-13,\N,0,11122168,2026-07-29T18:04:35Z
wdi2-2019-2021-372906f371e0391f,CUW,CW,CUW,Curacao,ISO-3166-1,economy,False,matched_iso,EN.POP.DNST,Population density (people per sq. km of land area),people per sq. km of land area,2,World Development Indicators,2019,354.596846847,2026-07-13,\N,0,354.596846846847,2026-07-29T18:04:35Z
wdi2-2019-2021-372906f371e0391f,CUW,CW,CUW,Curacao,ISO-3166-1,economy,False,matched_iso,EN.POP.DNST,Population density (people per sq. km of land area),people per sq. km of land area,2,World Development Indicators,2020,350.184684685,2026-07-13,\N,0,350.184684684685,2026-07-29T18:04:35Z
wdi2-2019-2021-372906f371e0391f,CUW,CW,CUW,Curacao,ISO-3166-1,economy,False,matched_iso,EN.POP.DNST,Population density (people per sq. km of land area),people per sq. km of land area,2,World Development Indicators,2021,346.72972973,2026-07-13,\N,0,346.72972972973,2026-07-29T18:04:35Z
wdi2-2019-2021-372906f371e0391f,CUW,CW,CUW,Curacao,ISO-3166-1,economy,False,matched_iso,NY.GDP.PCAP.KD,GDP per capita (constant 2015 US$),constant 2015 US$,2,World Development Indicators,2019,17980.529817711,2026-07-13,\N,1,17980.5298177114,2026-07-29T18:04:35Z
wdi2-2019-2021-372906f371e0391f,CUW,CW,CUW,Curacao,ISO-3166-1,economy,False,matched_iso,NY.GDP.PCAP.KD,GDP per capita (constant 2015 US$),constant 2015 US$,2,World Development Indicators,2020,14849.969847492,2026-07-13,\N,1,14849.9698474917,2026-07-29T18:04:35Z
wdi2-2019-2021-372906f371e0391f,CUW,CW,CUW,Curacao,ISO-3166-1,economy,False,matched_iso,NY.GDP.PCAP.KD,GDP per capita (constant 2015 US$),constant 2015 US$,2,World Development Indicators,2021,15625.411322795,2026-07-13,\N,1,15625.4113227953,2026-07-29T18:04:35Z
wdi2-2019-2021-372906f371e0391f,CUW,CW,CUW,Curacao,ISO-3166-1,economy,False,matched_iso,SH.XPD.CHEX.PP.CD,"Current health expenditure per capita, PPP (current international $)",current international $,2,World Development Indicators,2019,\N,2026-07-13,\N,2,\N,2026-07-29T18:04:35Z
wdi2-2019-2021-372906f371e0391f,CUW,CW,CUW,Curacao,ISO-3166-1,economy,False,matched_iso,SH.XPD.CHEX.PP.CD,"Current health expenditure per capita, PPP (current international $)",current international $,2,World Development Indicators,2020,\N,2026-07-13,\N,2,\N,2026-07-29T18:04:35Z
wdi2-2019-2021-372906f371e0391f,CUW,CW,CUW,Curacao,ISO-3166-1,economy,False,matched_iso,SH.XPD.CHEX.PP.CD,"Current health expenditure per capita, PPP (current international $)",current international $,2,World Development Indicators,2021,\N,2026-07-13,\N,2,\N,2026-07-29T18:04:35Z
wdi2-2019-2021-372906f371e0391f,CUW,CW,CUW,Curacao,ISO-3166-1,economy,False,matched_iso,SP.POP.65UP.TO.ZS,Population ages 65 and above (% of total population),% of total population,2,World Development Indicators,2019,14.140063205,2026-07-13,\N,0,14.1400632046554,2026-07-29T18:04:35Z
wdi2-2019-2021-372906f371e0391f,CUW,CW,CUW,Curacao,ISO-3166-1,economy,False,matched_iso,SP.POP.65UP.TO.ZS,Population ages 65 and above (% of total population),% of total population,2,World Development Indicators,2020,14.927196273,2026-07-13,\N,0,14.9271962727951,2026-07-29T18:04:35Z
wdi2-2019-2021-372906f371e0391f,CUW,CW,CUW,Curacao,ISO-3166-1,economy,False,matched_iso,SP.POP.65UP.TO.ZS,Population ages 65 and above (% of total population),% of total population,2,World Development Indicators,2021,15.342836098,2026-07-13,\N,0,15.3428360975531,2026-07-29T18:04:35Z
wdi2-2019-2021-372906f371e0391f,CUW,CW,CUW,Curacao,ISO-3166-1,economy,False,matched_iso,SP.POP.TOTL,"Population, total",people,2,World Development Indicators,2019,157441,2026-07-13,\N,0,157441,2026-07-29T18:04:35Z
wdi2-2019-2021-372906f371e0391f,CUW,CW,CUW,Curacao,ISO-3166-1,economy,False,matched_iso,SP.POP.TOTL,"Population, total",people,2,World Development Indicators,2020,155482,2026-07-13,\N,0,155482,2026-07-29T18:04:35Z
wdi2-2019-2021-372906f371e0391f,CUW,CW,CUW,Curacao,ISO-3166-1,economy,False,matched_iso,SP.POP.TOTL,"Population, total",people,2,World Development Indicators,2021,153948,2026-07-13,\N,0,153948,2026-07-29T18:04:35Z
wdi2-2019-2021-372906f371e0391f,CYM,KY,CYM,Cayman Islands,ISO-3166-1,economy,False,matched_iso,EN.POP.DNST,Population density (people per sq. km of land area),people per sq. km of land area,2,World Development Indicators,2019,280.529166667,2026-07-13,\N,0,280.529166666667,2026-07-29T18:04:35Z
wdi2-2019-2021-372906f371e0391f,CYM,KY,CYM,Cayman Islands,ISO-3166-1,economy,False,matched_iso,EN.POP.DNST,Population density (people per sq. km of land area),people per sq. km of land area,2,World Development Indicators,2020,286.183333333,2026-07-13,\N,0,286.183333333333,2026-07-29T18:04:35Z
wdi2-2019-2021-372906f371e0391f,CYM,KY,CYM,Cayman Islands,ISO-3166-1,economy,False,matched_iso,EN.POP.DNST,Population density (people per sq. km of land area),people per sq. km of land area,2,World Development Indicators,2021,292.116666667,2026-07-13,\N,0,292.116666666667,2026-07-29T18:04:35Z
wdi2-2019-2021-372906f371e0391f,CYM,KY,CYM,Cayman Islands,ISO-3166-1,economy,False,matched_iso,NY.GDP.PCAP.KD,GDP per capita (constant 2015 US$),constant 2015 US$,2,World Development Indicators,2019,80714.571822299,2026-07-13,\N,1,80714.5718222987,2026-07-29T18:04:35Z
wdi2-2019-2021-372906f371e0391f,CYM,KY,CYM,Cayman Islands,ISO-3166-1,economy,False,matched_iso,NY.GDP.PCAP.KD,GDP per capita (constant 2015 US$),constant 2015 US$,2,World Development Indicators,2020,75199.644600628,2026-07-13,\N,1,75199.6446006284,2026-07-29T18:04:35Z
wdi2-2019-2021-372906f371e0391f,CYM,KY,CYM,Cayman Islands,ISO-3166-1,economy,False,matched_iso,NY.GDP.PCAP.KD,GDP per capita (constant 2015 US$),constant 2015 US$,2,World Development Indicators,2021,77259.633109606,2026-07-13,\N,1,77259.6331096058,2026-07-29T18:04:35Z
wdi2-2019-2021-372906f371e0391f,CYM,KY,CYM,Cayman Islands,ISO-3166-1,economy,False,matched_iso,SH.XPD.CHEX.PP.CD,"Current health expenditure per capita, PPP (current international $)",current international $,2,World Development Indicators,2019,\N,2026-07-13,\N,2,\N,2026-07-29T18:04:35Z
wdi2-2019-2021-372906f371e0391f,CYM,KY,CYM,Cayman Islands,ISO-3166-1,economy,False,matched_iso,SH.XPD.CHEX.PP.CD,"Current health expenditure per capita, PPP (current international $)",current international $,2,World Development Indicators,2020,\N,2026-07-13,\N,2,\N,2026-07-29T18:04:35Z
wdi2-2019-2021-372906f371e0391f,CYM,KY,CYM,Cayman Islands,ISO-3166-1,economy,False,matched_iso,SH.XPD.CHEX.PP.CD,"Current health expenditure per capita, PPP (current international $)",current international $,2,World Development Indicators,2021,\N,2026-07-13,\N,2,\N,2026-07-29T18:04:35Z
wdi2-2019-2021-372906f371e0391f,CYM,KY,CYM,Cayman Islands,ISO-3166-1,economy,False,matched_iso,SP.POP.65UP.TO.ZS,Population ages 65 and above (% of total population),% of total population,2,World Development Indicators,2019,7.163545086,2026-07-13,\N,0,7.16354508592392,2026-07-29T18:04:35Z
wdi2-2019-2021-372906f371e0391f,CYM,KY,CYM,Cayman Islands,ISO-3166-1,economy,False,matched_iso,SP.POP.65UP.TO.ZS,Population ages 65 and above (% of total population),% of total population,2,World Development Indicators,2020,7.447095051,2026-07-13,\N,0,7.44709505055726,2026-07-29T18:04:35Z
wdi2-2019-2021-372906f371e0391f,CYM,KY,CYM,Cayman Islands,ISO-3166-1,economy,False,matched_iso,SP.POP.65UP.TO.ZS,Population ages 65 and above (% of total population),% of total population,2,World Development Indicators,2021,7.76379132,2026-07-13,\N,0,7.76379132047213,2026-07-29T18:04:35Z
wdi2-2019-2021-372906f371e0391f,CYM,KY,CYM,Cayman Islands,ISO-3166-1,economy,False,matched_iso,SP.POP.TOTL,"Population, total",people,2,World Development Indicators,2019,67327,2026-07-13,\N,0,67327,2026-07-29T18:04:35Z
wdi2-2019-2021-372906f371e0391f,CYM,KY,CYM,Cayman Islands,ISO-3166-1,economy,False,matched_iso,SP.POP.TOTL,"Population, total",people,2,World Development Indicators,2020,68684,2026-07-13,\N,0,68684,2026-07-29T18:04:35Z
wdi2-2019-2021-372906f371e0391f,CYM,KY,CYM,Cayman Islands,ISO-3166-1,economy,False,matched_iso,SP.POP.TOTL,"Population, total",people,2,World Development Indicators,2021,70108,2026-07-13,\N,0,70108,2026-07-29T18:04:35Z
wdi2-2019-2021-372906f371e0391f,CYP,CY,CYP,Cyprus,ISO-3166-1,economy,False,matched_iso,EN.POP.DNST,Population density (people per sq. km of land area),people per sq. km of land area,2,World Development Indicators,2019,139.250108225,2026-07-13,\N,0,139.250108225108,2026-07-29T18:04:35Z
wdi2-2019-2021-372906f371e0391f,CYP,CY,CYP,Cyprus,ISO-3166-1,economy,False,matched_iso,EN.POP.DNST,Population density (people per sq. km of land area),people per sq. km of land area,2,World Development Indicators,2020,140.935822511,2026-07-13,\N,0,140.935822510823,2026-07-29T18:04:35Z
wdi2-2019-2021-372906f371e0391f,CYP,CY,CYP,Cyprus,ISO-3166-1,economy,False,matched_iso,EN.POP.DNST,Population density (people per sq. km of land area),people per sq. km of land area,2,World Development Indicators,2021,142.565909091,2026-07-13,\N,0,142.565909090909,2026-07-29T18:04:35Z
wdi2-2019-2021-372906f371e0391f,CYP,CY,CYP,Cyprus,ISO-3166-1,economy,False,matched_iso,NY.GDP.PCAP.KD,GDP per capita (constant 2015 US$),constant 2015 US$,2,World Development Indicators,2019,28167.146484375,2026-07-13,\N,1,28167.146484375,2026-07-29T18:04:35Z
wdi2-2019-2021-372906f371e0391f,CYP,CY,CYP,Cyprus,ISO-3166-1,economy,False,matched_iso,NY.GDP.PCAP.KD,GDP per capita (constant 2015 US$),constant 2015 US$,2,World Development Indicators,2020,26895.671875,2026-07-13,\N,1,26895.671875,2026-07-29T18:04:35Z
wdi2-2019-2021-372906f371e0391f,CYP,CY,CYP,Cyprus,ISO-3166-1,economy,False,matched_iso,NY.GDP.PCAP.KD,GDP per capita (constant 2015 US$),constant 2015 US$,2,World Development Indicators,2021,29517.05859375,2026-07-13,\N,1,29517.05859375,2026-07-29T18:04:35Z
wdi2-2019-2021-372906f371e0391f,CYP,CY,CYP,Cyprus,ISO-3166-1,economy,False,matched_iso,SH.XPD.CHEX.PP.CD,"Current health expenditure per capita, PPP (current international $)",current international $,2,World Development Indicators,2019,3128.231701231,2026-07-13,\N,2,3128.23170123149,2026-07-29T18:04:35Z
wdi2-2019-2021-372906f371e0391f,CYP,CY,CYP,Cyprus,ISO-3166-1,economy,False,matched_iso,SH.XPD.CHEX.PP.CD,"Current health expenditure per capita, PPP (current international $)",current international $,2,World Development Indicators,2020,3705.918005833,2026-07-13,\N,2,3705.91800583255,2026-07-29T18:04:35Z
wdi2-2019-2021-372906f371e0391f,CYP,CY,CYP,Cyprus,ISO-3166-1,economy,False,matched_iso,SH.XPD.CHEX.PP.CD,"Current health expenditure per capita, PPP (current international $)",current international $,2,World Development Indicators,2021,4262.484884418,2026-07-13,\N,2,4262.48488441782,2026-07-29T18:04:35Z
wdi2-2019-2021-372906f371e0391f,CYP,CY,CYP,Cyprus,ISO-3166-1,economy,False,matched_iso,SP.POP.65UP.TO.ZS,Population ages 65 and above (% of total population),% of total population,2,World Development Indicators,2019,13.382553356,2026-07-13,\N,0,13.3825533556934,2026-07-29T18:04:35Z
wdi2-2019-2021-372906f371e0391f,CYP,CY,CYP,Cyprus,ISO-3166-1,economy,False,matched_iso,SP.POP.65UP.TO.ZS,Population ages 65 and above (% of total population),% of total population,2,World Development Indicators,2020,13.61127589,2026-07-13,\N,0,13.6112758903357,2026-07-29T18:04:35Z
wdi2-2019-2021-372906f371e0391f,CYP,CY,CYP,Cyprus,ISO-3166-1,economy,False,matched_iso,SP.POP.65UP.TO.ZS,Population ages 65 and above (% of total population),% of total population,2,World Development Indicators,2021,13.851425084,2026-07-13,\N,0,13.8514250837978,2026-07-29T18:04:35Z
wdi2-2019-2021-372906f371e0391f,CYP,CY,CYP,Cyprus,ISO-3166-1,economy,False,matched_iso,SP.POP.TOTL,"Population, total",people,2,World Development Indicators,2019,1286671,2026-07-13,\N,0,1286671,2026-07-29T18:04:35Z
wdi2-2019-2021-372906f371e0391f,CYP,CY,CYP,Cyprus,ISO-3166-1,economy,False,matched_iso,SP.POP.TOTL,"Population, total",people,2,World Development Indicators,2020,1302247,2026-07-13,\N,0,1302247,2026-07-29T18:04:35Z
wdi2-2019-2021-372906f371e0391f,CYP,CY,CYP,Cyprus,ISO-3166-1,economy,False,matched_iso,SP.POP.TOTL,"Population, total",people,2,World Development Indicators,2021,1317309,2026-07-13,\N,0,1317309,2026-07-29T18:04:35Z
wdi2-2019-2021-372906f371e0391f,CZE,CZ,CZE,Czechia,ISO-3166-1,economy,False,matched_iso,EN.POP.DNST,Population density (people per sq. km of land area),people per sq. km of land area,2,World Development Indicators,2019,138.226810266,2026-07-13,\N,0,138.226810266108,2026-07-29T18:04:35Z
wdi2-2019-2021-372906f371e0391f,CZE,CZ,CZE,Czechia,ISO-3166-1,economy,False,matched_iso,EN.POP.DNST,Population density (people per sq. km of land area),people per sq. km of land area,2,World Development Indicators,2020,138.575928842,2026-07-13,\N,0,138.575928842168,2026-07-29T18:04:35Z
wdi2-2019-2021-372906f371e0391f,CZE,CZ,CZE,Czechia,ISO-3166-1,economy,False,matched_iso,EN.POP.DNST,Population density (people per sq. km of land area),people per sq. km of land area,2,World Development Indicators,2021,136.108349054,2026-07-13,\N,0,136.108349053848,2026-07-29T18:04:35Z
wdi2-2019-2021-372906f371e0391f,CZE,CZ,CZE,Czechia,ISO-3166-1,economy,False,matched_iso,NY.GDP.PCAP.KD,GDP per capita (constant 2015 US$),constant 2015 US$,2,World Development Indicators,2019,20360.059922181,2026-07-13,\N,1,20360.0599221814,2026-07-29T18:04:35Z
wdi2-2019-2021-372906f371e0391f,CZE,CZ,CZE,Czechia,ISO-3166-1,economy,False,matched_iso,NY.GDP.PCAP.KD,GDP per capita (constant 2015 US$),constant 2015 US$,2,World Development Indicators,2020,19233.146954983,2026-07-13,\N,1,19233.1469549829,2026-07-29T18:04:35Z
wdi2-2019-2021-372906f371e0391f,CZE,CZ,CZE,Czechia,ISO-3166-1,economy,False,matched_iso,NY.GDP.PCAP.KD,GDP per capita (constant 2015 US$),constant 2015 US$,2,World Development Indicators,2021,20373.878304342,2026-07-13,\N,1,20373.8783043424,2026-07-29T18:04:35Z
wdi2-2019-2021-372906f371e0391f,CZE,CZ,CZE,Czechia,ISO-3166-1,economy,False,matched_iso,SH.XPD.CHEX.PP.CD,"Current health expenditure per capita, PPP (current international $)",current international $,2,World Development Indicators,2019,3422.447154383,2026-07-13,\N,2,3422.44715438304,2026-07-29T18:04:35Z
wdi2-2019-2021-372906f371e0391f,CZE,CZ,CZE,Czechia,ISO-3166-1,economy,False,matched_iso,SH.XPD.CHEX.PP.CD,"Current health expenditure per capita, PPP (current international $)",current international $,2,World Development Indicators,2020,4023.556774431,2026-07-13,\N,2,4023.55677443083,2026-07-29T18:04:35Z
wdi2-2019-2021-372906f371e0391f,CZE,CZ,CZE,Czechia,ISO-3166-1,economy,False,matched_iso,SH.XPD.CHEX.PP.CD,"Current health expenditure per capita, PPP (current international $)",current international $,2,World Development Indicators,2021,4379.907044757,2026-07-13,\N,2,4379.90704475699,2026-07-29T18:04:35Z
wdi2-2019-2021-372906f371e0391f,CZE,CZ,CZE,Czechia,ISO-3166-1,economy,False,matched_iso,SP.POP.65UP.TO.ZS,Population ages 65 and above (% of total population),% of total population,2,World Development Indicators,2019,19.948587738,2026-07-13,\N,0,19.9485877378936,2026-07-29T18:04:35Z
wdi2-2019-2021-372906f371e0391f,CZE,CZ,CZE,Czechia,ISO-3166-1,economy,False,matched_iso,SP.POP.65UP.TO.ZS,Population ages 65 and above (% of total population),% of total population,2,World Development Indicators,2020,20.293973643,2026-07-13,\N,0,20.2939736426932,2026-07-29T18:04:35Z
wdi2-2019-2021-372906f371e0391f,CZE,CZ,CZE,Czechia,ISO-3166-1,economy,False,matched_iso,SP.POP.65UP.TO.ZS,Population ages 65 and above (% of total population),% of total population,2,World Development Indicators,2021,20.537154168,2026-07-13,\N,0,20.5371541683077,2026-07-29T18:04:35Z
wdi2-2019-2021-372906f371e0391f,CZE,CZ,CZE,Czechia,ISO-3166-1,economy,False,matched_iso,SP.POP.TOTL,"Population, total",people,2,World Development Indicators,2019,10671870,2026-07-13,\N,0,10671870,2026-07-29T18:04:35Z
wdi2-2019-2021-372906f371e0391f,CZE,CZ,CZE,Czechia,ISO-3166-1,economy,False,matched_iso,SP.POP.TOTL,"Population, total",people,2,World Development Indicators,2020,10697858,2026-07-13,\N,0,10697858,2026-07-29T18:04:35Z
wdi2-2019-2021-372906f371e0391f,CZE,CZ,CZE,Czechia,ISO-3166-1,economy,False,matched_iso,SP.POP.TOTL,"Population, total",people,2,World Development Indicators,2021,10505772,2026-07-13,\N,0,10505772,2026-07-29T18:04:35Z
wdi2-2019-2021-372906f371e0391f,DEU,DE,DEU,Germany,ISO-3166-1,economy,False,matched_iso,EN.POP.DNST,Population density (people per sq. km of land area),people per sq. km of land area,2,World Development Indicators,2019,237.822954292,2026-07-13,\N,0,237.822954291766,2026-07-29T18:04:35Z
wdi2-2019-2021-372906f371e0391f,DEU,DE,DEU,Germany,ISO-3166-1,economy,False,matched_iso,EN.POP.DNST,Population density (people per sq. km of land area),people per sq. km of land area,2,World Development Indicators,2020,238.017318756,2026-07-13,\N,0,238.017318755545,2026-07-29T18:04:35Z
wdi2-2019-2021-372906f371e0391f,DEU,DE,DEU,Germany,ISO-3166-1,economy,False,matched_iso,EN.POP.DNST,Population density (people per sq. km of land area),people per sq. km of land area,2,World Development Indicators,2021,238.118085807,2026-07-13,\N,0,238.118085806692,2026-07-29T18:04:35Z
wdi2-2019-2021-372906f371e0391f,DEU,DE,DEU,Germany,ISO-3166-1,economy,False,matched_iso,NY.GDP.PCAP.KD,GDP per capita (constant 2015 US$),constant 2015 US$,2,World Development Indicators,2019,44235.265895468,2026-07-13,\N,1,44235.2658954682,2026-07-29T18:04:35Z
wdi2-2019-2021-372906f371e0391f,DEU,DE,DEU,Germany,ISO-3166-1,economy,False,matched_iso,NY.GDP.PCAP.KD,GDP per capita (constant 2015 US$),constant 2015 US$,2,World Development Indicators,2020,42372.872678426,2026-07-13,\N,1,42372.8726784255,2026-07-29T18:04:35Z
wdi2-2019-2021-372906f371e0391f,DEU,DE,DEU,Germany,ISO-3166-1,economy,False,matched_iso,NY.GDP.PCAP.KD,GDP per capita (constant 2015 US$),constant 2015 US$,2,World Development Indicators,2021,44011.019463167,2026-07-13,\N,1,44011.0194631674,2026-07-29T18:04:35Z
wdi2-2019-2021-372906f371e0391f,DEU,DE,DEU,Germany,ISO-3166-1,economy,False,matched_iso,SH.XPD.CHEX.PP.CD,"Current health expenditure per capita, PPP (current international $)",current international $,2,World Development Indicators,2019,6779.507981277,2026-07-13,\N,2,6779.50798127688,2026-07-29T18:04:35Z
wdi2-2019-2021-372906f371e0391f,DEU,DE,DEU,Germany,ISO-3166-1,economy,False,matched_iso,SH.XPD.CHEX.PP.CD,"Current health expenditure per capita, PPP (current international $)",current international $,2,World Development Indicators,2020,7316.328168155,2026-07-13,\N,2,7316.32816815478,2026-07-29T18:04:35Z
wdi2-2019-2021-372906f371e0391f,DEU,DE,DEU,Germany,ISO-3166-1,economy,False,matched_iso,SH.XPD.CHEX.PP.CD,"Current health expenditure per capita, PPP (current international $)",current international $,2,World Development Indicators,2021,7960.362949846,2026-07-13,\N,2,7960.36294984594,2026-07-29T18:04:35Z
wdi2-2019-2021-372906f371e0391f,DEU,DE,DEU,Germany,ISO-3166-1,economy,False,matched_iso,SP.POP.65UP.TO.ZS,Population ages 65 and above (% of total population),% of total population,2,World Development Indicators,2019,21.628393307,2026-07-13,\N,0,21.6283933065816,2026-07-29T18:04:35Z
wdi2-2019-2021-372906f371e0391f,DEU,DE,DEU,Germany,ISO-3166-1,economy,False,matched_iso,SP.POP.65UP.TO.ZS,Population ages 65 and above (% of total population),% of total population,2,World Development Indicators,2020,21.844728117,2026-07-13,\N,0,21.8447281174981,2026-07-29T18:04:35Z
wdi2-2019-2021-372906f371e0391f,DEU,DE,DEU,Germany,ISO-3166-1,economy,False,matched_iso,SP.POP.65UP.TO.ZS,Population ages 65 and above (% of total population),% of total population,2,World Development Indicators,2021,22.134537366,2026-07-13,\N,0,22.1345373657439,2026-07-29T18:04:35Z
wdi2-2019-2021-372906f371e0391f,DEU,DE,DEU,Germany,ISO-3166-1,economy,False,matched_iso,SP.POP.TOTL,"Population, total",people,2,World Development Indicators,2019,83092962,2026-07-13,\N,0,83092962,2026-07-29T18:04:35Z
wdi2-2019-2021-372906f371e0391f,DEU,DE,DEU,Germany,ISO-3166-1,economy,False,matched_iso,SP.POP.TOTL,"Population, total",people,2,World Development Indicators,2020,83160871,2026-07-13,\N,0,83160871,2026-07-29T18:04:35Z
wdi2-2019-2021-372906f371e0391f,DEU,DE,DEU,Germany,ISO-3166-1,economy,False,matched_iso,SP.POP.TOTL,"Population, total",people,2,World Development Indicators,2021,83196078,2026-07-13,\N,0,83196078,2026-07-29T18:04:35Z
wdi2-2019-2021-372906f371e0391f,DJI,DJ,DJI,Djibouti,ISO-3166-1,economy,False,matched_iso,EN.POP.DNST,Population density (people per sq. km of land area),people per sq. km of land area,2,World Development Indicators,2019,46.967601381,2026-07-13,\N,0,46.9676013805004,2026-07-29T18:04:35Z
wdi2-2019-2021-372906f371e0391f,DJI,DJ,DJI,Djibouti,ISO-3166-1,economy,False,matched_iso,EN.POP.DNST,Population density (people per sq. km of land area),people per sq. km of land area,2,World Development Indicators,2020,47.678515962,2026-07-13,\N,0,47.6785159620362,2026-07-29T18:04:35Z
wdi2-2019-2021-372906f371e0391f,DJI,DJ,DJI,Djibouti,ISO-3166-1,economy,False,matched_iso,EN.POP.DNST,Population density (people per sq. km of land area),people per sq. km of land area,2,World Development Indicators,2021,48.371354616,2026-07-13,\N,0,48.3713546160483,2026-07-29T18:04:35Z
wdi2-2019-2021-372906f371e0391f,DJI,DJ,DJI,Djibouti,ISO-3166-1,economy,False,matched_iso,NY.GDP.PCAP.KD,GDP per capita (constant 2015 US$),constant 2015 US$,2,World Development Indicators,2019,2781.943501135,2026-07-13,\N,1,2781.94350113484,2026-07-29T18:04:35Z
wdi2-2019-2021-372906f371e0391f,DJI,DJ,DJI,Djibouti,ISO-3166-1,economy,False,matched_iso,NY.GDP.PCAP.KD,GDP per capita (constant 2015 US$),constant 2015 US$,2,World Development Indicators,2020,2773.406617801,2026-07-13,\N,1,2773.40661780097,2026-07-29T18:04:35Z
wdi2-2019-2021-372906f371e0391f,DJI,DJ,DJI,Djibouti,ISO-3166-1,economy,False,matched_iso,NY.GDP.PCAP.KD,GDP per capita (constant 2015 US$),constant 2015 US$,2,World Development Indicators,2021,2854.159870351,2026-07-13,\N,1,2854.15987035097,2026-07-29T18:04:35Z
wdi2-2019-2021-372906f371e0391f,DJI,DJ,DJI,Djibouti,ISO-3166-1,economy,False,matched_iso,SH.XPD.CHEX.PP.CD,"Current health expenditure per capita, PPP (current international $)",current international $,2,World Development Indicators,2019,130.279623168,2026-07-13,\N,2,130.279623168379,2026-07-29T18:04:35Z
wdi2-2019-2021-372906f371e0391f,DJI,DJ,DJI,Djibouti,ISO-3166-1,economy,False,matched_iso,SH.XPD.CHEX.PP.CD,"Current health expenditure per capita, PPP (current international $)",current international $,2,World Development Indicators,2020,129.255074069,2026-07-13,\N,2,129.255074069272,2026-07-29T18:04:35Z
wdi2-2019-2021-372906f371e0391f,DJI,DJ,DJI,Djibouti,ISO-3166-1,economy,False,matched_iso,SH.XPD.CHEX.PP.CD,"Current health expenditure per capita, PPP (current international $)",current international $,2,World Development Indicators,2021,171.131379093,2026-07-13,\N,2,171.131379093134,2026-07-29T18:04:35Z
wdi2-2019-2021-372906f371e0391f,DJI,DJ,DJI,Djibouti,ISO-3166-1,economy,False,matched_iso,SP.POP.65UP.TO.ZS,Population ages 65 and above (% of total population),% of total population,2,World Development Indicators,2019,4.405814593,2026-07-13,\N,0,4.4058145932476,2026-07-29T18:04:35Z
wdi2-2019-2021-372906f371e0391f,DJI,DJ,DJI,Djibouti,ISO-3166-1,economy,False,matched_iso,SP.POP.65UP.TO.ZS,Population ages 65 and above (% of total population),% of total population,2,World Development Indicators,2020,4.475073709,2026-07-13,\N,0,4.47507370914554,2026-07-29T18:04:35Z
wdi2-2019-2021-372906f371e0391f,DJI,DJ,DJI,Djibouti,ISO-3166-1,economy,False,matched_iso,SP.POP.65UP.TO.ZS,Population ages 65 and above (% of total population),% of total population,2,World Development Indicators,2021,4.541056038,2026-07-13,\N,0,4.54105603755815,2026-07-29T18:04:35Z
wdi2-2019-2021-372906f371e0391f,DJI,DJ,DJI,Djibouti,ISO-3166-1,economy,False,matched_iso,SP.POP.TOTL,"Population, total",people,2,World Development Indicators,2019,1088709,2026-07-13,\N,0,1088709,2026-07-29T18:04:35Z
wdi2-2019-2021-372906f371e0391f,DJI,DJ,DJI,Djibouti,ISO-3166-1,economy,False,matched_iso,SP.POP.TOTL,"Population, total",people,2,World Development Indicators,2020,1105188,2026-07-13,\N,0,1105188,2026-07-29T18:04:35Z
wdi2-2019-2021-372906f371e0391f,DJI,DJ,DJI,Djibouti,ISO-3166-1,economy,False,matched_iso,SP.POP.TOTL,"Population, total",people,2,World Development Indicators,2021,1121248,2026-07-13,\N,0,1121248,2026-07-29T18:04:35Z
wdi2-2019-2021-372906f371e0391f,DMA,DM,DMA,Dominica,ISO-3166-1,economy,False,matched_iso,EN.POP.DNST,Population density (people per sq. km of land area),people per sq. km of land area,2,World Development Indicators,2019,90.506666667,2026-07-13,\N,0,90.5066666666667,2026-07-29T18:04:35Z
wdi2-2019-2021-372906f371e0391f,DMA,DM,DMA,Dominica,ISO-3166-1,economy,False,matched_iso,EN.POP.DNST,Population density (people per sq. km of land area),people per sq. km of land area,2,World Development Indicators,2020,90.097333333,2026-07-13,\N,0,90.0973333333333,2026-07-29T18:04:35Z
wdi2-2019-2021-372906f371e0391f,DMA,DM,DMA,Dominica,ISO-3166-1,economy,False,matched_iso,EN.POP.DNST,Population density (people per sq. km of land area),people per sq. km of land area,2,World Development Indicators,2021,89.602666667,2026-07-13,\N,0,89.6026666666667,2026-07-29T18:04:35Z
wdi2-2019-2021-372906f371e0391f,DMA,DM,DMA,Dominica,ISO-3166-1,economy,False,matched_iso,NY.GDP.PCAP.KD,GDP per capita (constant 2015 US$),constant 2015 US$,2,World Development Indicators,2019,8624.516959935,2026-07-13,\N,1,8624.51695993537,2026-07-29T18:04:35Z
wdi2-2019-2021-372906f371e0391f,DMA,DM,DMA,Dominica,ISO-3166-1,economy,False,matched_iso,NY.GDP.PCAP.KD,GDP per capita (constant 2015 US$),constant 2015 US$,2,World Development Indicators,2020,7302.944549513,2026-07-13,\N,1,7302.94454951254,2026-07-29T18:04:35Z
wdi2-2019-2021-372906f371e0391f,DMA,DM,DMA,Dominica,ISO-3166-1,economy,False,matched_iso,NY.GDP.PCAP.KD,GDP per capita (constant 2015 US$),constant 2015 US$,2,World Development Indicators,2021,7738.317300704,2026-07-13,\N,1,7738.31730070386,2026-07-29T18:04:35Z
wdi2-2019-2021-372906f371e0391f,DMA,DM,DMA,Dominica,ISO-3166-1,economy,False,matched_iso,SH.XPD.CHEX.PP.CD,"Current health expenditure per capita, PPP (current international $)",current international $,2,World Development Indicators,2019,785.973467434,2026-07-13,\N,2,785.973467434478,2026-07-29T18:04:35Z
wdi2-2019-2021-372906f371e0391f,DMA,DM,DMA,Dominica,ISO-3166-1,economy,False,matched_iso,SH.XPD.CHEX.PP.CD,"Current health expenditure per capita, PPP (current international $)",current international $,2,World Development Indicators,2020,823.680915198,2026-07-13,\N,2,823.680915198011,2026-07-29T18:04:35Z
wdi2-2019-2021-372906f371e0391f,DMA,DM,DMA,Dominica,ISO-3166-1,economy,False,matched_iso,SH.XPD.CHEX.PP.CD,"Current health expenditure per capita, PPP (current international $)",current international $,2,World Development Indicators,2021,984.077278678,2026-07-13,\N,2,984.077278677849,2026-07-29T18:04:35Z
wdi2-2019-2021-372906f371e0391f,DMA,DM,DMA,Dominica,ISO-3166-1,economy,False,matched_iso,SP.POP.65UP.TO.ZS,Population ages 65 and above (% of total population),% of total population,2,World Development Indicators,2019,11.968090983,2026-07-13,\N,0,11.9680909834194,2026-07-29T18:04:35Z
wdi2-2019-2021-372906f371e0391f,DMA,DM,DMA,Dominica,ISO-3166-1,economy,False,matched_iso,SP.POP.65UP.TO.ZS,Population ages 65 and above (% of total population),% of total population,2,World Development Indicators,2020,12.185340299,2026-07-13,\N,0,12.18534029864,2026-07-29T18:04:35Z
wdi2-2019-2021-372906f371e0391f,DMA,DM,DMA,Dominica,ISO-3166-1,economy,False,matched_iso,SP.POP.65UP.TO.ZS,Population ages 65 and above (% of total population),% of total population,2,World Development Indicators,2021,12.411088956,2026-07-13,\N,0,12.4110889556858,2026-07-29T18:04:35Z
wdi2-2019-2021-372906f371e0391f,DMA,DM,DMA,Dominica,ISO-3166-1,economy,False,matched_iso,SP.POP.TOTL,"Population, total",people,2,World Development Indicators,2019,67880,2026-07-13,\N,0,67880,2026-07-29T18:04:35Z
wdi2-2019-2021-372906f371e0391f,DMA,DM,DMA,Dominica,ISO-3166-1,economy,False,matched_iso,SP.POP.TOTL,"Population, total",people,2,World Development Indicators,2020,67573,2026-07-13,\N,0,67573,2026-07-29T18:04:35Z
wdi2-2019-2021-372906f371e0391f,DMA,DM,DMA,Dominica,ISO-3166-1,economy,False,matched_iso,SP.POP.TOTL,"Population, total",people,2,World Development Indicators,2021,67202,2026-07-13,\N,0,67202,2026-07-29T18:04:35Z
wdi2-2019-2021-372906f371e0391f,DNK,DK,DNK,Denmark,ISO-3166-1,economy,False,matched_iso,EN.POP.DNST,Population density (people per sq. km of land area),people per sq. km of land area,2,World Development Indicators,2019,145.36055,2026-07-13,\N,0,145.36055,2026-07-29T18:04:35Z
wdi2-2019-2021-372906f371e0391f,DNK,DK,DNK,Denmark,ISO-3166-1,economy,False,matched_iso,EN.POP.DNST,Population density (people per sq. km of land area),people per sq. km of land area,2,World Development Indicators,2020,145.7851,2026-07-13,\N,0,145.7851,2026-07-29T18:04:35Z
wdi2-2019-2021-372906f371e0391f,DNK,DK,DNK,Denmark,ISO-3166-1,economy,False,matched_iso,EN.POP.DNST,Population density (people per sq. km of land area),people per sq. km of land area,2,World Development Indicators,2021,146.418325,2026-07-13,\N,0,146.418325,2026-07-29T18:04:35Z
wdi2-2019-2021-372906f371e0391f,DNK,DK,DNK,Denmark,ISO-3166-1,economy,False,matched_iso,NY.GDP.PCAP.KD,GDP per capita (constant 2015 US$),constant 2015 US$,2,World Development Indicators,2019,57114.622733635,2026-07-13,\N,1,57114.6227336347,2026-07-29T18:04:35Z
wdi2-2019-2021-372906f371e0391f,DNK,DK,DNK,Denmark,ISO-3166-1,economy,False,matched_iso,NY.GDP.PCAP.KD,GDP per capita (constant 2015 US$),constant 2015 US$,2,World Development Indicators,2020,55934.555594552,2026-07-13,\N,1,55934.5555945523,2026-07-29T18:04:35Z
wdi2-2019-2021-372906f371e0391f,DNK,DK,DNK,Denmark,ISO-3166-1,economy,False,matched_iso,NY.GDP.PCAP.KD,GDP per capita (constant 2015 US$),constant 2015 US$,2,World Development Indicators,2021,59312.815804377,2026-07-13,\N,1,59312.8158043771,2026-07-29T18:04:35Z
wdi2-2019-2021-372906f371e0391f,DNK,DK,DNK,Denmark,ISO-3166-1,economy,False,matched_iso,SH.XPD.CHEX.PP.CD,"Current health expenditure per capita, PPP (current international $)",current international $,2,World Development Indicators,2019,6171.199044275,2026-07-13,\N,2,6171.19904427546,2026-07-29T18:04:35Z
wdi2-2019-2021-372906f371e0391f,DNK,DK,DNK,Denmark,ISO-3166-1,economy,False,matched_iso,SH.XPD.CHEX.PP.CD,"Current health expenditure per capita, PPP (current international $)",current international $,2,World Development Indicators,2020,6702.081487988,2026-07-13,\N,2,6702.08148798787,2026-07-29T18:04:35Z
wdi2-2019-2021-372906f371e0391f,DNK,DK,DNK,Denmark,ISO-3166-1,economy,False,matched_iso,SH.XPD.CHEX.PP.CD,"Current health expenditure per capita, PPP (current international $)",current international $,2,World Development Indicators,2021,7428.625853641,2026-07-13,\N,2,7428.62585364137,2026-07-29T18:04:35Z
wdi2-2019-2021-372906f371e0391f,DNK,DK,DNK,Denmark,ISO-3166-1,economy,False,matched_iso,SP.POP.65UP.TO.ZS,Population ages 65 and above (% of total population),% of total population,2,World Development Indicators,2019,19.71438023,2026-07-13,\N,0,19.7143802297606,2026-07-29T18:04:35Z
wdi2-2019-2021-372906f371e0391f,DNK,DK,DNK,Denmark,ISO-3166-1,economy,False,matched_iso,SP.POP.65UP.TO.ZS,Population ages 65 and above (% of total population),% of total population,2,World Development Indicators,2020,20.000814538,2026-07-13,\N,0,20.0008145375227,2026-07-29T18:04:35Z
wdi2-2019-2021-372906f371e0391f,DNK,DK,DNK,Denmark,ISO-3166-1,economy,False,matched_iso,SP.POP.65UP.TO.ZS,Population ages 65 and above (% of total population),% of total population,2,World Development Indicators,2021,20.248126252,2026-07-13,\N,0,20.2481262517018,2026-07-29T18:04:35Z
wdi2-2019-2021-372906f371e0391f,DNK,DK,DNK,Denmark,ISO-3166-1,economy,False,matched_iso,SP.POP.TOTL,"Population, total",people,2,World Development Indicators,2019,5814422,2026-07-13,\N,0,5814422,2026-07-29T18:04:35Z
wdi2-2019-2021-372906f371e0391f,DNK,DK,DNK,Denmark,ISO-3166-1,economy,False,matched_iso,SP.POP.TOTL,"Population, total",people,2,World Development Indicators,2020,5831404,2026-07-13,\N,0,5831404,2026-07-29T18:04:35Z
wdi2-2019-2021-372906f371e0391f,DNK,DK,DNK,Denmark,ISO-3166-1,economy,False,matched_iso,SP.POP.TOTL,"Population, total",people,2,World Development Indicators,2021,5856733,2026-07-13,\N,0,5856733,2026-07-29T18:04:35Z
wdi2-2019-2021-372906f371e0391f,DOM,DO,DOM,Dominican Republic,ISO-3166-1,economy,False,matched_iso,EN.POP.DNST,Population density (people per sq. km of land area),people per sq. km of land area,2,World Development Indicators,2019,226.026774544,2026-07-13,\N,0,226.026774543851,2026-07-29T18:04:35Z
wdi2-2019-2021-372906f371e0391f,DOM,DO,DOM,Dominican Republic,ISO-3166-1,economy,False,matched_iso,EN.POP.DNST,Population density (people per sq. km of land area),people per sq. km of land area,2,World Development Indicators,2020,228.397349103,2026-07-13,\N,0,228.397349102723,2026-07-29T18:04:35Z
wdi2-2019-2021-372906f371e0391f,DOM,DO,DOM,Dominican Republic,ISO-3166-1,economy,False,matched_iso,EN.POP.DNST,Population density (people per sq. km of land area),people per sq. km of land area,2,World Development Indicators,2021,230.786990835,2026-07-13,\N,0,230.786990834893,2026-07-29T18:04:35Z
wdi2-2019-2021-372906f371e0391f,DOM,DO,DOM,Dominican Republic,ISO-3166-1,economy,False,matched_iso,NY.GDP.PCAP.KD,GDP per capita (constant 2015 US$),constant 2015 US$,2,World Development Indicators,2019,8117.046391858,2026-07-13,\N,1,8117.04639185786,2026-07-29T18:04:35Z
wdi2-2019-2021-372906f371e0391f,DOM,DO,DOM,Dominican Republic,ISO-3166-1,economy,False,matched_iso,NY.GDP.PCAP.KD,GDP per capita (constant 2015 US$),constant 2015 US$,2,World Development Indicators,2020,7395.87342624,2026-07-13,\N,1,7395.8734262396,2026-07-29T18:04:35Z
wdi2-2019-2021-372906f371e0391f,DOM,DO,DOM,Dominican Republic,ISO-3166-1,economy,False,matched_iso,NY.GDP.PCAP.KD,GDP per capita (constant 2015 US$),constant 2015 US$,2,World Development Indicators,2021,8344.905103124,2026-07-13,\N,1,8344.90510312395,2026-07-29T18:04:35Z
wdi2-2019-2021-372906f371e0391f,DOM,DO,DOM,Dominican Republic,ISO-3166-1,economy,False,matched_iso,SH.XPD.CHEX.PP.CD,"Current health expenditure per capita, PPP (current international $)",current international $,2,World Development Indicators,2019,863.429664886,2026-07-13,\N,2,863.429664885623,2026-07-29T18:04:35Z
wdi2-2019-2021-372906f371e0391f,DOM,DO,DOM,Dominican Republic,ISO-3166-1,economy,False,matched_iso,SH.XPD.CHEX.PP.CD,"Current health expenditure per capita, PPP (current international $)",current international $,2,World Development Indicators,2020,943.24749445,2026-07-13,\N,2,943.24749445021,2026-07-29T18:04:35Z
wdi2-2019-2021-372906f371e0391f,DOM,DO,DOM,Dominican Republic,ISO-3166-1,economy,False,matched_iso,SH.XPD.CHEX.PP.CD,"Current health expenditure per capita, PPP (current international $)",current international $,2,World Development Indicators,2021,1122.168169331,2026-07-13,\N,2,1122.16816933052,2026-07-29T18:04:35Z
wdi2-2019-2021-372906f371e0391f,DOM,DO,DOM,Dominican Republic,ISO-3166-1,economy,False,matched_iso,SP.POP.65UP.TO.ZS,Population ages 65 and above (% of total population),% of total population,2,World Development Indicators,2019,6.582826661,2026-07-13,\N,0,6.58282666119334,2026-07-29T18:04:35Z
wdi2-2019-2021-372906f371e0391f,DOM,DO,DOM,Dominican Republic,ISO-3166-1,economy,False,matched_iso,SP.POP.65UP.TO.ZS,Population ages 65 and above (% of total population),% of total population,2,World Development Indicators,2020,6.809970659,2026-07-13,\N,0,6.80997065850313,2026-07-29T18:04:35Z
wdi2-2019-2021-372906f371e0391f,DOM,DO,DOM,Dominican Republic,ISO-3166-1,economy,False,matched_iso,SP.POP.65UP.TO.ZS,Population ages 65 and above (% of total population),% of total population,2,World Development Indicators,2021,7.02934528,2026-07-13,\N,0,7.02934527971945,2026-07-29T18:04:35Z
wdi2-2019-2021-372906f371e0391f,DOM,DO,DOM,Dominican Republic,ISO-3166-1,economy,False,matched_iso,SP.POP.TOTL,"Population, total",people,2,World Development Indicators,2019,10894043,2026-07-13,\N,0,10894043,2026-07-29T18:04:35Z
wdi2-2019-2021-372906f371e0391f,DOM,DO,DOM,Dominican Republic,ISO-3166-1,economy,False,matched_iso,SP.POP.TOTL,"Population, total",people,2,World Development Indicators,2020,11008300,2026-07-13,\N,0,11008300,2026-07-29T18:04:35Z
wdi2-2019-2021-372906f371e0391f,DOM,DO,DOM,Dominican Republic,ISO-3166-1,economy,False,matched_iso,SP.POP.TOTL,"Population, total",people,2,World Development Indicators,2021,11123476,2026-07-13,\N,0,11123476,2026-07-29T18:04:35Z
wdi2-2019-2021-372906f371e0391f,DZA,DZ,DZA,Algeria,ISO-3166-1,economy,False,matched_iso,EN.POP.DNST,Population density (people per sq. km of land area),people per sq. km of land area,2,World Development Indicators,2019,18.177696138,2026-07-13,\N,0,18.1776961381175,2026-07-29T18:04:35Z
wdi2-2019-2021-372906f371e0391f,DZA,DZ,DZA,Algeria,ISO-3166-1,economy,False,matched_iso,EN.POP.DNST,Population density (people per sq. km of land area),people per sq. km of land area,2,World Development Indicators,2020,18.491561212,2026-07-13,\N,0,18.4915612115512,2026-07-29T18:04:35Z
wdi2-2019-2021-372906f371e0391f,DZA,DZ,DZA,Algeria,ISO-3166-1,economy,False,matched_iso,EN.POP.DNST,Population density (people per sq. km of land area),people per sq. km of land area,2,World Development Indicators,2021,18.793444708,2026-07-13,\N,0,18.7934447084904,2026-07-29T18:04:35Z
wdi2-2019-2021-372906f371e0391f,DZA,DZ,DZA,Algeria,ISO-3166-1,economy,False,matched_iso,NY.GDP.PCAP.KD,GDP per capita (constant 2015 US$),constant 2015 US$,2,World Development Indicators,2019,4672.664086786,2026-07-13,\N,1,4672.66408678635,2026-07-29T18:04:35Z
wdi2-2019-2021-372906f371e0391f,DZA,DZ,DZA,Algeria,ISO-3166-1,economy,False,matched_iso,NY.GDP.PCAP.KD,GDP per capita (constant 2015 US$),constant 2015 US$,2,World Development Indicators,2020,4363.685337678,2026-07-13,\N,1,4363.68533767783,2026-07-29T18:04:35Z
wdi2-2019-2021-372906f371e0391f,DZA,DZ,DZA,Algeria,ISO-3166-1,economy,False,matched_iso,NY.GDP.PCAP.KD,GDP per capita (constant 2015 US$),constant 2015 US$,2,World Development Indicators,2021,4456.746876378,2026-07-13,\N,1,4456.74687637774,2026-07-29T18:04:35Z
wdi2-2019-2021-372906f371e0391f,DZA,DZ,DZA,Algeria,ISO-3166-1,economy,False,matched_iso,SH.XPD.CHEX.PP.CD,"Current health expenditure per capita, PPP (current international $)",current international $,2,World Development Indicators,2019,752.603182303,2026-07-13,\N,2,752.603182302769,2026-07-29T18:04:35Z
wdi2-2019-2021-372906f371e0391f,DZA,DZ,DZA,Algeria,ISO-3166-1,economy,False,matched_iso,SH.XPD.CHEX.PP.CD,"Current health expenditure per capita, PPP (current international $)",current international $,2,World Development Indicators,2020,714.740771177,2026-07-13,\N,2,714.740771176575,2026-07-29T18:04:35Z
wdi2-2019-2021-372906f371e0391f,DZA,DZ,DZA,Algeria,ISO-3166-1,economy,False,matched_iso,SH.XPD.CHEX.PP.CD,"Current health expenditure per capita, PPP (current international $)",current international $,2,World Development Indicators,2021,728.016227109,2026-07-13,\N,2,728.016227108625,2026-07-29T18:04:35Z
wdi2-2019-2021-372906f371e0391f,DZA,DZ,DZA,Algeria,ISO-3166-1,economy,False,matched_iso,SP.POP.65UP.TO.ZS,Population ages 65 and above (% of total population),% of total population,2,World Development Indicators,2019,5.774977985,2026-07-13,\N,0,5.77497798452489,2026-07-29T18:04:35Z
wdi2-2019-2021-372906f371e0391f,DZA,DZ,DZA,Algeria,ISO-3166-1,economy,False,matched_iso,SP.POP.65UP.TO.ZS,Population ages 65 and above (% of total population),% of total population,2,World Development Indicators,2020,5.894088907,2026-07-13,\N,0,5.89408890690499,2026-07-29T18:04:35Z
wdi2-2019-2021-372906f371e0391f,DZA,DZ,DZA,Algeria,ISO-3166-1,economy,False,matched_iso,SP.POP.65UP.TO.ZS,Population ages 65 and above (% of total population),% of total population,2,World Development Indicators,2021,6.014041344,2026-07-13,\N,0,6.0140413442485,2026-07-29T18:04:35Z
wdi2-2019-2021-372906f371e0391f,DZA,DZ,DZA,Algeria,ISO-3166-1,economy,False,matched_iso,SP.POP.TOTL,"Population, total",people,2,World Development Indicators,2019,43294546,2026-07-13,\N,0,43294546,2026-07-29T18:04:35Z
wdi2-2019-2021-372906f371e0391f,DZA,DZ,DZA,Algeria,ISO-3166-1,economy,False,matched_iso,SP.POP.TOTL,"Population, total",people,2,World Development Indicators,2020,44042091,2026-07-13,\N,0,44042091,2026-07-29T18:04:35Z
wdi2-2019-2021-372906f371e0391f,DZA,DZ,DZA,Algeria,ISO-3166-1,economy,False,matched_iso,SP.POP.TOTL,"Population, total",people,2,World Development Indicators,2021,44761099,2026-07-13,\N,0,44761099,2026-07-29T18:04:35Z
wdi2-2019-2021-372906f371e0391f,ECU,EC,ECU,Ecuador,ISO-3166-1,economy,False,matched_iso,EN.POP.DNST,Population density (people per sq. km of land area),people per sq. km of land area,2,World Development Indicators,2019,69.818090675,2026-07-13,\N,0,69.8180906748269,2026-07-29T18:04:35Z
wdi2-2019-2021-372906f371e0391f,ECU,EC,ECU,Ecuador,ISO-3166-1,economy,False,matched_iso,EN.POP.DNST,Population density (people per sq. km of land area),people per sq. km of land area,2,World Development Indicators,2020,70.647708971,2026-07-13,\N,0,70.6477089708488,2026-07-29T18:04:35Z
wdi2-2019-2021-372906f371e0391f,ECU,EC,ECU,Ecuador,ISO-3166-1,economy,False,matched_iso,EN.POP.DNST,Population density (people per sq. km of land area),people per sq. km of land area,2,World Development Indicators,2021,71.19686745,2026-07-13,\N,0,71.1968674504751,2026-07-29T18:04:35Z
wdi2-2019-2021-372906f371e0391f,ECU,EC,ECU,Ecuador,ISO-3166-1,economy,False,matched_iso,NY.GDP.PCAP.KD,GDP per capita (constant 2015 US$),constant 2015 US$,2,World Development Indicators,2019,5971.389383867,2026-07-13,\N,1,5971.38938386723,2026-07-29T18:04:35Z
wdi2-2019-2021-372906f371e0391f,ECU,EC,ECU,Ecuador,ISO-3166-1,economy,False,matched_iso,NY.GDP.PCAP.KD,GDP per capita (constant 2015 US$),constant 2015 US$,2,World Development Indicators,2020,5355.689341964,2026-07-13,\N,1,5355.68934196443,2026-07-29T18:04:35Z
wdi2-2019-2021-372906f371e0391f,ECU,EC,ECU,Ecuador,ISO-3166-1,economy,False,matched_iso,NY.GDP.PCAP.KD,GDP per capita (constant 2015 US$),constant 2015 US$,2,World Development Indicators,2021,5815.094773909,2026-07-13,\N,1,5815.09477390949,2026-07-29T18:04:35Z
wdi2-2019-2021-372906f371e0391f,ECU,EC,ECU,Ecuador,ISO-3166-1,economy,False,matched_iso,SH.XPD.CHEX.PP.CD,"Current health expenditure per capita, PPP (current international $)",current international $,2,World Development Indicators,2019,979.458593093,2026-07-13,\N,2,979.458593093136,2026-07-29T18:04:35Z
wdi2-2019-2021-372906f371e0391f,ECU,EC,ECU,Ecuador,ISO-3166-1,economy,False,matched_iso,SH.XPD.CHEX.PP.CD,"Current health expenditure per capita, PPP (current international $)",current international $,2,World Development Indicators,2020,992.001247876,2026-07-13,\N,2,992.00124787597,2026-07-29T18:04:35Z
wdi2-2019-2021-372906f371e0391f,ECU,EC,ECU,Ecuador,ISO-3166-1,economy,False,matched_iso,SH.XPD.CHEX.PP.CD,"Current health expenditure per capita, PPP (current international $)",current international $,2,World Development Indicators,2021,1131.283106927,2026-07-13,\N,2,1131.28310692747,2026-07-29T18:04:35Z
wdi2-2019-2021-372906f371e0391f,ECU,EC,ECU,Ecuador,ISO-3166-1,economy,False,matched_iso,SP.POP.65UP.TO.ZS,Population ages 65 and above (% of total population),% of total population,2,World Development Indicators,2019,7.407911807,2026-07-13,\N,0,7.40791180679909,2026-07-29T18:04:35Z
wdi2-2019-2021-372906f371e0391f,ECU,EC,ECU,Ecuador,ISO-3166-1,economy,False,matched_iso,SP.POP.65UP.TO.ZS,Population ages 65 and above (% of total population),% of total population,2,World Development Indicators,2020,7.561752665,2026-07-13,\N,0,7.56175266539115,2026-07-29T18:04:35Z
wdi2-2019-2021-372906f371e0391f,ECU,EC,ECU,Ecuador,ISO-3166-1,economy,False,matched_iso,SP.POP.65UP.TO.ZS,Population ages 65 and above (% of total population),% of total population,2,World Development Indicators,2021,7.670366125,2026-07-13,\N,0,7.67036612479336,2026-07-29T18:04:35Z
wdi2-2019-2021-372906f371e0391f,ECU,EC,ECU,Ecuador,ISO-3166-1,economy,False,matched_iso,SP.POP.TOTL,"Population, total",people,2,World Development Indicators,2019,17340021,2026-07-13,\N,0,17340021,2026-07-29T18:04:35Z
wdi2-2019-2021-372906f371e0391f,ECU,EC,ECU,Ecuador,ISO-3166-1,economy,False,matched_iso,SP.POP.TOTL,"Population, total",people,2,World Development Indicators,2020,17546065,2026-07-13,\N,0,17546065,2026-07-29T18:04:35Z
wdi2-2019-2021-372906f371e0391f,ECU,EC,ECU,Ecuador,ISO-3166-1,economy,False,matched_iso,SP.POP.TOTL,"Population, total",people,2,World Development Indicators,2021,17682454,2026-07-13,\N,0,17682454,2026-07-29T18:04:35Z
wdi2-2019-2021-372906f371e0391f,EGY,EG,EGY,"Egypt, Arab Rep.",ISO-3166-1,economy,False,matched_iso,EN.POP.DNST,Population density (people per sq. km of land area),people per sq. km of land area,2,World Development Indicators,2019,108.044761666,2026-07-13,\N,0,108.044761665578,2026-07-29T18:04:35Z
wdi2-2019-2021-372906f371e0391f,EGY,EG,EGY,"Egypt, Arab Rep.",ISO-3166-1,economy,False,matched_iso,EN.POP.DNST,Population density (people per sq. km of land area),people per sq. km of land area,2,World Development Indicators,2020,109.814781255,2026-07-13,\N,0,109.814781254709,2026-07-29T18:04:35Z
wdi2-2019-2021-372906f371e0391f,EGY,EG,EGY,"Egypt, Arab Rep.",ISO-3166-1,economy,False,matched_iso,EN.POP.DNST,Population density (people per sq. km of land area),people per sq. km of land area,2,World Development Indicators,2021,111.464169973,2026-07-13,\N,0,111.464169973379,2026-07-29T18:04:35Z
wdi2-2019-2021-372906f371e0391f,EGY,EG,EGY,"Egypt, Arab Rep.",ISO-3166-1,economy,False,matched_iso,NY.GDP.PCAP.KD,GDP per capita (constant 2015 US$),constant 2015 US$,2,World Development Indicators,2019,3701.244634495,2026-07-13,\N,1,3701.2446344954,2026-07-29T18:04:35Z
wdi2-2019-2021-372906f371e0391f,EGY,EG,EGY,"Egypt, Arab Rep.",ISO-3166-1,economy,False,matched_iso,NY.GDP.PCAP.KD,GDP per capita (constant 2015 US$),constant 2015 US$,2,World Development Indicators,2020,3770.869478685,2026-07-13,\N,1,3770.86947868544,2026-07-29T18:04:35Z
wdi2-2019-2021-372906f371e0391f,EGY,EG,EGY,"Egypt, Arab Rep.",ISO-3166-1,economy,False,matched_iso,NY.GDP.PCAP.KD,GDP per capita (constant 2015 US$),constant 2015 US$,2,World Development Indicators,2021,3837.319923253,2026-07-13,\N,1,3837.31992325256,2026-07-29T18:04:35Z
wdi2-2019-2021-372906f371e0391f,EGY,EG,EGY,"Egypt, Arab Rep.",ISO-3166-1,economy,False,matched_iso,SH.XPD.CHEX.PP.CD,"Current health expenditure per capita, PPP (current international $)",current international $,2,World Development Indicators,2019,614.660471611,2026-07-13,\N,2,614.660471610566,2026-07-29T18:04:35Z
wdi2-2019-2021-372906f371e0391f,EGY,EG,EGY,"Egypt, Arab Rep.",ISO-3166-1,economy,False,matched_iso,SH.XPD.CHEX.PP.CD,"Current health expenditure per capita, PPP (current international $)",current international $,2,World Development Indicators,2020,632.708279207,2026-07-13,\N,2,632.708279207352,2026-07-29T18:04:35Z
wdi2-2019-2021-372906f371e0391f,EGY,EG,EGY,"Egypt, Arab Rep.",ISO-3166-1,economy,False,matched_iso,SH.XPD.CHEX.PP.CD,"Current health expenditure per capita, PPP (current international $)",current international $,2,World Development Indicators,2021,718.122708876,2026-07-13,\N,2,718.122708875722,2026-07-29T18:04:35Z
wdi2-2019-2021-372906f371e0391f,EGY,EG,EGY,"Egypt, Arab Rep.",ISO-3166-1,economy,False,matched_iso,SP.POP.65UP.TO.ZS,Population ages 65 and above (% of total population),% of total population,2,World Development Indicators,2019,4.593528997,2026-07-13,\N,0,4.5935289970751,2026-07-29T18:04:35Z
wdi2-2019-2021-372906f371e0391f,EGY,EG,EGY,"Egypt, Arab Rep.",ISO-3166-1,economy,False,matched_iso,SP.POP.65UP.TO.ZS,Population ages 65 and above (% of total population),% of total population,2,World Development Indicators,2020,4.691181637,2026-07-13,\N,0,4.6911816369123,2026-07-29T18:04:35Z
wdi2-2019-2021-372906f371e0391f,EGY,EG,EGY,"Egypt, Arab Rep.",ISO-3166-1,economy,False,matched_iso,SP.POP.65UP.TO.ZS,Population ages 65 and above (% of total population),% of total population,2,World Development Indicators,2021,4.740911903,2026-07-13,\N,0,4.74091190346445,2026-07-29T18:04:35Z
wdi2-2019-2021-372906f371e0391f,EGY,EG,EGY,"Egypt, Arab Rep.",ISO-3166-1,economy,False,matched_iso,SP.POP.TOTL,"Population, total",people,2,World Development Indicators,2019,107553158,2026-07-13,\N,0,107553158,2026-07-29T18:04:35Z
wdi2-2019-2021-372906f371e0391f,EGY,EG,EGY,"Egypt, Arab Rep.",ISO-3166-1,economy,False,matched_iso,SP.POP.TOTL,"Population, total",people,2,World Development Indicators,2020,109315124,2026-07-13,\N,0,109315124,2026-07-29T18:04:35Z
wdi2-2019-2021-372906f371e0391f,EGY,EG,EGY,"Egypt, Arab Rep.",ISO-3166-1,economy,False,matched_iso,SP.POP.TOTL,"Population, total",people,2,World Development Indicators,2021,110957008,2026-07-13,\N,0,110957008,2026-07-29T18:04:35Z
wdi2-2019-2021-372906f371e0391f,ERI,ER,ERI,Eritrea,ISO-3166-1,economy,False,matched_iso,EN.POP.DNST,Population density (people per sq. km of land area),people per sq. km of land area,2,World Development Indicators,2019,26.760649064,2026-07-13,\N,0,26.7606490641362,2026-07-29T18:04:35Z
wdi2-2019-2021-372906f371e0391f,ERI,ER,ERI,Eritrea,ISO-3166-1,economy,False,matched_iso,EN.POP.DNST,Population density (people per sq. km of land area),people per sq. km of land area,2,World Development Indicators,2020,27.191411586,2026-07-13,\N,0,27.1914115855899,2026-07-29T18:04:35Z
wdi2-2019-2021-372906f371e0391f,ERI,ER,ERI,Eritrea,ISO-3166-1,economy,False,matched_iso,EN.POP.DNST,Population density (people per sq. km of land area),people per sq. km of land area,2,World Development Indicators,2021,27.646746692,2026-07-13,\N,0,27.6467466920618,2026-07-29T18:04:35Z
wdi2-2019-2021-372906f371e0391f,ERI,ER,ERI,Eritrea,ISO-3166-1,economy,False,matched_iso,NY.GDP.PCAP.KD,GDP per capita (constant 2015 US$),constant 2015 US$,2,World Development Indicators,2019,\N,2026-07-13,\N,1,\N,2026-07-29T18:04:35Z
wdi2-2019-2021-372906f371e0391f,ERI,ER,ERI,Eritrea,ISO-3166-1,economy,False,matched_iso,NY.GDP.PCAP.KD,GDP per capita (constant 2015 US$),constant 2015 US$,2,World Development Indicators,2020,\N,2026-07-13,\N,1,\N,2026-07-29T18:04:35Z
wdi2-2019-2021-372906f371e0391f,ERI,ER,ERI,Eritrea,ISO-3166-1,economy,False,matched_iso,NY.GDP.PCAP.KD,GDP per capita (constant 2015 US$),constant 2015 US$,2,World Development Indicators,2021,\N,2026-07-13,\N,1,\N,2026-07-29T18:04:35Z
wdi2-2019-2021-372906f371e0391f,ERI,ER,ERI,Eritrea,ISO-3166-1,economy,False,matched_iso,SH.XPD.CHEX.PP.CD,"Current health expenditure per capita, PPP (current international $)",current international $,2,World Development Indicators,2019,91.360434006,2026-07-13,\N,2,91.3604340062524,2026-07-29T18:04:35Z
wdi2-2019-2021-372906f371e0391f,ERI,ER,ERI,Eritrea,ISO-3166-1,economy,False,matched_iso,SH.XPD.CHEX.PP.CD,"Current health expenditure per capita, PPP (current international $)",current international $,2,World Development Indicators,2020,84.73784634,2026-07-13,\N,2,84.7378463401068,2026-07-29T18:04:35Z
wdi2-2019-2021-372906f371e0391f,ERI,ER,ERI,Eritrea,ISO-3166-1,economy,False,matched_iso,SH.XPD.CHEX.PP.CD,"Current health expenditure per capita, PPP (current international $)",current international $,2,World Development Indicators,2021,86.750731518,2026-07-13,\N,2,86.7507315176146,2026-07-29T18:04:35Z
wdi2-2019-2021-372906f371e0391f,ERI,ER,ERI,Eritrea,ISO-3166-1,economy,False,matched_iso,SP.POP.65UP.TO.ZS,Population ages 65 and above (% of total population),% of total population,2,World Development Indicators,2019,4.067580521,2026-07-13,\N,0,4.06758052141323,2026-07-29T18:04:35Z
wdi2-2019-2021-372906f371e0391f,ERI,ER,ERI,Eritrea,ISO-3166-1,economy,False,matched_iso,SP.POP.65UP.TO.ZS,Population ages 65 and above (% of total population),% of total population,2,World Development Indicators,2020,4.091003763,2026-07-13,\N,0,4.09100376283262,2026-07-29T18:04:35Z
wdi2-2019-2021-372906f371e0391f,ERI,ER,ERI,Eritrea,ISO-3166-1,economy,False,matched_iso,SP.POP.65UP.TO.ZS,Population ages 65 and above (% of total population),% of total population,2,World Development Indicators,2021,4.100611817,2026-07-13,\N,0,4.10061181732461,2026-07-29T18:04:35Z
wdi2-2019-2021-372906f371e0391f,ERI,ER,ERI,Eritrea,ISO-3166-1,economy,False,matched_iso,SP.POP.TOTL,"Population, total",people,2,World Development Indicators,2019,3240194,2026-07-13,\N,0,3240194,2026-07-29T18:04:35Z
wdi2-2019-2021-372906f371e0391f,ERI,ER,ERI,Eritrea,ISO-3166-1,economy,False,matched_iso,SP.POP.TOTL,"Population, total",people,2,World Development Indicators,2020,3291271,2026-07-13,\N,0,3291271,2026-07-29T18:04:35Z
wdi2-2019-2021-372906f371e0391f,ERI,ER,ERI,Eritrea,ISO-3166-1,economy,False,matched_iso,SP.POP.TOTL,"Population, total",people,2,World Development Indicators,2021,3350183,2026-07-13,\N,0,3350183,2026-07-29T18:04:35Z
wdi2-2019-2021-372906f371e0391f,ESP,ES,ESP,Spain,ISO-3166-1,economy,False,matched_iso,EN.POP.DNST,Population density (people per sq. km of land area),people per sq. km of land area,2,World Development Indicators,2019,94.318108783,2026-07-13,\N,0,94.3181087826492,2026-07-29T18:04:35Z
wdi2-2019-2021-372906f371e0391f,ESP,ES,ESP,Spain,ISO-3166-1,economy,False,matched_iso,EN.POP.DNST,Population density (people per sq. km of land area),people per sq. km of land area,2,World Development Indicators,2020,94.802910689,2026-07-13,\N,0,94.802910688937,2026-07-29T18:04:35Z
wdi2-2019-2021-372906f371e0391f,ESP,ES,ESP,Spain,ISO-3166-1,economy,False,matched_iso,EN.POP.DNST,Population density (people per sq. km of land area),people per sq. km of land area,2,World Development Indicators,2021,94.938292718,2026-07-13,\N,0,94.9382927184248,2026-07-29T18:04:35Z
wdi2-2019-2021-372906f371e0391f,ESP,ES,ESP,Spain,ISO-3166-1,economy,False,matched_iso,NY.GDP.PCAP.KD,GDP per capita (constant 2015 US$),constant 2015 US$,2,World Development Indicators,2019,28301.439394956,2026-07-13,\N,1,28301.4393949563,2026-07-29T18:04:35Z
wdi2-2019-2021-372906f371e0391f,ESP,ES,ESP,Spain,ISO-3166-1,economy,False,matched_iso,NY.GDP.PCAP.KD,GDP per capita (constant 2015 US$),constant 2015 US$,2,World Development Indicators,2020,25077.019882928,2026-07-13,\N,1,25077.019882928,2026-07-29T18:04:35Z
wdi2-2019-2021-372906f371e0391f,ESP,ES,ESP,Spain,ISO-3166-1,economy,False,matched_iso,NY.GDP.PCAP.KD,GDP per capita (constant 2015 US$),constant 2015 US$,2,World Development Indicators,2021,26705.362913896,2026-07-13,\N,1,26705.3629138959,2026-07-29T18:04:35Z
wdi2-2019-2021-372906f371e0391f,ESP,ES,ESP,Spain,ISO-3166-1,economy,False,matched_iso,SH.XPD.CHEX.PP.CD,"Current health expenditure per capita, PPP (current international $)",current international $,2,World Development Indicators,2019,4075.976092133,2026-07-13,\N,2,4075.97609213283,2026-07-29T18:04:35Z
wdi2-2019-2021-372906f371e0391f,ESP,ES,ESP,Spain,ISO-3166-1,economy,False,matched_iso,SH.XPD.CHEX.PP.CD,"Current health expenditure per capita, PPP (current international $)",current international $,2,World Development Indicators,2020,4249.071518062,2026-07-13,\N,2,4249.0715180616,2026-07-29T18:04:35Z
wdi2-2019-2021-372906f371e0391f,ESP,ES,ESP,Spain,ISO-3166-1,economy,False,matched_iso,SH.XPD.CHEX.PP.CD,"Current health expenditure per capita, PPP (current international $)",current international $,2,World Development Indicators,2021,4581.635144009,2026-07-13,\N,2,4581.63514400904,2026-07-29T18:04:35Z
wdi2-2019-2021-372906f371e0391f,ESP,ES,ESP,Spain,ISO-3166-1,economy,False,matched_iso,SP.POP.65UP.TO.ZS,Population ages 65 and above (% of total population),% of total population,2,World Development Indicators,2019,19.381827629,2026-07-13,\N,0,19.3818276285973,2026-07-29T18:04:35Z
wdi2-2019-2021-372906f371e0391f,ESP,ES,ESP,Spain,ISO-3166-1,economy,False,matched_iso,SP.POP.65UP.TO.ZS,Population ages 65 and above (% of total population),% of total population,2,World Development Indicators,2020,19.559616086,2026-07-13,\N,0,19.5596160856506,2026-07-29T18:04:35Z
wdi2-2019-2021-372906f371e0391f,ESP,ES,ESP,Spain,ISO-3166-1,economy,False,matched_iso,SP.POP.65UP.TO.ZS,Population ages 65 and above (% of total population),% of total population,2,World Development Indicators,2021,19.813382294,2026-07-13,\N,0,19.8133822943511,2026-07-29T18:04:35Z
wdi2-2019-2021-372906f371e0391f,ESP,ES,ESP,Spain,ISO-3166-1,economy,False,matched_iso,SP.POP.TOTL,"Population, total",people,2,World Development Indicators,2019,47118501,2026-07-13,\N,0,47118501,2026-07-29T18:04:35Z
wdi2-2019-2021-372906f371e0391f,ESP,ES,ESP,Spain,ISO-3166-1,economy,False,matched_iso,SP.POP.TOTL,"Population, total",people,2,World Development Indicators,2020,47359424,2026-07-13,\N,0,47359424,2026-07-29T18:04:35Z
wdi2-2019-2021-372906f371e0391f,ESP,ES,ESP,Spain,ISO-3166-1,economy,False,matched_iso,SP.POP.TOTL,"Population, total",people,2,World Development Indicators,2021,47443821,2026-07-13,\N,0,47443821,2026-07-29T18:04:35Z
wdi2-2019-2021-372906f371e0391f,EST,EE,EST,Estonia,ISO-3166-1,economy,False,matched_iso,EN.POP.DNST,Population density (people per sq. km of land area),people per sq. km of land area,2,World Development Indicators,2019,31.038549708,2026-07-13,\N,0,31.0385497076023,2026-07-29T18:04:35Z
wdi2-2019-2021-372906f371e0391f,EST,EE,EST,Estonia,ISO-3166-1,economy,False,matched_iso,EN.POP.DNST,Population density (people per sq. km of land area),people per sq. km of land area,2,World Development Indicators,2020,31.099929825,2026-07-13,\N,0,31.0999298245614,2026-07-29T18:04:35Z
wdi2-2019-2021-372906f371e0391f,EST,EE,EST,Estonia,ISO-3166-1,economy,False,matched_iso,EN.POP.DNST,Population density (people per sq. km of land area),people per sq. km of land area,2,World Development Indicators,2021,31.132912281,2026-07-13,\N,0,31.1329122807018,2026-07-29T18:04:35Z
wdi2-2019-2021-372906f371e0391f,EST,EE,EST,Estonia,ISO-3166-1,economy,False,matched_iso,NY.GDP.PCAP.KD,GDP per capita (constant 2015 US$),constant 2015 US$,2,World Development Indicators,2019,20579.875673238,2026-07-13,\N,1,20579.8756732376,2026-07-29T18:04:35Z
wdi2-2019-2021-372906f371e0391f,EST,EE,EST,Estonia,ISO-3166-1,economy,False,matched_iso,NY.GDP.PCAP.KD,GDP per capita (constant 2015 US$),constant 2015 US$,2,World Development Indicators,2020,19946.945696898,2026-07-13,\N,1,19946.945696898,2026-07-29T18:04:35Z
wdi2-2019-2021-372906f371e0391f,EST,EE,EST,Estonia,ISO-3166-1,economy,False,matched_iso,NY.GDP.PCAP.KD,GDP per capita (constant 2015 US$),constant 2015 US$,2,World Development Indicators,2021,21570.665845527,2026-07-13,\N,1,21570.6658455268,2026-07-29T18:04:35Z
wdi2-2019-2021-372906f371e0391f,EST,EE,EST,Estonia,ISO-3166-1,economy,False,matched_iso,SH.XPD.CHEX.PP.CD,"Current health expenditure per capita, PPP (current international $)",current international $,2,World Development Indicators,2019,2702.26654886,2026-07-13,\N,2,2702.26654885985,2026-07-29T18:04:35Z
wdi2-2019-2021-372906f371e0391f,EST,EE,EST,Estonia,ISO-3166-1,economy,False,matched_iso,SH.XPD.CHEX.PP.CD,"Current health expenditure per capita, PPP (current international $)",current international $,2,World Development Indicators,2020,3040.186566282,2026-07-13,\N,2,3040.18656628156,2026-07-29T18:04:35Z
wdi2-2019-2021-372906f371e0391f,EST,EE,EST,Estonia,ISO-3166-1,economy,False,matched_iso,SH.XPD.CHEX.PP.CD,"Current health expenditure per capita, PPP (current international $)",current international $,2,World Development Indicators,2021,3310.354362918,2026-07-13,\N,2,3310.3543629181,2026-07-29T18:04:35Z
wdi2-2019-2021-372906f371e0391f,EST,EE,EST,Estonia,ISO-3166-1,economy,False,matched_iso,SP.POP.65UP.TO.ZS,Population ages 65 and above (% of total population),% of total population,2,World Development Indicators,2019,19.896534688,2026-07-13,\N,0,19.8965346883511,2026-07-29T18:04:35Z
wdi2-2019-2021-372906f371e0391f,EST,EE,EST,Estonia,ISO-3166-1,economy,False,matched_iso,SP.POP.65UP.TO.ZS,Population ages 65 and above (% of total population),% of total population,2,World Development Indicators,2020,20.200094836,2026-07-13,\N,0,20.2000948355964,2026-07-29T18:04:35Z
wdi2-2019-2021-372906f371e0391f,EST,EE,EST,Estonia,ISO-3166-1,economy,False,matched_iso,SP.POP.65UP.TO.ZS,Population ages 65 and above (% of total population),% of total population,2,World Development Indicators,2021,20.433797798,2026-07-13,\N,0,20.4337977975588,2026-07-29T18:04:35Z
wdi2-2019-2021-372906f371e0391f,EST,EE,EST,Estonia,ISO-3166-1,economy,False,matched_iso,SP.POP.TOTL,"Population, total",people,2,World Development Indicators,2019,1326898,2026-07-13,\N,0,1326898,2026-07-29T18:04:35Z
wdi2-2019-2021-372906f371e0391f,EST,EE,EST,Estonia,ISO-3166-1,economy,False,matched_iso,SP.POP.TOTL,"Population, total",people,2,World Development Indicators,2020,1329522,2026-07-13,\N,0,1329522,2026-07-29T18:04:35Z
wdi2-2019-2021-372906f371e0391f,EST,EE,EST,Estonia,ISO-3166-1,economy,False,matched_iso,SP.POP.TOTL,"Population, total",people,2,World Development Indicators,2021,1330932,2026-07-13,\N,0,1330932,2026-07-29T18:04:35Z
wdi2-2019-2021-372906f371e0391f,ETH,ET,ETH,Ethiopia,ISO-3166-1,economy,False,matched_iso,EN.POP.DNST,Population density (people per sq. km of land area),people per sq. km of land area,2,World Development Indicators,2019,102.55215955,2026-07-13,\N,0,102.552159549746,2026-07-29T18:04:35Z
wdi2-2019-2021-372906f371e0391f,ETH,ET,ETH,Ethiopia,ISO-3166-1,economy,False,matched_iso,EN.POP.DNST,Population density (people per sq. km of land area),people per sq. km of land area,2,World Development Indicators,2020,105.370090895,2026-07-13,\N,0,105.370090895445,2026-07-29T18:04:35Z
wdi2-2019-2021-372906f371e0391f,ETH,ET,ETH,Ethiopia,ISO-3166-1,economy,False,matched_iso,EN.POP.DNST,Population density (people per sq. km of land area),people per sq. km of land area,2,World Development Indicators,2021,108.230378299,2026-07-13,\N,0,108.230378298522,2026-07-29T18:04:35Z
wdi2-2019-2021-372906f371e0391f,ETH,ET,ETH,Ethiopia,ISO-3166-1,economy,False,matched_iso,NY.GDP.PCAP.KD,GDP per capita (constant 2015 US$),constant 2015 US$,2,World Development Indicators,2019,744.70278974,2026-07-13,\N,1,744.702789740042,2026-07-29T18:04:35Z
wdi2-2019-2021-372906f371e0391f,ETH,ET,ETH,Ethiopia,ISO-3166-1,economy,False,matched_iso,NY.GDP.PCAP.KD,GDP per capita (constant 2015 US$),constant 2015 US$,2,World Development Indicators,2020,768.705424485,2026-07-13,\N,1,768.705424484873,2026-07-29T18:04:35Z
wdi2-2019-2021-372906f371e0391f,ETH,ET,ETH,Ethiopia,ISO-3166-1,economy,False,matched_iso,NY.GDP.PCAP.KD,GDP per capita (constant 2015 US$),constant 2015 US$,2,World Development Indicators,2021,790.657019602,2026-07-13,\N,1,790.657019602458,2026-07-29T18:04:35Z
wdi2-2019-2021-372906f371e0391f,ETH,ET,ETH,Ethiopia,ISO-3166-1,economy,False,matched_iso,SH.XPD.CHEX.PP.CD,"Current health expenditure per capita, PPP (current international $)",current international $,2,World Development Indicators,2019,72.719587353,2026-07-13,\N,2,72.7195873525421,2026-07-29T18:04:35Z
wdi2-2019-2021-372906f371e0391f,ETH,ET,ETH,Ethiopia,ISO-3166-1,economy,False,matched_iso,SH.XPD.CHEX.PP.CD,"Current health expenditure per capita, PPP (current international $)",current international $,2,World Development Indicators,2020,83.769565629,2026-07-13,\N,2,83.7695656290325,2026-07-29T18:04:35Z
wdi2-2019-2021-372906f371e0391f,ETH,ET,ETH,Ethiopia,ISO-3166-1,economy,False,matched_iso,SH.XPD.CHEX.PP.CD,"Current health expenditure per capita, PPP (current international $)",current international $,2,World Development Indicators,2021,83.031105824,2026-07-13,\N,2,83.031105824134,2026-07-29T18:04:35Z
wdi2-2019-2021-372906f371e0391f,ETH,ET,ETH,Ethiopia,ISO-3166-1,economy,False,matched_iso,SP.POP.65UP.TO.ZS,Population ages 65 and above (% of total population),% of total population,2,World Development Indicators,2019,3.038190362,2026-07-13,\N,0,3.03819036170098,2026-07-29T18:04:35Z
wdi2-2019-2021-372906f371e0391f,ETH,ET,ETH,Ethiopia,ISO-3166-1,economy,False,matched_iso,SP.POP.65UP.TO.ZS,Population ages 65 and above (% of total population),% of total population,2,World Development Indicators,2020,3.069048909,2026-07-13,\N,0,3.06904890918588,2026-07-29T18:04:35Z
wdi2-2019-2021-372906f371e0391f,ETH,ET,ETH,Ethiopia,ISO-3166-1,economy,False,matched_iso,SP.POP.65UP.TO.ZS,Population ages 65 and above (% of total population),% of total population,2,World Development Indicators,2021,3.093611975,2026-07-13,\N,0,3.0936119750557,2026-07-29T18:04:35Z
wdi2-2019-2021-372906f371e0391f,ETH,ET,ETH,Ethiopia,ISO-3166-1,economy,False,matched_iso,SP.POP.TOTL,"Population, total",people,2,World Development Indicators,2019,115737383,2026-07-13,\N,0,115737383,2026-07-29T18:04:35Z
wdi2-2019-2021-372906f371e0391f,ETH,ET,ETH,Ethiopia,ISO-3166-1,economy,False,matched_iso,SP.POP.TOTL,"Population, total",people,2,World Development Indicators,2020,118917671,2026-07-13,\N,0,118917671,2026-07-29T18:04:35Z
wdi2-2019-2021-372906f371e0391f,ETH,ET,ETH,Ethiopia,ISO-3166-1,economy,False,matched_iso,SP.POP.TOTL,"Population, total",people,2,World Development Indicators,2021,122138588,2026-07-13,\N,0,122138588,2026-07-29T18:04:35Z
wdi2-2019-2021-372906f371e0391f,FIN,FI,FIN,Finland,ISO-3166-1,economy,False,matched_iso,EN.POP.DNST,Population density (people per sq. km of land area),people per sq. km of land area,2,World Development Indicators,2019,18.167360905,2026-07-13,\N,0,18.1673609054717,2026-07-29T18:04:35Z
wdi2-2019-2021-372906f371e0391f,FIN,FI,FIN,Finland,ISO-3166-1,economy,False,matched_iso,EN.POP.DNST,Population density (people per sq. km of land area),people per sq. km of land area,2,World Development Indicators,2020,18.192876884,2026-07-13,\N,0,18.1928768835954,2026-07-29T18:04:35Z
wdi2-2019-2021-372906f371e0391f,FIN,FI,FIN,Finland,ISO-3166-1,economy,False,matched_iso,EN.POP.DNST,Population density (people per sq. km of land area),people per sq. km of land area,2,World Development Indicators,2021,18.230165913,2026-07-13,\N,0,18.2301659134121,2026-07-29T18:04:35Z
wdi2-2019-2021-372906f371e0391f,FIN,FI,FIN,Finland,ISO-3166-1,economy,False,matched_iso,NY.GDP.PCAP.KD,GDP per capita (constant 2015 US$),constant 2015 US$,2,World Development Indicators,2019,45898.570844895,2026-07-13,\N,1,45898.5708448954,2026-07-29T18:04:35Z
wdi2-2019-2021-372906f371e0391f,FIN,FI,FIN,Finland,ISO-3166-1,economy,False,matched_iso,NY.GDP.PCAP.KD,GDP per capita (constant 2015 US$),constant 2015 US$,2,World Development Indicators,2020,44690.980110307,2026-07-13,\N,1,44690.9801103074,2026-07-29T18:04:35Z
wdi2-2019-2021-372906f371e0391f,FIN,FI,FIN,Finland,ISO-3166-1,economy,False,matched_iso,NY.GDP.PCAP.KD,GDP per capita (constant 2015 US$),constant 2015 US$,2,World Development Indicators,2021,45792.045418087,2026-07-13,\N,1,45792.0454180872,2026-07-29T18:04:35Z
wdi2-2019-2021-372906f371e0391f,FIN,FI,FIN,Finland,ISO-3166-1,economy,False,matched_iso,SH.XPD.CHEX.PP.CD,"Current health expenditure per capita, PPP (current international $)",current international $,2,World Development Indicators,2019,4821.267143259,2026-07-13,\N,2,4821.26714325924,2026-07-29T18:04:35Z
wdi2-2019-2021-372906f371e0391f,FIN,FI,FIN,Finland,ISO-3166-1,economy,False,matched_iso,SH.XPD.CHEX.PP.CD,"Current health expenditure per capita, PPP (current international $)",current international $,2,World Development Indicators,2020,5169.582286106,2026-07-13,\N,2,5169.58228610612,2026-07-29T18:04:35Z
wdi2-2019-2021-372906f371e0391f,FIN,FI,FIN,Finland,ISO-3166-1,economy,False,matched_iso,SH.XPD.CHEX.PP.CD,"Current health expenditure per capita, PPP (current international $)",current international $,2,World Development Indicators,2021,5627.695382927,2026-07-13,\N,2,5627.69538292717,2026-07-29T18:04:35Z
wdi2-2019-2021-372906f371e0391f,FIN,FI,FIN,Finland,ISO-3166-1,economy,False,matched_iso,SP.POP.65UP.TO.ZS,Population ages 65 and above (% of total population),% of total population,2,World Development Indicators,2019,22.061393842,2026-07-13,\N,0,22.061393842071,2026-07-29T18:04:35Z
wdi2-2019-2021-372906f371e0391f,FIN,FI,FIN,Finland,ISO-3166-1,economy,False,matched_iso,SP.POP.65UP.TO.ZS,Population ages 65 and above (% of total population),% of total population,2,World Development Indicators,2020,22.490682891,2026-07-13,\N,0,22.4906828905898,2026-07-29T18:04:35Z
wdi2-2019-2021-372906f371e0391f,FIN,FI,FIN,Finland,ISO-3166-1,economy,False,matched_iso,SP.POP.65UP.TO.ZS,Population ages 65 and above (% of total population),% of total population,2,World Development Indicators,2021,22.874956574,2026-07-13,\N,0,22.8749565743109,2026-07-29T18:04:35Z
wdi2-2019-2021-372906f371e0391f,FIN,FI,FIN,Finland,ISO-3166-1,economy,False,matched_iso,SP.POP.TOTL,"Population, total",people,2,World Development Indicators,2019,5521606,2026-07-13,\N,0,5521606,2026-07-29T18:04:35Z
wdi2-2019-2021-372906f371e0391f,FIN,FI,FIN,Finland,ISO-3166-1,economy,False,matched_iso,SP.POP.TOTL,"Population, total",people,2,World Development Indicators,2020,5529543,2026-07-13,\N,0,5529543,2026-07-29T18:04:35Z
wdi2-2019-2021-372906f371e0391f,FIN,FI,FIN,Finland,ISO-3166-1,economy,False,matched_iso,SP.POP.TOTL,"Population, total",people,2,World Development Indicators,2021,5541017,2026-07-13,\N,0,5541017,2026-07-29T18:04:35Z
wdi2-2019-2021-372906f371e0391f,FJI,FJ,FJI,Fiji,ISO-3166-1,economy,False,matched_iso,EN.POP.DNST,Population density (people per sq. km of land area),people per sq. km of land area,2,World Development Indicators,2019,50.076573618,2026-07-13,\N,0,50.0765736179529,2026-07-29T18:04:35Z
wdi2-2019-2021-372906f371e0391f,FJI,FJ,FJI,Fiji,ISO-3166-1,economy,False,matched_iso,EN.POP.DNST,Population density (people per sq. km of land area),people per sq. km of land area,2,World Development Indicators,2020,50.080076628,2026-07-13,\N,0,50.0800766283525,2026-07-29T18:04:35Z
wdi2-2019-2021-372906f371e0391f,FJI,FJ,FJI,Fiji,ISO-3166-1,economy,False,matched_iso,EN.POP.DNST,Population density (people per sq. km of land area),people per sq. km of land area,2,World Development Indicators,2021,50.1757526,2026-07-13,\N,0,50.1757525998905,2026-07-29T18:04:35Z
wdi2-2019-2021-372906f371e0391f,FJI,FJ,FJI,Fiji,ISO-3166-1,economy,False,matched_iso,NY.GDP.PCAP.KD,GDP per capita (constant 2015 US$),constant 2015 US$,2,World Development Indicators,2019,5701.104345324,2026-07-13,\N,1,5701.10434532357,2026-07-29T18:04:35Z
wdi2-2019-2021-372906f371e0391f,FJI,FJ,FJI,Fiji,ISO-3166-1,economy,False,matched_iso,NY.GDP.PCAP.KD,GDP per capita (constant 2015 US$),constant 2015 US$,2,World Development Indicators,2020,4721.122812873,2026-07-13,\N,1,4721.12281287253,2026-07-29T18:04:35Z
wdi2-2019-2021-372906f371e0391f,FJI,FJ,FJI,Fiji,ISO-3166-1,economy,False,matched_iso,NY.GDP.PCAP.KD,GDP per capita (constant 2015 US$),constant 2015 US$,2,World Development Indicators,2021,4507.333530133,2026-07-13,\N,1,4507.33353013335,2026-07-29T18:04:35Z
wdi2-2019-2021-372906f371e0391f,FJI,FJ,FJI,Fiji,ISO-3166-1,economy,False,matched_iso,SH.XPD.CHEX.PP.CD,"Current health expenditure per capita, PPP (current international $)",current international $,2,World Development Indicators,2019,566.103006768,2026-07-13,\N,2,566.103006768486,2026-07-29T18:04:35Z
wdi2-2019-2021-372906f371e0391f,FJI,FJ,FJI,Fiji,ISO-3166-1,economy,False,matched_iso,SH.XPD.CHEX.PP.CD,"Current health expenditure per capita, PPP (current international $)",current international $,2,World Development Indicators,2020,594.322380469,2026-07-13,\N,2,594.322380468806,2026-07-29T18:04:35Z
wdi2-2019-2021-372906f371e0391f,FJI,FJ,FJI,Fiji,ISO-3166-1,economy,False,matched_iso,SH.XPD.CHEX.PP.CD,"Current health expenditure per capita, PPP (current international $)",current international $,2,World Development Indicators,2021,754.453471539,2026-07-13,\N,2,754.453471539376,2026-07-29T18:04:35Z
wdi2-2019-2021-372906f371e0391f,FJI,FJ,FJI,Fiji,ISO-3166-1,economy,False,matched_iso,SP.POP.65UP.TO.ZS,Population ages 65 and above (% of total population),% of total population,2,World Development Indicators,2019,5.820857919,2026-07-13,\N,0,5.8208579193671,2026-07-29T18:04:35Z
wdi2-2019-2021-372906f371e0391f,FJI,FJ,FJI,Fiji,ISO-3166-1,economy,False,matched_iso,SP.POP.65UP.TO.ZS,Population ages 65 and above (% of total population),% of total population,2,World Development Indicators,2020,5.987072701,2026-07-13,\N,0,5.98707270130049,2026-07-29T18:04:35Z
wdi2-2019-2021-372906f371e0391f,FJI,FJ,FJI,Fiji,ISO-3166-1,economy,False,matched_iso,SP.POP.65UP.TO.ZS,Population ages 65 and above (% of total population),% of total population,2,World Development Indicators,2021,6.103668441,2026-07-13,\N,0,6.10366844076268,2026-07-29T18:04:35Z
wdi2-2019-2021-372906f371e0391f,FJI,FJ,FJI,Fiji,ISO-3166-1,economy,False,matched_iso,SP.POP.TOTL,"Population, total",people,2,World Development Indicators,2019,914899,2026-07-13,\N,0,914899,2026-07-29T18:04:35Z
wdi2-2019-2021-372906f371e0391f,FJI,FJ,FJI,Fiji,ISO-3166-1,economy,False,matched_iso,SP.POP.TOTL,"Population, total",people,2,World Development Indicators,2020,914963,2026-07-13,\N,0,914963,2026-07-29T18:04:35Z
wdi2-2019-2021-372906f371e0391f,FJI,FJ,FJI,Fiji,ISO-3166-1,economy,False,matched_iso,SP.POP.TOTL,"Population, total",people,2,World Development Indicators,2021,916711,2026-07-13,\N,0,916711,2026-07-29T18:04:35Z
wdi2-2019-2021-372906f371e0391f,FRA,FR,FRA,France,ISO-3166-1,economy,False,matched_iso,EN.POP.DNST,Population density (people per sq. km of land area),people per sq. km of land area,2,World Development Indicators,2019,125.024698024,2026-07-13,\N,0,125.024698023935,2026-07-29T18:04:35Z
wdi2-2019-2021-372906f371e0391f,FRA,FR,FRA,France,ISO-3166-1,economy,False,matched_iso,EN.POP.DNST,Population density (people per sq. km of land area),people per sq. km of land area,2,World Development Indicators,2020,125.431134614,2026-07-13,\N,0,125.431134613601,2026-07-29T18:04:35Z
wdi2-2019-2021-372906f371e0391f,FRA,FR,FRA,France,ISO-3166-1,economy,False,matched_iso,EN.POP.DNST,Population density (people per sq. km of land area),people per sq. km of land area,2,World Development Indicators,2021,125.879601076,2026-07-13,\N,0,125.879601076167,2026-07-29T18:04:35Z
wdi2-2019-2021-372906f371e0391f,FRA,FR,FRA,France,ISO-3166-1,economy,False,matched_iso,NY.GDP.PCAP.KD,GDP per capita (constant 2015 US$),constant 2015 US$,2,World Development Indicators,2019,38705.207294062,2026-07-13,\N,1,38705.2072940618,2026-07-29T18:04:35Z
wdi2-2019-2021-372906f371e0391f,FRA,FR,FRA,France,ISO-3166-1,economy,False,matched_iso,NY.GDP.PCAP.KD,GDP per capita (constant 2015 US$),constant 2015 US$,2,World Development Indicators,2020,35709.204592593,2026-07-13,\N,1,35709.2045925926,2026-07-29T18:04:35Z
wdi2-2019-2021-372906f371e0391f,FRA,FR,FRA,France,ISO-3166-1,economy,False,matched_iso,NY.GDP.PCAP.KD,GDP per capita (constant 2015 US$),constant 2015 US$,2,World Development Indicators,2021,38030.857168518,2026-07-13,\N,1,38030.8571685178,2026-07-29T18:04:35Z
wdi2-2019-2021-372906f371e0391f,FRA,FR,FRA,France,ISO-3166-1,economy,False,matched_iso,SH.XPD.CHEX.PP.CD,"Current health expenditure per capita, PPP (current international $)",current international $,2,World Development Indicators,2019,5719.345300562,2026-07-13,\N,2,5719.34530056227,2026-07-29T18:04:35Z
wdi2-2019-2021-372906f371e0391f,FRA,FR,FRA,France,ISO-3166-1,economy,False,matched_iso,SH.XPD.CHEX.PP.CD,"Current health expenditure per capita, PPP (current international $)",current international $,2,World Development Indicators,2020,6013.229925239,2026-07-13,\N,2,6013.22992523898,2026-07-29T18:04:35Z
wdi2-2019-2021-372906f371e0391f,FRA,FR,FRA,France,ISO-3166-1,economy,False,matched_iso,SH.XPD.CHEX.PP.CD,"Current health expenditure per capita, PPP (current international $)",current international $,2,World Development Indicators,2021,6443.668960844,2026-07-13,\N,2,6443.66896084381,2026-07-29T18:04:35Z
wdi2-2019-2021-372906f371e0391f,FRA,FR,FRA,France,ISO-3166-1,economy,False,matched_iso,SP.POP.65UP.TO.ZS,Population ages 65 and above (% of total population),% of total population,2,World Development Indicators,2019,20.410088877,2026-07-13,\N,0,20.4100888765873,2026-07-29T18:04:35Z
wdi2-2019-2021-372906f371e0391f,FRA,FR,FRA,France,ISO-3166-1,economy,False,matched_iso,SP.POP.65UP.TO.ZS,Population ages 65 and above (% of total population),% of total population,2,World Development Indicators,2020,20.747440901,2026-07-13,\N,0,20.747440901072,2026-07-29T18:04:35Z
wdi2-2019-2021-372906f371e0391f,FRA,FR,FRA,France,ISO-3166-1,economy,False,matched_iso,SP.POP.65UP.TO.ZS,Population ages 65 and above (% of total population),% of total population,2,World Development Indicators,2021,21.050753972,2026-07-13,\N,0,21.0507539717053,2026-07-29T18:04:35Z
wdi2-2019-2021-372906f371e0391f,FRA,FR,FRA,France,ISO-3166-1,economy,False,matched_iso,SP.POP.TOTL,"Population, total",people,2,World Development Indicators,2019,67382061,2026-07-13,\N,0,67382061,2026-07-29T18:04:35Z
wdi2-2019-2021-372906f371e0391f,FRA,FR,FRA,France,ISO-3166-1,economy,False,matched_iso,SP.POP.TOTL,"Population, total",people,2,World Development Indicators,2020,67601110,2026-07-13,\N,0,67601110,2026-07-29T18:04:35Z
wdi2-2019-2021-372906f371e0391f,FRA,FR,FRA,France,ISO-3166-1,economy,False,matched_iso,SP.POP.TOTL,"Population, total",people,2,World Development Indicators,2021,67842811,2026-07-13,\N,0,67842811,2026-07-29T18:04:35Z
wdi2-2019-2021-372906f371e0391f,FRO,FO,FRO,Faroe Islands,ISO-3166-1,economy,False,matched_iso,EN.POP.DNST,Population density (people per sq. km of land area),people per sq. km of land area,2,World Development Indicators,2019,37.098853868,2026-07-13,\N,0,37.0988538681948,2026-07-29T18:04:35Z
wdi2-2019-2021-372906f371e0391f,FRO,FO,FRO,Faroe Islands,ISO-3166-1,economy,False,matched_iso,EN.POP.DNST,Population density (people per sq. km of land area),people per sq. km of land area,2,World Development Indicators,2020,38.478038067,2026-07-13,\N,0,38.4780380673499,2026-07-29T18:04:35Z
wdi2-2019-2021-372906f371e0391f,FRO,FO,FRO,Faroe Islands,ISO-3166-1,economy,False,matched_iso,EN.POP.DNST,Population density (people per sq. km of land area),people per sq. km of land area,2,World Development Indicators,2021,38.898540146,2026-07-13,\N,0,38.8985401459854,2026-07-29T18:04:35Z
wdi2-2019-2021-372906f371e0391f,FRO,FO,FRO,Faroe Islands,ISO-3166-1,economy,False,matched_iso,NY.GDP.PCAP.KD,GDP per capita (constant 2015 US$),constant 2015 US$,2,World Development Indicators,2019,56031.662870129,2026-07-13,\N,1,56031.6628701293,2026-07-29T18:04:35Z
wdi2-2019-2021-372906f371e0391f,FRO,FO,FRO,Faroe Islands,ISO-3166-1,economy,False,matched_iso,NY.GDP.PCAP.KD,GDP per capita (constant 2015 US$),constant 2015 US$,2,World Development Indicators,2020,54305.791882333,2026-07-13,\N,1,54305.7918823334,2026-07-29T18:04:35Z
wdi2-2019-2021-372906f371e0391f,FRO,FO,FRO,Faroe Islands,ISO-3166-1,economy,False,matched_iso,NY.GDP.PCAP.KD,GDP per capita (constant 2015 US$),constant 2015 US$,2,World Development Indicators,2021,56275.530661412,2026-07-13,\N,1,56275.5306614124,2026-07-29T18:04:35Z
wdi2-2019-2021-372906f371e0391f,FRO,FO,FRO,Faroe Islands,ISO-3166-1,economy,False,matched_iso,SH.XPD.CHEX.PP.CD,"Current health expenditure per capita, PPP (current international $)",current international $,2,World Development Indicators,2019,\N,2026-07-13,\N,2,\N,2026-07-29T18:04:35Z
wdi2-2019-2021-372906f371e0391f,FRO,FO,FRO,Faroe Islands,ISO-3166-1,economy,False,matched_iso,SH.XPD.CHEX.PP.CD,"Current health expenditure per capita, PPP (current international $)",current international $,2,World Development Indicators,2020,\N,2026-07-13,\N,2,\N,2026-07-29T18:04:35Z
wdi2-2019-2021-372906f371e0391f,FRO,FO,FRO,Faroe Islands,ISO-3166-1,economy,False,matched_iso,SH.XPD.CHEX.PP.CD,"Current health expenditure per capita, PPP (current international $)",current international $,2,World Development Indicators,2021,\N,2026-07-13,\N,2,\N,2026-07-29T18:04:35Z
wdi2-2019-2021-372906f371e0391f,FRO,FO,FRO,Faroe Islands,ISO-3166-1,economy,False,matched_iso,SP.POP.65UP.TO.ZS,Population ages 65 and above (% of total population),% of total population,2,World Development Indicators,2019,17.48791991,2026-07-13,\N,0,17.4879199097248,2026-07-29T18:04:35Z
wdi2-2019-2021-372906f371e0391f,FRO,FO,FRO,Faroe Islands,ISO-3166-1,economy,False,matched_iso,SP.POP.65UP.TO.ZS,Population ages 65 and above (% of total population),% of total population,2,World Development Indicators,2020,17.686098143,2026-07-13,\N,0,17.6860981430595,2026-07-29T18:04:35Z
wdi2-2019-2021-372906f371e0391f,FRO,FO,FRO,Faroe Islands,ISO-3166-1,economy,False,matched_iso,SP.POP.65UP.TO.ZS,Population ages 65 and above (% of total population),% of total population,2,World Development Indicators,2021,17.835834897,2026-07-13,\N,0,17.8358348968105,2026-07-29T18:04:35Z
wdi2-2019-2021-372906f371e0391f,FRO,FO,FRO,Faroe Islands,ISO-3166-1,economy,False,matched_iso,SP.POP.TOTL,"Population, total",people,2,World Development Indicators,2019,51790,2026-07-13,\N,0,51790,2026-07-29T18:04:35Z
wdi2-2019-2021-372906f371e0391f,FRO,FO,FRO,Faroe Islands,ISO-3166-1,economy,False,matched_iso,SP.POP.TOTL,"Population, total",people,2,World Development Indicators,2020,52561,2026-07-13,\N,0,52561,2026-07-29T18:04:35Z
wdi2-2019-2021-372906f371e0391f,FRO,FO,FRO,Faroe Islands,ISO-3166-1,economy,False,matched_iso,SP.POP.TOTL,"Population, total",people,2,World Development Indicators,2021,53291,2026-07-13,\N,0,53291,2026-07-29T18:04:35Z
wdi2-2019-2021-372906f371e0391f,FSM,FM,FSM,"Micronesia, Fed. Sts.",ISO-3166-1,economy,False,matched_iso,EN.POP.DNST,Population density (people per sq. km of land area),people per sq. km of land area,2,World Development Indicators,2019,157.545714286,2026-07-13,\N,0,157.545714285714,2026-07-29T18:04:35Z
wdi2-2019-2021-372906f371e0391f,FSM,FM,FSM,"Micronesia, Fed. Sts.",ISO-3166-1,economy,False,matched_iso,EN.POP.DNST,Population density (people per sq. km of land area),people per sq. km of land area,2,World Development Indicators,2020,158.451428571,2026-07-13,\N,0,158.451428571429,2026-07-29T18:04:35Z
wdi2-2019-2021-372906f371e0391f,FSM,FM,FSM,"Micronesia, Fed. Sts.",ISO-3166-1,economy,False,matched_iso,EN.POP.DNST,Population density (people per sq. km of land area),people per sq. km of land area,2,World Development Indicators,2021,159.462857143,2026-07-13,\N,0,159.462857142857,2026-07-29T18:04:35Z
wdi2-2019-2021-372906f371e0391f,FSM,FM,FSM,"Micronesia, Fed. Sts.",ISO-3166-1,economy,False,matched_iso,NY.GDP.PCAP.KD,GDP per capita (constant 2015 US$),constant 2015 US$,2,World Development Indicators,2019,3043.07718989,2026-07-13,\N,1,3043.07718989012,2026-07-29T18:04:35Z
wdi2-2019-2021-372906f371e0391f,FSM,FM,FSM,"Micronesia, Fed. Sts.",ISO-3166-1,economy,False,matched_iso,NY.GDP.PCAP.KD,GDP per capita (constant 2015 US$),constant 2015 US$,2,World Development Indicators,2020,2963.44360529,2026-07-13,\N,1,2963.44360529022,2026-07-29T18:04:35Z
wdi2-2019-2021-372906f371e0391f,FSM,FM,FSM,"Micronesia, Fed. Sts.",ISO-3166-1,economy,False,matched_iso,NY.GDP.PCAP.KD,GDP per capita (constant 2015 US$),constant 2015 US$,2,World Development Indicators,2021,3035.922517792,2026-07-13,\N,1,3035.92251779232,2026-07-29T18:04:35Z
wdi2-2019-2021-372906f371e0391f,FSM,FM,FSM,"Micronesia, Fed. Sts.",ISO-3166-1,economy,False,matched_iso,SH.XPD.CHEX.PP.CD,"Current health expenditure per capita, PPP (current international $)",current international $,2,World Development Indicators,2019,391.603175242,2026-07-13,\N,2,391.60317524172,2026-07-29T18:04:35Z
wdi2-2019-2021-372906f371e0391f,FSM,FM,FSM,"Micronesia, Fed. Sts.",ISO-3166-1,economy,False,matched_iso,SH.XPD.CHEX.PP.CD,"Current health expenditure per capita, PPP (current international $)",current international $,2,World Development Indicators,2020,389.782799651,2026-07-13,\N,2,389.782799650958,2026-07-29T18:04:35Z
wdi2-2019-2021-372906f371e0391f,FSM,FM,FSM,"Micronesia, Fed. Sts.",ISO-3166-1,economy,False,matched_iso,SH.XPD.CHEX.PP.CD,"Current health expenditure per capita, PPP (current international $)",current international $,2,World Development Indicators,2021,396.663233557,2026-07-13,\N,2,396.663233557155,2026-07-29T18:04:35Z
wdi2-2019-2021-372906f371e0391f,FSM,FM,FSM,"Micronesia, Fed. Sts.",ISO-3166-1,economy,False,matched_iso,SP.POP.65UP.TO.ZS,Population ages 65 and above (% of total population),% of total population,2,World Development Indicators,2019,4.772764368,2026-07-13,\N,0,4.77276436771186,2026-07-29T18:04:35Z
wdi2-2019-2021-372906f371e0391f,FSM,FM,FSM,"Micronesia, Fed. Sts.",ISO-3166-1,economy,False,matched_iso,SP.POP.65UP.TO.ZS,Population ages 65 and above (% of total population),% of total population,2,World Development Indicators,2020,5.033966993,2026-07-13,\N,0,5.03396699318857,2026-07-29T18:04:35Z
wdi2-2019-2021-372906f371e0391f,FSM,FM,FSM,"Micronesia, Fed. Sts.",ISO-3166-1,economy,False,matched_iso,SP.POP.65UP.TO.ZS,Population ages 65 and above (% of total population),% of total population,2,World Development Indicators,2021,5.287369708,2026-07-13,\N,0,5.28736970826297,2026-07-29T18:04:35Z
wdi2-2019-2021-372906f371e0391f,FSM,FM,FSM,"Micronesia, Fed. Sts.",ISO-3166-1,economy,False,matched_iso,SP.POP.TOTL,"Population, total",people,2,World Development Indicators,2019,110282,2026-07-13,\N,0,110282,2026-07-29T18:04:35Z
wdi2-2019-2021-372906f371e0391f,FSM,FM,FSM,"Micronesia, Fed. Sts.",ISO-3166-1,economy,False,matched_iso,SP.POP.TOTL,"Population, total",people,2,World Development Indicators,2020,110916,2026-07-13,\N,0,110916,2026-07-29T18:04:35Z
wdi2-2019-2021-372906f371e0391f,FSM,FM,FSM,"Micronesia, Fed. Sts.",ISO-3166-1,economy,False,matched_iso,SP.POP.TOTL,"Population, total",people,2,World Development Indicators,2021,111624,2026-07-13,\N,0,111624,2026-07-29T18:04:35Z
wdi2-2019-2021-372906f371e0391f,GAB,GA,GAB,Gabon,ISO-3166-1,economy,False,matched_iso,EN.POP.DNST,Population density (people per sq. km of land area),people per sq. km of land area,2,World Development Indicators,2019,8.800814996,2026-07-13,\N,0,8.80081499592502,2026-07-29T18:04:35Z
wdi2-2019-2021-372906f371e0391f,GAB,GA,GAB,Gabon,ISO-3166-1,economy,False,matched_iso,EN.POP.DNST,Population density (people per sq. km of land area),people per sq. km of land area,2,World Development Indicators,2020,9.013618194,2026-07-13,\N,0,9.01361819381379,2026-07-29T18:04:35Z
wdi2-2019-2021-372906f371e0391f,GAB,GA,GAB,Gabon,ISO-3166-1,economy,False,matched_iso,EN.POP.DNST,Population density (people per sq. km of land area),people per sq. km of land area,2,World Development Indicators,2021,9.223898785,2026-07-13,\N,0,9.22389878526798,2026-07-29T18:04:35Z
wdi2-2019-2021-372906f371e0391f,GAB,GA,GAB,Gabon,ISO-3166-1,economy,False,matched_iso,NY.GDP.PCAP.KD,GDP per capita (constant 2015 US$),constant 2015 US$,2,World Development Indicators,2019,6817.568794688,2026-07-13,\N,1,6817.56879468764,2026-07-29T18:04:35Z
wdi2-2019-2021-372906f371e0391f,GAB,GA,GAB,Gabon,ISO-3166-1,economy,False,matched_iso,NY.GDP.PCAP.KD,GDP per capita (constant 2015 US$),constant 2015 US$,2,World Development Indicators,2020,6534.279665294,2026-07-13,\N,1,6534.27966529444,2026-07-29T18:04:35Z
wdi2-2019-2021-372906f371e0391f,GAB,GA,GAB,Gabon,ISO-3166-1,economy,False,matched_iso,NY.GDP.PCAP.KD,GDP per capita (constant 2015 US$),constant 2015 US$,2,World Development Indicators,2021,6479.049006925,2026-07-13,\N,1,6479.0490069252,2026-07-29T18:04:35Z
wdi2-2019-2021-372906f371e0391f,GAB,GA,GAB,Gabon,ISO-3166-1,economy,False,matched_iso,SH.XPD.CHEX.PP.CD,"Current health expenditure per capita, PPP (current international $)",current international $,2,World Development Indicators,2019,441.545166638,2026-07-13,\N,2,441.545166637632,2026-07-29T18:04:35Z
wdi2-2019-2021-372906f371e0391f,GAB,GA,GAB,Gabon,ISO-3166-1,economy,False,matched_iso,SH.XPD.CHEX.PP.CD,"Current health expenditure per capita, PPP (current international $)",current international $,2,World Development Indicators,2020,498.031657409,2026-07-13,\N,2,498.031657408572,2026-07-29T18:04:35Z
wdi2-2019-2021-372906f371e0391f,GAB,GA,GAB,Gabon,ISO-3166-1,economy,False,matched_iso,SH.XPD.CHEX.PP.CD,"Current health expenditure per capita, PPP (current international $)",current international $,2,World Development Indicators,2021,517.278606097,2026-07-13,\N,2,517.278606096818,2026-07-29T18:04:35Z
wdi2-2019-2021-372906f371e0391f,GAB,GA,GAB,Gabon,ISO-3166-1,economy,False,matched_iso,SP.POP.65UP.TO.ZS,Population ages 65 and above (% of total population),% of total population,2,World Development Indicators,2019,3.992603978,2026-07-13,\N,0,3.99260397789748,2026-07-29T18:04:35Z
wdi2-2019-2021-372906f371e0391f,GAB,GA,GAB,Gabon,ISO-3166-1,economy,False,matched_iso,SP.POP.65UP.TO.ZS,Population ages 65 and above (% of total population),% of total population,2,World Development Indicators,2020,3.993065348,2026-07-13,\N,0,3.99306534788006,2026-07-29T18:04:35Z
wdi2-2019-2021-372906f371e0391f,GAB,GA,GAB,Gabon,ISO-3166-1,economy,False,matched_iso,SP.POP.65UP.TO.ZS,Population ages 65 and above (% of total population),% of total population,2,World Development Indicators,2021,3.9954189,2026-07-13,\N,0,3.99541890048563,2026-07-29T18:04:35Z
wdi2-2019-2021-372906f371e0391f,GAB,GA,GAB,Gabon,ISO-3166-1,economy,False,matched_iso,SP.POP.TOTL,"Population, total",people,2,World Development Indicators,2019,2267706,2026-07-13,\N,0,2267706,2026-07-29T18:04:35Z
wdi2-2019-2021-372906f371e0391f,GAB,GA,GAB,Gabon,ISO-3166-1,economy,False,matched_iso,SP.POP.TOTL,"Population, total",people,2,World Development Indicators,2020,2322539,2026-07-13,\N,0,2322539,2026-07-29T18:04:35Z
wdi2-2019-2021-372906f371e0391f,GAB,GA,GAB,Gabon,ISO-3166-1,economy,False,matched_iso,SP.POP.TOTL,"Population, total",people,2,World Development Indicators,2021,2376722,2026-07-13,\N,0,2376722,2026-07-29T18:04:35Z
wdi2-2019-2021-372906f371e0391f,GBR,GB,GBR,United Kingdom,ISO-3166-1,economy,False,matched_iso,EN.POP.DNST,Population density (people per sq. km of land area),people per sq. km of land area,2,World Development Indicators,2019,275.401975778,2026-07-13,\N,0,275.401975778118,2026-07-29T18:04:35Z
wdi2-2019-2021-372906f371e0391f,GBR,GB,GBR,United Kingdom,ISO-3166-1,economy,False,matched_iso,EN.POP.DNST,Population density (people per sq. km of land area),people per sq. km of land area,2,World Development Indicators,2020,275.864919605,2026-07-13,\N,0,275.864919604844,2026-07-29T18:04:35Z
wdi2-2019-2021-372906f371e0391f,GBR,GB,GBR,United Kingdom,ISO-3166-1,economy,False,matched_iso,EN.POP.DNST,Population density (people per sq. km of land area),people per sq. km of land area,2,World Development Indicators,2021,276.848675237,2026-07-13,\N,0,276.848675236639,2026-07-29T18:04:35Z
wdi2-2019-2021-372906f371e0391f,GBR,GB,GBR,United Kingdom,ISO-3166-1,economy,False,matched_iso,NY.GDP.PCAP.KD,GDP per capita (constant 2015 US$),constant 2015 US$,2,World Development Indicators,2019,47866.914035408,2026-07-13,\N,1,47866.9140354078,2026-07-29T18:04:35Z
wdi2-2019-2021-372906f371e0391f,GBR,GB,GBR,United Kingdom,ISO-3166-1,economy,False,matched_iso,NY.GDP.PCAP.KD,GDP per capita (constant 2015 US$),constant 2015 US$,2,World Development Indicators,2020,42985.039214825,2026-07-13,\N,1,42985.0392148248,2026-07-29T18:04:35Z
wdi2-2019-2021-372906f371e0391f,GBR,GB,GBR,United Kingdom,ISO-3166-1,economy,False,matched_iso,NY.GDP.PCAP.KD,GDP per capita (constant 2015 US$),constant 2015 US$,2,World Development Indicators,2021,46491.506883668,2026-07-13,\N,1,46491.5068836685,2026-07-29T18:04:35Z
wdi2-2019-2021-372906f371e0391f,GBR,GB,GBR,United Kingdom,ISO-3166-1,economy,False,matched_iso,SH.XPD.CHEX.PP.CD,"Current health expenditure per capita, PPP (current international $)",current international $,2,World Development Indicators,2019,4983.836528544,2026-07-13,\N,2,4983.83652854371,2026-07-29T18:04:35Z
wdi2-2019-2021-372906f371e0391f,GBR,GB,GBR,United Kingdom,ISO-3166-1,economy,False,matched_iso,SH.XPD.CHEX.PP.CD,"Current health expenditure per capita, PPP (current international $)",current international $,2,World Development Indicators,2020,5808.380128484,2026-07-13,\N,2,5808.38012848447,2026-07-29T18:04:35Z
wdi2-2019-2021-372906f371e0391f,GBR,GB,GBR,United Kingdom,ISO-3166-1,economy,False,matched_iso,SH.XPD.CHEX.PP.CD,"Current health expenditure per capita, PPP (current international $)",current international $,2,World Development Indicators,2021,6135.992045823,2026-07-13,\N,2,6135.99204582326,2026-07-29T18:04:35Z
wdi2-2019-2021-372906f371e0391f,GBR,GB,GBR,United Kingdom,ISO-3166-1,economy,False,matched_iso,SP.POP.65UP.TO.ZS,Population ages 65 and above (% of total population),% of total population,2,World Development Indicators,2019,18.457958088,2026-07-13,\N,0,18.457958087858,2026-07-29T18:04:35Z
wdi2-2019-2021-372906f371e0391f,GBR,GB,GBR,United Kingdom,ISO-3166-1,economy,False,matched_iso,SP.POP.65UP.TO.ZS,Population ages 65 and above (% of total population),% of total population,2,World Development Indicators,2020,18.605795328,2026-07-13,\N,0,18.6057953275723,2026-07-29T18:04:35Z
wdi2-2019-2021-372906f371e0391f,GBR,GB,GBR,United Kingdom,ISO-3166-1,economy,False,matched_iso,SP.POP.65UP.TO.ZS,Population ages 65 and above (% of total population),% of total population,2,World Development Indicators,2021,18.718648768,2026-07-13,\N,0,18.7186487679579,2026-07-29T18:04:35Z
wdi2-2019-2021-372906f371e0391f,GBR,GB,GBR,United Kingdom,ISO-3166-1,economy,False,matched_iso,SP.POP.TOTL,"Population, total",people,2,World Development Indicators,2019,66628000,2026-07-13,\N,0,66628000,2026-07-29T18:04:35Z
wdi2-2019-2021-372906f371e0391f,GBR,GB,GBR,United Kingdom,ISO-3166-1,economy,False,matched_iso,SP.POP.TOTL,"Population, total",people,2,World Development Indicators,2020,66740000,2026-07-13,\N,0,66740000,2026-07-29T18:04:35Z
wdi2-2019-2021-372906f371e0391f,GBR,GB,GBR,United Kingdom,ISO-3166-1,economy,False,matched_iso,SP.POP.TOTL,"Population, total",people,2,World Development Indicators,2021,66978000,2026-07-13,\N,0,66978000,2026-07-29T18:04:35Z
wdi2-2019-2021-372906f371e0391f,GEO,GE,GEO,Georgia,ISO-3166-1,economy,False,matched_iso,EN.POP.DNST,Population density (people per sq. km of land area),people per sq. km of land area,2,World Development Indicators,2019,65.085569824,2026-07-13,\N,0,65.0855698239966,2026-07-29T18:04:35Z
wdi2-2019-2021-372906f371e0391f,GEO,GE,GEO,Georgia,ISO-3166-1,economy,False,matched_iso,EN.POP.DNST,Population density (people per sq. km of land area),people per sq. km of land area,2,World Development Indicators,2020,65.130270478,2026-07-13,\N,0,65.1302704783232,2026-07-29T18:04:35Z
wdi2-2019-2021-372906f371e0391f,GEO,GE,GEO,Georgia,ISO-3166-1,economy,False,matched_iso,EN.POP.DNST,Population density (people per sq. km of land area),people per sq. km of land area,2,World Development Indicators,2021,64.883480878,2026-07-13,\N,0,64.8834808775675,2026-07-29T18:04:35Z
wdi2-2019-2021-372906f371e0391f,GEO,GE,GEO,Georgia,ISO-3166-1,economy,False,matched_iso,NY.GDP.PCAP.KD,GDP per capita (constant 2015 US$),constant 2015 US$,2,World Development Indicators,2019,4975.811481948,2026-07-13,\N,1,4975.81148194814,2026-07-29T18:04:35Z
wdi2-2019-2021-372906f371e0391f,GEO,GE,GEO,Georgia,ISO-3166-1,economy,False,matched_iso,NY.GDP.PCAP.KD,GDP per capita (constant 2015 US$),constant 2015 US$,2,World Development Indicators,2020,4659.609253182,2026-07-13,\N,1,4659.60925318234,2026-07-29T18:04:35Z
wdi2-2019-2021-372906f371e0391f,GEO,GE,GEO,Georgia,ISO-3166-1,economy,False,matched_iso,NY.GDP.PCAP.KD,GDP per capita (constant 2015 US$),constant 2015 US$,2,World Development Indicators,2021,5175.198651858,2026-07-13,\N,1,5175.19865185825,2026-07-29T18:04:35Z
wdi2-2019-2021-372906f371e0391f,GEO,GE,GEO,Georgia,ISO-3166-1,economy,False,matched_iso,SH.XPD.CHEX.PP.CD,"Current health expenditure per capita, PPP (current international $)",current international $,2,World Development Indicators,2019,1201.655203229,2026-07-13,\N,2,1201.65520322936,2026-07-29T18:04:35Z
wdi2-2019-2021-372906f371e0391f,GEO,GE,GEO,Georgia,ISO-3166-1,economy,False,matched_iso,SH.XPD.CHEX.PP.CD,"Current health expenditure per capita, PPP (current international $)",current international $,2,World Development Indicators,2020,1520.028293764,2026-07-13,\N,2,1520.02829376448,2026-07-29T18:04:35Z
wdi2-2019-2021-372906f371e0391f,GEO,GE,GEO,Georgia,ISO-3166-1,economy,False,matched_iso,SH.XPD.CHEX.PP.CD,"Current health expenditure per capita, PPP (current international $)",current international $,2,World Development Indicators,2021,1951.388101695,2026-07-13,\N,2,1951.38810169459,2026-07-29T18:04:35Z
wdi2-2019-2021-372906f371e0391f,GEO,GE,GEO,Georgia,ISO-3166-1,economy,False,matched_iso,SP.POP.65UP.TO.ZS,Population ages 65 and above (% of total population),% of total population,2,World Development Indicators,2019,14.704472081,2026-07-13,\N,0,14.7044720808539,2026-07-29T18:04:35Z
wdi2-2019-2021-372906f371e0391f,GEO,GE,GEO,Georgia,ISO-3166-1,economy,False,matched_iso,SP.POP.65UP.TO.ZS,Population ages 65 and above (% of total population),% of total population,2,World Development Indicators,2020,14.887485187,2026-07-13,\N,0,14.8874851870996,2026-07-29T18:04:35Z
wdi2-2019-2021-372906f371e0391f,GEO,GE,GEO,Georgia,ISO-3166-1,economy,False,matched_iso,SP.POP.65UP.TO.ZS,Population ages 65 and above (% of total population),% of total population,2,World Development Indicators,2021,14.988843725,2026-07-13,\N,0,14.9888437253115,2026-07-29T18:04:35Z
wdi2-2019-2021-372906f371e0391f,GEO,GE,GEO,Georgia,ISO-3166-1,economy,False,matched_iso,SP.POP.TOTL,"Population, total",people,2,World Development Indicators,2019,3720161,2026-07-13,\N,0,3720161,2026-07-29T18:04:35Z
wdi2-2019-2021-372906f371e0391f,GEO,GE,GEO,Georgia,ISO-3166-1,economy,False,matched_iso,SP.POP.TOTL,"Population, total",people,2,World Development Indicators,2020,3722716,2026-07-13,\N,0,3722716,2026-07-29T18:04:35Z
wdi2-2019-2021-372906f371e0391f,GEO,GE,GEO,Georgia,ISO-3166-1,economy,False,matched_iso,SP.POP.TOTL,"Population, total",people,2,World Development Indicators,2021,3708610,2026-07-13,\N,0,3708610,2026-07-29T18:04:35Z
wdi2-2019-2021-372906f371e0391f,GHA,GH,GHA,Ghana,ISO-3166-1,economy,False,matched_iso,EN.POP.DNST,Population density (people per sq. km of land area),people per sq. km of land area,2,World Development Indicators,2019,137.382028101,2026-07-13,\N,0,137.382028101418,2026-07-29T18:04:35Z
wdi2-2019-2021-372906f371e0391f,GHA,GH,GHA,Ghana,ISO-3166-1,economy,False,matched_iso,EN.POP.DNST,Population density (people per sq. km of land area),people per sq. km of land area,2,World Development Indicators,2020,140.14771239,2026-07-13,\N,0,140.147712389575,2026-07-29T18:04:35Z
wdi2-2019-2021-372906f371e0391f,GHA,GH,GHA,Ghana,ISO-3166-1,economy,False,matched_iso,EN.POP.DNST,Population density (people per sq. km of land area),people per sq. km of land area,2,World Development Indicators,2021,142.918455784,2026-07-13,\N,0,142.918455784436,2026-07-29T18:04:35Z
wdi2-2019-2021-372906f371e0391f,GHA,GH,GHA,Ghana,ISO-3166-1,economy,False,matched_iso,NY.GDP.PCAP.KD,GDP per capita (constant 2015 US$),constant 2015 US$,2,World Development Indicators,2019,1999.553722202,2026-07-13,\N,1,1999.55372220211,2026-07-29T18:04:35Z
wdi2-2019-2021-372906f371e0391f,GHA,GH,GHA,Ghana,ISO-3166-1,economy,False,matched_iso,NY.GDP.PCAP.KD,GDP per capita (constant 2015 US$),constant 2015 US$,2,World Development Indicators,2020,1970.194114604,2026-07-13,\N,1,1970.19411460398,2026-07-29T18:04:35Z
wdi2-2019-2021-372906f371e0391f,GHA,GH,GHA,Ghana,ISO-3166-1,economy,False,matched_iso,NY.GDP.PCAP.KD,GDP per capita (constant 2015 US$),constant 2015 US$,2,World Development Indicators,2021,2030.04866501,2026-07-13,\N,1,2030.04866500967,2026-07-29T18:04:35Z
wdi2-2019-2021-372906f371e0391f,GHA,GH,GHA,Ghana,ISO-3166-1,economy,False,matched_iso,SH.XPD.CHEX.PP.CD,"Current health expenditure per capita, PPP (current international $)",current international $,2,World Development Indicators,2019,195.353140758,2026-07-13,\N,2,195.353140757807,2026-07-29T18:04:35Z
wdi2-2019-2021-372906f371e0391f,GHA,GH,GHA,Ghana,ISO-3166-1,economy,False,matched_iso,SH.XPD.CHEX.PP.CD,"Current health expenditure per capita, PPP (current international $)",current international $,2,World Development Indicators,2020,268.087371011,2026-07-13,\N,2,268.087371011461,2026-07-29T18:04:35Z
wdi2-2019-2021-372906f371e0391f,GHA,GH,GHA,Ghana,ISO-3166-1,economy,False,matched_iso,SH.XPD.CHEX.PP.CD,"Current health expenditure per capita, PPP (current international $)",current international $,2,World Development Indicators,2021,255.070037066,2026-07-13,\N,2,255.070037065977,2026-07-29T18:04:35Z
wdi2-2019-2021-372906f371e0391f,GHA,GH,GHA,Ghana,ISO-3166-1,economy,False,matched_iso,SP.POP.65UP.TO.ZS,Population ages 65 and above (% of total population),% of total population,2,World Development Indicators,2019,3.436411562,2026-07-13,\N,0,3.43641156155462,2026-07-29T18:04:35Z
wdi2-2019-2021-372906f371e0391f,GHA,GH,GHA,Ghana,ISO-3166-1,economy,False,matched_iso,SP.POP.65UP.TO.ZS,Population ages 65 and above (% of total population),% of total population,2,World Development Indicators,2020,3.468706489,2026-07-13,\N,0,3.46870648905354,2026-07-29T18:04:35Z
wdi2-2019-2021-372906f371e0391f,GHA,GH,GHA,Ghana,ISO-3166-1,economy,False,matched_iso,SP.POP.65UP.TO.ZS,Population ages 65 and above (% of total population),% of total population,2,World Development Indicators,2021,3.506690696,2026-07-13,\N,0,3.50669069594339,2026-07-29T18:04:35Z
wdi2-2019-2021-372906f371e0391f,GHA,GH,GHA,Ghana,ISO-3166-1,economy,False,matched_iso,SP.POP.TOTL,"Population, total",people,2,World Development Indicators,2019,31258945,2026-07-13,\N,0,31258945,2026-07-29T18:04:35Z
wdi2-2019-2021-372906f371e0391f,GHA,GH,GHA,Ghana,ISO-3166-1,economy,False,matched_iso,SP.POP.TOTL,"Population, total",people,2,World Development Indicators,2020,31887809,2026-07-13,\N,0,31887809,2026-07-29T18:04:35Z
wdi2-2019-2021-372906f371e0391f,GHA,GH,GHA,Ghana,ISO-3166-1,economy,False,matched_iso,SP.POP.TOTL,"Population, total",people,2,World Development Indicators,2021,32518665,2026-07-13,\N,0,32518665,2026-07-29T18:04:35Z
wdi2-2019-2021-372906f371e0391f,GIB,GI,GIB,Gibraltar,ISO-3166-1,economy,False,matched_iso,EN.POP.DNST,Population density (people per sq. km of land area),people per sq. km of land area,2,World Development Indicators,2019,3549.4,2026-07-13,\N,0,3549.4,2026-07-29T18:04:35Z
wdi2-2019-2021-372906f371e0391f,GIB,GI,GIB,Gibraltar,ISO-3166-1,economy,False,matched_iso,EN.POP.DNST,Population density (people per sq. km of land area),people per sq. km of land area,2,World Development Indicators,2020,3617.3,2026-07-13,\N,0,3617.3,2026-07-29T18:04:35Z
wdi2-2019-2021-372906f371e0391f,GIB,GI,GIB,Gibraltar,ISO-3166-1,economy,False,matched_iso,EN.POP.DNST,Population density (people per sq. km of land area),people per sq. km of land area,2,World Development Indicators,2021,3685.8,2026-07-13,\N,0,3685.8,2026-07-29T18:04:35Z
wdi2-2019-2021-372906f371e0391f,GIB,GI,GIB,Gibraltar,ISO-3166-1,economy,False,matched_iso,NY.GDP.PCAP.KD,GDP per capita (constant 2015 US$),constant 2015 US$,2,World Development Indicators,2019,\N,2026-07-13,\N,1,\N,2026-07-29T18:04:35Z
wdi2-2019-2021-372906f371e0391f,GIB,GI,GIB,Gibraltar,ISO-3166-1,economy,False,matched_iso,NY.GDP.PCAP.KD,GDP per capita (constant 2015 US$),constant 2015 US$,2,World Development Indicators,2020,\N,2026-07-13,\N,1,\N,2026-07-29T18:04:35Z
wdi2-2019-2021-372906f371e0391f,GIB,GI,GIB,Gibraltar,ISO-3166-1,economy,False,matched_iso,NY.GDP.PCAP.KD,GDP per capita (constant 2015 US$),constant 2015 US$,2,World Development Indicators,2021,\N,2026-07-13,\N,1,\N,2026-07-29T18:04:35Z
wdi2-2019-2021-372906f371e0391f,GIB,GI,GIB,Gibraltar,ISO-3166-1,economy,False,matched_iso,SH.XPD.CHEX.PP.CD,"Current health expenditure per capita, PPP (current international $)",current international $,2,World Development Indicators,2019,\N,2026-07-13,\N,2,\N,2026-07-29T18:04:35Z
wdi2-2019-2021-372906f371e0391f,GIB,GI,GIB,Gibraltar,ISO-3166-1,economy,False,matched_iso,SH.XPD.CHEX.PP.CD,"Current health expenditure per capita, PPP (current international $)",current international $,2,World Development Indicators,2020,\N,2026-07-13,\N,2,\N,2026-07-29T18:04:35Z
wdi2-2019-2021-372906f371e0391f,GIB,GI,GIB,Gibraltar,ISO-3166-1,economy,False,matched_iso,SH.XPD.CHEX.PP.CD,"Current health expenditure per capita, PPP (current international $)",current international $,2,World Development Indicators,2021,\N,2026-07-13,\N,2,\N,2026-07-29T18:04:35Z
wdi2-2019-2021-372906f371e0391f,GIB,GI,GIB,Gibraltar,ISO-3166-1,economy,False,matched_iso,SP.POP.65UP.TO.ZS,Population ages 65 and above (% of total population),% of total population,2,World Development Indicators,2019,17.460697583,2026-07-13,\N,0,17.46069758269,2026-07-29T18:04:35Z
wdi2-2019-2021-372906f371e0391f,GIB,GI,GIB,Gibraltar,ISO-3166-1,economy,False,matched_iso,SP.POP.65UP.TO.ZS,Population ages 65 and above (% of total population),% of total population,2,World Development Indicators,2020,17.424598457,2026-07-13,\N,0,17.424598457413,2026-07-29T18:04:35Z
wdi2-2019-2021-372906f371e0391f,GIB,GI,GIB,Gibraltar,ISO-3166-1,economy,False,matched_iso,SP.POP.65UP.TO.ZS,Population ages 65 and above (% of total population),% of total population,2,World Development Indicators,2021,17.328431705,2026-07-13,\N,0,17.3284317050341,2026-07-29T18:04:35Z
wdi2-2019-2021-372906f371e0391f,GIB,GI,GIB,Gibraltar,ISO-3166-1,economy,False,matched_iso,SP.POP.TOTL,"Population, total",people,2,World Development Indicators,2019,35494,2026-07-13,\N,0,35494,2026-07-29T18:04:35Z
wdi2-2019-2021-372906f371e0391f,GIB,GI,GIB,Gibraltar,ISO-3166-1,economy,False,matched_iso,SP.POP.TOTL,"Population, total",people,2,World Development Indicators,2020,36173,2026-07-13,\N,0,36173,2026-07-29T18:04:35Z
wdi2-2019-2021-372906f371e0391f,GIB,GI,GIB,Gibraltar,ISO-3166-1,economy,False,matched_iso,SP.POP.TOTL,"Population, total",people,2,World Development Indicators,2021,36858,2026-07-13,\N,0,36858,2026-07-29T18:04:35Z
wdi2-2019-2021-372906f371e0391f,GIN,GN,GIN,Guinea,ISO-3166-1,economy,False,matched_iso,EN.POP.DNST,Population density (people per sq. km of land area),people per sq. km of land area,2,World Development Indicators,2019,53.04552336,2026-07-13,\N,0,53.0455233599219,2026-07-29T18:04:35Z
wdi2-2019-2021-372906f371e0391f,GIN,GN,GIN,Guinea,ISO-3166-1,economy,False,matched_iso,EN.POP.DNST,Population density (people per sq. km of land area),people per sq. km of land area,2,World Development Indicators,2020,54.416339736,2026-07-13,\N,0,54.4163397362852,2026-07-29T18:04:35Z
wdi2-2019-2021-372906f371e0391f,GIN,GN,GIN,Guinea,ISO-3166-1,economy,False,matched_iso,EN.POP.DNST,Population density (people per sq. km of land area),people per sq. km of land area,2,World Development Indicators,2021,55.797301807,2026-07-13,\N,0,55.7973018069347,2026-07-29T18:04:35Z
wdi2-2019-2021-372906f371e0391f,GIN,GN,GIN,Guinea,ISO-3166-1,economy,False,matched_iso,NY.GDP.PCAP.KD,GDP per capita (constant 2015 US$),constant 2015 US$,2,World Development Indicators,2019,926.422219549,2026-07-13,\N,1,926.42221954853,2026-07-29T18:04:35Z
wdi2-2019-2021-372906f371e0391f,GIN,GN,GIN,Guinea,ISO-3166-1,economy,False,matched_iso,NY.GDP.PCAP.KD,GDP per capita (constant 2015 US$),constant 2015 US$,2,World Development Indicators,2020,945.57090339,2026-07-13,\N,1,945.570903389665,2026-07-29T18:04:35Z
wdi2-2019-2021-372906f371e0391f,GIN,GN,GIN,Guinea,ISO-3166-1,economy,False,matched_iso,NY.GDP.PCAP.KD,GDP per capita (constant 2015 US$),constant 2015 US$,2,World Development Indicators,2021,973.646890096,2026-07-13,\N,1,973.646890096159,2026-07-29T18:04:35Z
wdi2-2019-2021-372906f371e0391f,GIN,GN,GIN,Guinea,ISO-3166-1,economy,False,matched_iso,SH.XPD.CHEX.PP.CD,"Current health expenditure per capita, PPP (current international $)",current international $,2,World Development Indicators,2019,126.989916621,2026-07-13,\N,2,126.989916621133,2026-07-29T18:04:35Z
wdi2-2019-2021-372906f371e0391f,GIN,GN,GIN,Guinea,ISO-3166-1,economy,False,matched_iso,SH.XPD.CHEX.PP.CD,"Current health expenditure per capita, PPP (current international $)",current international $,2,World Development Indicators,2020,129.973956329,2026-07-13,\N,2,129.973956328829,2026-07-29T18:04:35Z
wdi2-2019-2021-372906f371e0391f,GIN,GN,GIN,Guinea,ISO-3166-1,economy,False,matched_iso,SH.XPD.CHEX.PP.CD,"Current health expenditure per capita, PPP (current international $)",current international $,2,World Development Indicators,2021,138.992755293,2026-07-13,\N,2,138.992755292568,2026-07-29T18:04:35Z
wdi2-2019-2021-372906f371e0391f,GIN,GN,GIN,Guinea,ISO-3166-1,economy,False,matched_iso,SP.POP.65UP.TO.ZS,Population ages 65 and above (% of total population),% of total population,2,World Development Indicators,2019,3.456924498,2026-07-13,\N,0,3.45692449778455,2026-07-29T18:04:35Z
wdi2-2019-2021-372906f371e0391f,GIN,GN,GIN,Guinea,ISO-3166-1,economy,False,matched_iso,SP.POP.65UP.TO.ZS,Population ages 65 and above (% of total population),% of total population,2,World Development Indicators,2020,3.444339966,2026-07-13,\N,0,3.44433996602993,2026-07-29T18:04:35Z
wdi2-2019-2021-372906f371e0391f,GIN,GN,GIN,Guinea,ISO-3166-1,economy,False,matched_iso,SP.POP.65UP.TO.ZS,Population ages 65 and above (% of total population),% of total population,2,World Development Indicators,2021,3.431282987,2026-07-13,\N,0,3.43128298700421,2026-07-29T18:04:35Z
wdi2-2019-2021-372906f371e0391f,GIN,GN,GIN,Guinea,ISO-3166-1,economy,False,matched_iso,SP.POP.TOTL,"Population, total",people,2,World Development Indicators,2019,13034346,2026-07-13,\N,0,13034346,2026-07-29T18:04:35Z
wdi2-2019-2021-372906f371e0391f,GIN,GN,GIN,Guinea,ISO-3166-1,economy,False,matched_iso,SP.POP.TOTL,"Population, total",people,2,World Development Indicators,2020,13371183,2026-07-13,\N,0,13371183,2026-07-29T18:04:35Z
wdi2-2019-2021-372906f371e0391f,GIN,GN,GIN,Guinea,ISO-3166-1,economy,False,matched_iso,SP.POP.TOTL,"Population, total",people,2,World Development Indicators,2021,13710513,2026-07-13,\N,0,13710513,2026-07-29T18:04:35Z
wdi2-2019-2021-372906f371e0391f,GMB,GM,GMB,"Gambia, The",ISO-3166-1,economy,False,matched_iso,EN.POP.DNST,Population density (people per sq. km of land area),people per sq. km of land area,2,World Development Indicators,2019,242.771146245,2026-07-13,\N,0,242.771146245059,2026-07-29T18:04:35Z
wdi2-2019-2021-372906f371e0391f,GMB,GM,GMB,"Gambia, The",ISO-3166-1,economy,False,matched_iso,EN.POP.DNST,Population density (people per sq. km of land area),people per sq. km of land area,2,World Development Indicators,2020,248.590217391,2026-07-13,\N,0,248.590217391304,2026-07-29T18:04:35Z
wdi2-2019-2021-372906f371e0391f,GMB,GM,GMB,"Gambia, The",ISO-3166-1,economy,False,matched_iso,EN.POP.DNST,Population density (people per sq. km of land area),people per sq. km of land area,2,World Development Indicators,2021,254.546442688,2026-07-13,\N,0,254.546442687747,2026-07-29T18:04:35Z
wdi2-2019-2021-372906f371e0391f,GMB,GM,GMB,"Gambia, The",ISO-3166-1,economy,False,matched_iso,NY.GDP.PCAP.KD,GDP per capita (constant 2015 US$),constant 2015 US$,2,World Development Indicators,2019,682.79764294,2026-07-13,\N,1,682.797642940426,2026-07-29T18:04:35Z
wdi2-2019-2021-372906f371e0391f,GMB,GM,GMB,"Gambia, The",ISO-3166-1,economy,False,matched_iso,NY.GDP.PCAP.KD,GDP per capita (constant 2015 US$),constant 2015 US$,2,World Development Indicators,2020,670.758642891,2026-07-13,\N,1,670.758642891251,2026-07-29T18:04:35Z
wdi2-2019-2021-372906f371e0391f,GMB,GM,GMB,"Gambia, The",ISO-3166-1,economy,False,matched_iso,NY.GDP.PCAP.KD,GDP per capita (constant 2015 US$),constant 2015 US$,2,World Development Indicators,2021,689.493239557,2026-07-13,\N,1,689.49323955737,2026-07-29T18:04:35Z
wdi2-2019-2021-372906f371e0391f,GMB,GM,GMB,"Gambia, The",ISO-3166-1,economy,False,matched_iso,SH.XPD.CHEX.PP.CD,"Current health expenditure per capita, PPP (current international $)",current international $,2,World Development Indicators,2019,76.171854164,2026-07-13,\N,2,76.171854164051,2026-07-29T18:04:35Z
wdi2-2019-2021-372906f371e0391f,GMB,GM,GMB,"Gambia, The",ISO-3166-1,economy,False,matched_iso,SH.XPD.CHEX.PP.CD,"Current health expenditure per capita, PPP (current international $)",current international $,2,World Development Indicators,2020,101.596024904,2026-07-13,\N,2,101.596024903845,2026-07-29T18:04:35Z
wdi2-2019-2021-372906f371e0391f,GMB,GM,GMB,"Gambia, The",ISO-3166-1,economy,False,matched_iso,SH.XPD.CHEX.PP.CD,"Current health expenditure per capita, PPP (current international $)",current international $,2,World Development Indicators,2021,103.978861665,2026-07-13,\N,2,103.97886166509,2026-07-29T18:04:35Z
wdi2-2019-2021-372906f371e0391f,GMB,GM,GMB,"Gambia, The",ISO-3166-1,economy,False,matched_iso,SP.POP.65UP.TO.ZS,Population ages 65 and above (% of total population),% of total population,2,World Development Indicators,2019,2.715088952,2026-07-13,\N,0,2.71508895151666,2026-07-29T18:04:35Z
wdi2-2019-2021-372906f371e0391f,GMB,GM,GMB,"Gambia, The",ISO-3166-1,economy,False,matched_iso,SP.POP.65UP.TO.ZS,Population ages 65 and above (% of total population),% of total population,2,World Development Indicators,2020,2.766231002,2026-07-13,\N,0,2.76623100181319,2026-07-29T18:04:35Z
wdi2-2019-2021-372906f371e0391f,GMB,GM,GMB,"Gambia, The",ISO-3166-1,economy,False,matched_iso,SP.POP.65UP.TO.ZS,Population ages 65 and above (% of total population),% of total population,2,World Development Indicators,2021,2.821282297,2026-07-13,\N,0,2.82128229728966,2026-07-29T18:04:35Z
wdi2-2019-2021-372906f371e0391f,GMB,GM,GMB,"Gambia, The",ISO-3166-1,economy,False,matched_iso,SP.POP.TOTL,"Population, total",people,2,World Development Indicators,2019,2456844,2026-07-13,\N,0,2456844,2026-07-29T18:04:35Z
wdi2-2019-2021-372906f371e0391f,GMB,GM,GMB,"Gambia, The",ISO-3166-1,economy,False,matched_iso,SP.POP.TOTL,"Population, total",people,2,World Development Indicators,2020,2515733,2026-07-13,\N,0,2515733,2026-07-29T18:04:35Z
wdi2-2019-2021-372906f371e0391f,GMB,GM,GMB,"Gambia, The",ISO-3166-1,economy,False,matched_iso,SP.POP.TOTL,"Population, total",people,2,World Development Indicators,2021,2576010,2026-07-13,\N,0,2576010,2026-07-29T18:04:35Z
wdi2-2019-2021-372906f371e0391f,GNB,GW,GNB,Guinea-Bissau,ISO-3166-1,economy,False,matched_iso,EN.POP.DNST,Population density (people per sq. km of land area),people per sq. km of land area,2,World Development Indicators,2019,69.974964438,2026-07-13,\N,0,69.9749644381223,2026-07-29T18:04:35Z
wdi2-2019-2021-372906f371e0391f,GNB,GW,GNB,Guinea-Bissau,ISO-3166-1,economy,False,matched_iso,EN.POP.DNST,Population density (people per sq. km of land area),people per sq. km of land area,2,World Development Indicators,2020,71.595128023,2026-07-13,\N,0,71.5951280227596,2026-07-29T18:04:35Z
wdi2-2019-2021-372906f371e0391f,GNB,GW,GNB,Guinea-Bissau,ISO-3166-1,economy,False,matched_iso,EN.POP.DNST,Population density (people per sq. km of land area),people per sq. km of land area,2,World Development Indicators,2021,73.216251778,2026-07-13,\N,0,73.2162517780939,2026-07-29T18:04:35Z
wdi2-2019-2021-372906f371e0391f,GNB,GW,GNB,Guinea-Bissau,ISO-3166-1,economy,False,matched_iso,NY.GDP.PCAP.KD,GDP per capita (constant 2015 US$),constant 2015 US$,2,World Development Indicators,2019,706.298562875,2026-07-13,\N,1,706.298562874985,2026-07-29T18:04:35Z
wdi2-2019-2021-372906f371e0391f,GNB,GW,GNB,Guinea-Bissau,ISO-3166-1,economy,False,matched_iso,NY.GDP.PCAP.KD,GDP per capita (constant 2015 US$),constant 2015 US$,2,World Development Indicators,2020,710.275830756,2026-07-13,\N,1,710.275830755611,2026-07-29T18:04:35Z
wdi2-2019-2021-372906f371e0391f,GNB,GW,GNB,Guinea-Bissau,ISO-3166-1,economy,False,matched_iso,NY.GDP.PCAP.KD,GDP per capita (constant 2015 US$),constant 2015 US$,2,World Development Indicators,2021,729.396882758,2026-07-13,\N,1,729.396882757942,2026-07-29T18:04:35Z
wdi2-2019-2021-372906f371e0391f,GNB,GW,GNB,Guinea-Bissau,ISO-3166-1,economy,False,matched_iso,SH.XPD.CHEX.PP.CD,"Current health expenditure per capita, PPP (current international $)",current international $,2,World Development Indicators,2019,149.551634593,2026-07-13,\N,2,149.55163459338,2026-07-29T18:04:35Z
wdi2-2019-2021-372906f371e0391f,GNB,GW,GNB,Guinea-Bissau,ISO-3166-1,economy,False,matched_iso,SH.XPD.CHEX.PP.CD,"Current health expenditure per capita, PPP (current international $)",current international $,2,World Development Indicators,2020,187.555560185,2026-07-13,\N,2,187.555560184798,2026-07-29T18:04:35Z
wdi2-2019-2021-372906f371e0391f,GNB,GW,GNB,Guinea-Bissau,ISO-3166-1,economy,False,matched_iso,SH.XPD.CHEX.PP.CD,"Current health expenditure per capita, PPP (current international $)",current international $,2,World Development Indicators,2021,191.122082348,2026-07-13,\N,2,191.12208234784,2026-07-29T18:04:35Z
wdi2-2019-2021-372906f371e0391f,GNB,GW,GNB,Guinea-Bissau,ISO-3166-1,economy,False,matched_iso,SP.POP.65UP.TO.ZS,Population ages 65 and above (% of total population),% of total population,2,World Development Indicators,2019,2.982981111,2026-07-13,\N,0,2.98298111090331,2026-07-29T18:04:35Z
wdi2-2019-2021-372906f371e0391f,GNB,GW,GNB,Guinea-Bissau,ISO-3166-1,economy,False,matched_iso,SP.POP.65UP.TO.ZS,Population ages 65 and above (% of total population),% of total population,2,World Development Indicators,2020,3.018941962,2026-07-13,\N,0,3.01894196214588,2026-07-29T18:04:35Z
wdi2-2019-2021-372906f371e0391f,GNB,GW,GNB,Guinea-Bissau,ISO-3166-1,economy,False,matched_iso,SP.POP.65UP.TO.ZS,Population ages 65 and above (% of total population),% of total population,2,World Development Indicators,2021,3.046761978,2026-07-13,\N,0,3.04676197754902,2026-07-29T18:04:35Z
wdi2-2019-2021-372906f371e0391f,GNB,GW,GNB,Guinea-Bissau,ISO-3166-1,economy,False,matched_iso,SP.POP.TOTL,"Population, total",people,2,World Development Indicators,2019,1967696,2026-07-13,\N,0,1967696,2026-07-29T18:04:35Z
wdi2-2019-2021-372906f371e0391f,GNB,GW,GNB,Guinea-Bissau,ISO-3166-1,economy,False,matched_iso,SP.POP.TOTL,"Population, total",people,2,World Development Indicators,2020,2013255,2026-07-13,\N,0,2013255,2026-07-29T18:04:35Z
wdi2-2019-2021-372906f371e0391f,GNB,GW,GNB,Guinea-Bissau,ISO-3166-1,economy,False,matched_iso,SP.POP.TOTL,"Population, total",people,2,World Development Indicators,2021,2058841,2026-07-13,\N,0,2058841,2026-07-29T18:04:35Z
wdi2-2019-2021-372906f371e0391f,GNQ,GQ,GNQ,Equatorial Guinea,ISO-3166-1,economy,False,matched_iso,EN.POP.DNST,Population density (people per sq. km of land area),people per sq. km of land area,2,World Development Indicators,2019,59.54285205,2026-07-13,\N,0,59.5428520499109,2026-07-29T18:04:35Z
wdi2-2019-2021-372906f371e0391f,GNQ,GQ,GNQ,Equatorial Guinea,ISO-3166-1,economy,False,matched_iso,EN.POP.DNST,Population density (people per sq. km of land area),people per sq. km of land area,2,World Development Indicators,2020,61.19315508,2026-07-13,\N,0,61.1931550802139,2026-07-29T18:04:35Z
wdi2-2019-2021-372906f371e0391f,GNQ,GQ,GNQ,Equatorial Guinea,ISO-3166-1,economy,False,matched_iso,EN.POP.DNST,Population density (people per sq. km of land area),people per sq. km of land area,2,World Development Indicators,2021,62.701818182,2026-07-13,\N,0,62.7018181818182,2026-07-29T18:04:35Z
wdi2-2019-2021-372906f371e0391f,GNQ,GQ,GNQ,Equatorial Guinea,ISO-3166-1,economy,False,matched_iso,NY.GDP.PCAP.KD,GDP per capita (constant 2015 US$),constant 2015 US$,2,World Development Indicators,2019,6018.120663219,2026-07-13,\N,1,6018.12066321865,2026-07-29T18:04:35Z
wdi2-2019-2021-372906f371e0391f,GNQ,GQ,GNQ,Equatorial Guinea,ISO-3166-1,economy,False,matched_iso,NY.GDP.PCAP.KD,GDP per capita (constant 2015 US$),constant 2015 US$,2,World Development Indicators,2020,5575.262415115,2026-07-13,\N,1,5575.26241511492,2026-07-29T18:04:35Z
wdi2-2019-2021-372906f371e0391f,GNQ,GQ,GNQ,Equatorial Guinea,ISO-3166-1,economy,False,matched_iso,NY.GDP.PCAP.KD,GDP per capita (constant 2015 US$),constant 2015 US$,2,World Development Indicators,2021,5487.92479202,2026-07-13,\N,1,5487.92479201992,2026-07-29T18:04:35Z
wdi2-2019-2021-372906f371e0391f,GNQ,GQ,GNQ,Equatorial Guinea,ISO-3166-1,economy,False,matched_iso,SH.XPD.CHEX.PP.CD,"Current health expenditure per capita, PPP (current international $)",current international $,2,World Development Indicators,2019,539.520567571,2026-07-13,\N,2,539.520567570667,2026-07-29T18:04:35Z
wdi2-2019-2021-372906f371e0391f,GNQ,GQ,GNQ,Equatorial Guinea,ISO-3166-1,economy,False,matched_iso,SH.XPD.CHEX.PP.CD,"Current health expenditure per capita, PPP (current international $)",current international $,2,World Development Indicators,2020,506.819834885,2026-07-13,\N,2,506.819834884719,2026-07-29T18:04:35Z
wdi2-2019-2021-372906f371e0391f,GNQ,GQ,GNQ,Equatorial Guinea,ISO-3166-1,economy,False,matched_iso,SH.XPD.CHEX.PP.CD,"Current health expenditure per capita, PPP (current international $)",current international $,2,World Development Indicators,2021,590.483186912,2026-07-13,\N,2,590.483186911703,2026-07-29T18:04:35Z
wdi2-2019-2021-372906f371e0391f,GNQ,GQ,GNQ,Equatorial Guinea,ISO-3166-1,economy,False,matched_iso,SP.POP.65UP.TO.ZS,Population ages 65 and above (% of total population),% of total population,2,World Development Indicators,2019,3.441281972,2026-07-13,\N,0,3.44128197191076,2026-07-29T18:04:35Z
wdi2-2019-2021-372906f371e0391f,GNQ,GQ,GNQ,Equatorial Guinea,ISO-3166-1,economy,False,matched_iso,SP.POP.65UP.TO.ZS,Population ages 65 and above (% of total population),% of total population,2,World Development Indicators,2020,3.482877781,2026-07-13,\N,0,3.48287778074576,2026-07-29T18:04:35Z
wdi2-2019-2021-372906f371e0391f,GNQ,GQ,GNQ,Equatorial Guinea,ISO-3166-1,economy,False,matched_iso,SP.POP.65UP.TO.ZS,Population ages 65 and above (% of total population),% of total population,2,World Development Indicators,2021,3.52077981,2026-07-13,\N,0,3.52077981039768,2026-07-29T18:04:35Z
wdi2-2019-2021-372906f371e0391f,GNQ,GQ,GNQ,Equatorial Guinea,ISO-3166-1,economy,False,matched_iso,SP.POP.TOTL,"Population, total",people,2,World Development Indicators,2019,1670177,2026-07-13,\N,0,1670177,2026-07-29T18:04:35Z
wdi2-2019-2021-372906f371e0391f,GNQ,GQ,GNQ,Equatorial Guinea,ISO-3166-1,economy,False,matched_iso,SP.POP.TOTL,"Population, total",people,2,World Development Indicators,2020,1716468,2026-07-13,\N,0,1716468,2026-07-29T18:04:35Z
wdi2-2019-2021-372906f371e0391f,GNQ,GQ,GNQ,Equatorial Guinea,ISO-3166-1,economy,False,matched_iso,SP.POP.TOTL,"Population, total",people,2,World Development Indicators,2021,1758786,2026-07-13,\N,0,1758786,2026-07-29T18:04:35Z
wdi2-2019-2021-372906f371e0391f,GRC,GR,GRC,Greece,ISO-3166-1,economy,False,matched_iso,EN.POP.DNST,Population density (people per sq. km of land area),people per sq. km of land area,2,World Development Indicators,2019,83.177517455,2026-07-13,\N,0,83.1775174553918,2026-07-29T18:04:35Z
wdi2-2019-2021-372906f371e0391f,GRC,GR,GRC,Greece,ISO-3166-1,economy,False,matched_iso,EN.POP.DNST,Population density (people per sq. km of land area),people per sq. km of land area,2,World Development Indicators,2020,82.999216447,2026-07-13,\N,0,82.999216446858,2026-07-29T18:04:35Z
wdi2-2019-2021-372906f371e0391f,GRC,GR,GRC,Greece,ISO-3166-1,economy,False,matched_iso,EN.POP.DNST,Population density (people per sq. km of land area),people per sq. km of land area,2,World Development Indicators,2021,82.002560124,2026-07-13,\N,0,82.0025601241272,2026-07-29T18:04:35Z
wdi2-2019-2021-372906f371e0391f,GRC,GR,GRC,Greece,ISO-3166-1,economy,False,matched_iso,NY.GDP.PCAP.KD,GDP per capita (constant 2015 US$),constant 2015 US$,2,World Development Indicators,2019,19216.675957978,2026-07-13,\N,1,19216.6759579785,2026-07-29T18:04:35Z
wdi2-2019-2021-372906f371e0391f,GRC,GR,GRC,Greece,ISO-3166-1,economy,False,matched_iso,NY.GDP.PCAP.KD,GDP per capita (constant 2015 US$),constant 2015 US$,2,World Development Indicators,2020,17486.951333323,2026-07-13,\N,1,17486.951333323,2026-07-29T18:04:35Z
wdi2-2019-2021-372906f371e0391f,GRC,GR,GRC,Greece,ISO-3166-1,economy,False,matched_iso,NY.GDP.PCAP.KD,GDP per capita (constant 2015 US$),constant 2015 US$,2,World Development Indicators,2021,19231.288880352,2026-07-13,\N,1,19231.2888803517,2026-07-29T18:04:35Z
wdi2-2019-2021-372906f371e0391f,GRC,GR,GRC,Greece,ISO-3166-1,economy,False,matched_iso,SH.XPD.CHEX.PP.CD,"Current health expenditure per capita, PPP (current international $)",current international $,2,World Development Indicators,2019,2590.846666896,2026-07-13,\N,2,2590.84666689567,2026-07-29T18:04:35Z
wdi2-2019-2021-372906f371e0391f,GRC,GR,GRC,Greece,ISO-3166-1,economy,False,matched_iso,SH.XPD.CHEX.PP.CD,"Current health expenditure per capita, PPP (current international $)",current international $,2,World Development Indicators,2020,2765.262911404,2026-07-13,\N,2,2765.26291140401,2026-07-29T18:04:35Z
wdi2-2019-2021-372906f371e0391f,GRC,GR,GRC,Greece,ISO-3166-1,economy,False,matched_iso,SH.XPD.CHEX.PP.CD,"Current health expenditure per capita, PPP (current international $)",current international $,2,World Development Indicators,2021,2997.429567301,2026-07-13,\N,2,2997.4295673009,2026-07-29T18:04:35Z
wdi2-2019-2021-372906f371e0391f,GRC,GR,GRC,Greece,ISO-3166-1,economy,False,matched_iso,SP.POP.65UP.TO.ZS,Population ages 65 and above (% of total population),% of total population,2,World Development Indicators,2019,22.127385304,2026-07-13,\N,0,22.1273853041386,2026-07-29T18:04:35Z
wdi2-2019-2021-372906f371e0391f,GRC,GR,GRC,Greece,ISO-3166-1,economy,False,matched_iso,SP.POP.65UP.TO.ZS,Population ages 65 and above (% of total population),% of total population,2,World Development Indicators,2020,22.393432734,2026-07-13,\N,0,22.3934327342108,2026-07-29T18:04:35Z
wdi2-2019-2021-372906f371e0391f,GRC,GR,GRC,Greece,ISO-3166-1,economy,False,matched_iso,SP.POP.65UP.TO.ZS,Population ages 65 and above (% of total population),% of total population,2,World Development Indicators,2021,22.838953337,2026-07-13,\N,0,22.8389533365326,2026-07-29T18:04:35Z
wdi2-2019-2021-372906f371e0391f,GRC,GR,GRC,Greece,ISO-3166-1,economy,False,matched_iso,SP.POP.TOTL,"Population, total",people,2,World Development Indicators,2019,10721582,2026-07-13,\N,0,10721582,2026-07-29T18:04:35Z
wdi2-2019-2021-372906f371e0391f,GRC,GR,GRC,Greece,ISO-3166-1,economy,False,matched_iso,SP.POP.TOTL,"Population, total",people,2,World Development Indicators,2020,10698599,2026-07-13,\N,0,10698599,2026-07-29T18:04:35Z
wdi2-2019-2021-372906f371e0391f,GRC,GR,GRC,Greece,ISO-3166-1,economy,False,matched_iso,SP.POP.TOTL,"Population, total",people,2,World Development Indicators,2021,10570130,2026-07-13,\N,0,10570130,2026-07-29T18:04:35Z
wdi2-2019-2021-372906f371e0391f,GRD,GD,GRD,Grenada,ISO-3166-1,economy,False,matched_iso,EN.POP.DNST,Population density (people per sq. km of land area),people per sq. km of land area,2,World Development Indicators,2019,341.120588235,2026-07-13,\N,0,341.120588235294,2026-07-29T18:04:35Z
wdi2-2019-2021-372906f371e0391f,GRD,GD,GRD,Grenada,ISO-3166-1,economy,False,matched_iso,EN.POP.DNST,Population density (people per sq. km of land area),people per sq. km of land area,2,World Development Indicators,2020,342.179411765,2026-07-13,\N,0,342.179411764706,2026-07-29T18:04:35Z
wdi2-2019-2021-372906f371e0391f,GRD,GD,GRD,Grenada,ISO-3166-1,economy,False,matched_iso,EN.POP.DNST,Population density (people per sq. km of land area),people per sq. km of land area,2,World Development Indicators,2021,343.2,2026-07-13,\N,0,343.2,2026-07-29T18:04:35Z
wdi2-2019-2021-372906f371e0391f,GRD,GD,GRD,Grenada,ISO-3166-1,economy,False,matched_iso,NY.GDP.PCAP.KD,GDP per capita (constant 2015 US$),constant 2015 US$,2,World Development Indicators,2019,9785.560402406,2026-07-13,\N,1,9785.56040240592,2026-07-29T18:04:35Z
wdi2-2019-2021-372906f371e0391f,GRD,GD,GRD,Grenada,ISO-3166-1,economy,False,matched_iso,NY.GDP.PCAP.KD,GDP per capita (constant 2015 US$),constant 2015 US$,2,World Development Indicators,2020,8413.283355004,2026-07-13,\N,1,8413.28335500372,2026-07-29T18:04:35Z
wdi2-2019-2021-372906f371e0391f,GRD,GD,GRD,Grenada,ISO-3166-1,economy,False,matched_iso,NY.GDP.PCAP.KD,GDP per capita (constant 2015 US$),constant 2015 US$,2,World Development Indicators,2021,8782.321934261,2026-07-13,\N,1,8782.32193426078,2026-07-29T18:04:35Z
wdi2-2019-2021-372906f371e0391f,GRD,GD,GRD,Grenada,ISO-3166-1,economy,False,matched_iso,SH.XPD.CHEX.PP.CD,"Current health expenditure per capita, PPP (current international $)",current international $,2,World Development Indicators,2019,811.000217912,2026-07-13,\N,2,811.00021791222,2026-07-29T18:04:35Z
wdi2-2019-2021-372906f371e0391f,GRD,GD,GRD,Grenada,ISO-3166-1,economy,False,matched_iso,SH.XPD.CHEX.PP.CD,"Current health expenditure per capita, PPP (current international $)",current international $,2,World Development Indicators,2020,761.948220655,2026-07-13,\N,2,761.948220655029,2026-07-29T18:04:35Z
wdi2-2019-2021-372906f371e0391f,GRD,GD,GRD,Grenada,ISO-3166-1,economy,False,matched_iso,SH.XPD.CHEX.PP.CD,"Current health expenditure per capita, PPP (current international $)",current international $,2,World Development Indicators,2021,807.805616159,2026-07-13,\N,2,807.805616158707,2026-07-29T18:04:35Z
wdi2-2019-2021-372906f371e0391f,GRD,GD,GRD,Grenada,ISO-3166-1,economy,False,matched_iso,SP.POP.65UP.TO.ZS,Population ages 65 and above (% of total population),% of total population,2,World Development Indicators,2019,10.758181262,2026-07-13,\N,0,10.7581812616667,2026-07-29T18:04:35Z
wdi2-2019-2021-372906f371e0391f,GRD,GD,GRD,Grenada,ISO-3166-1,economy,False,matched_iso,SP.POP.65UP.TO.ZS,Population ages 65 and above (% of total population),% of total population,2,World Development Indicators,2020,10.985808958,2026-07-13,\N,0,10.9858089581489,2026-07-29T18:04:35Z
wdi2-2019-2021-372906f371e0391f,GRD,GD,GRD,Grenada,ISO-3166-1,economy,False,matched_iso,SP.POP.65UP.TO.ZS,Population ages 65 and above (% of total population),% of total population,2,World Development Indicators,2021,11.227852169,2026-07-13,\N,0,11.2278521692555,2026-07-29T18:04:35Z
wdi2-2019-2021-372906f371e0391f,GRD,GD,GRD,Grenada,ISO-3166-1,economy,False,matched_iso,SP.POP.TOTL,"Population, total",people,2,World Development Indicators,2019,115981,2026-07-13,\N,0,115981,2026-07-29T18:04:35Z
wdi2-2019-2021-372906f371e0391f,GRD,GD,GRD,Grenada,ISO-3166-1,economy,False,matched_iso,SP.POP.TOTL,"Population, total",people,2,World Development Indicators,2020,116341,2026-07-13,\N,0,116341,2026-07-29T18:04:35Z
wdi2-2019-2021-372906f371e0391f,GRD,GD,GRD,Grenada,ISO-3166-1,economy,False,matched_iso,SP.POP.TOTL,"Population, total",people,2,World Development Indicators,2021,116688,2026-07-13,\N,0,116688,2026-07-29T18:04:35Z
wdi2-2019-2021-372906f371e0391f,GRL,GL,GRL,Greenland,ISO-3166-1,economy,False,matched_iso,EN.POP.DNST,Population density (people per sq. km of land area),people per sq. km of land area,2,World Development Indicators,2019,0.136983798,2026-07-13,\N,0,0.136983798270191,2026-07-29T18:04:35Z
wdi2-2019-2021-372906f371e0391f,GRL,GL,GRL,Greenland,ISO-3166-1,economy,False,matched_iso,EN.POP.DNST,Population density (people per sq. km of land area),people per sq. km of land area,2,World Development Indicators,2020,0.13732976,2026-07-13,\N,0,0.137329760019491,2026-07-29T18:04:35Z
wdi2-2019-2021-372906f371e0391f,GRL,GL,GRL,Greenland,ISO-3166-1,economy,False,matched_iso,EN.POP.DNST,Population density (people per sq. km of land area),people per sq. km of land area,2,World Development Indicators,2021,0.138026556,2026-07-13,\N,0,0.138026556218784,2026-07-29T18:04:35Z
wdi2-2019-2021-372906f371e0391f,GRL,GL,GRL,Greenland,ISO-3166-1,economy,False,matched_iso,NY.GDP.PCAP.KD,GDP per capita (constant 2015 US$),constant 2015 US$,2,World Development Indicators,2019,48170.789695551,2026-07-13,\N,1,48170.7896955512,2026-07-29T18:04:35Z
wdi2-2019-2021-372906f371e0391f,GRL,GL,GRL,Greenland,ISO-3166-1,economy,False,matched_iso,NY.GDP.PCAP.KD,GDP per capita (constant 2015 US$),constant 2015 US$,2,World Development Indicators,2020,48169.940695739,2026-07-13,\N,1,48169.9406957389,2026-07-29T18:04:35Z
wdi2-2019-2021-372906f371e0391f,GRL,GL,GRL,Greenland,ISO-3166-1,economy,False,matched_iso,NY.GDP.PCAP.KD,GDP per capita (constant 2015 US$),constant 2015 US$,2,World Development Indicators,2021,48709.93397589,2026-07-13,\N,1,48709.9339758895,2026-07-29T18:04:35Z
wdi2-2019-2021-372906f371e0391f,GRL,GL,GRL,Greenland,ISO-3166-1,economy,False,matched_iso,SH.XPD.CHEX.PP.CD,"Current health expenditure per capita, PPP (current international $)",current international $,2,World Development Indicators,2019,\N,2026-07-13,\N,2,\N,2026-07-29T18:04:35Z
wdi2-2019-2021-372906f371e0391f,GRL,GL,GRL,Greenland,ISO-3166-1,economy,False,matched_iso,SH.XPD.CHEX.PP.CD,"Current health expenditure per capita, PPP (current international $)",current international $,2,World Development Indicators,2020,\N,2026-07-13,\N,2,\N,2026-07-29T18:04:35Z
wdi2-2019-2021-372906f371e0391f,GRL,GL,GRL,Greenland,ISO-3166-1,economy,False,matched_iso,SH.XPD.CHEX.PP.CD,"Current health expenditure per capita, PPP (current international $)",current international $,2,World Development Indicators,2021,\N,2026-07-13,\N,2,\N,2026-07-29T18:04:35Z
wdi2-2019-2021-372906f371e0391f,GRL,GL,GRL,Greenland,ISO-3166-1,economy,False,matched_iso,SP.POP.65UP.TO.ZS,Population ages 65 and above (% of total population),% of total population,2,World Development Indicators,2019,8.584444761,2026-07-13,\N,0,8.58444476142928,2026-07-29T18:04:35Z
wdi2-2019-2021-372906f371e0391f,GRL,GL,GRL,Greenland,ISO-3166-1,economy,False,matched_iso,SP.POP.65UP.TO.ZS,Population ages 65 and above (% of total population),% of total population,2,World Development Indicators,2020,8.844586703,2026-07-13,\N,0,8.84458670280584,2026-07-29T18:04:35Z
wdi2-2019-2021-372906f371e0391f,GRL,GL,GRL,Greenland,ISO-3166-1,economy,False,matched_iso,SP.POP.65UP.TO.ZS,Population ages 65 and above (% of total population),% of total population,2,World Development Indicators,2021,9.186049624,2026-07-13,\N,0,9.1860496239394,2026-07-29T18:04:35Z
wdi2-2019-2021-372906f371e0391f,GRL,GL,GRL,Greenland,ISO-3166-1,economy,False,matched_iso,SP.POP.TOTL,"Population, total",people,2,World Development Indicators,2019,56225,2026-07-13,\N,0,56225,2026-07-29T18:04:35Z
wdi2-2019-2021-372906f371e0391f,GRL,GL,GRL,Greenland,ISO-3166-1,economy,False,matched_iso,SP.POP.TOTL,"Population, total",people,2,World Development Indicators,2020,56367,2026-07-13,\N,0,56367,2026-07-29T18:04:35Z
wdi2-2019-2021-372906f371e0391f,GRL,GL,GRL,Greenland,ISO-3166-1,economy,False,matched_iso,SP.POP.TOTL,"Population, total",people,2,World Development Indicators,2021,56653,2026-07-13,\N,0,56653,2026-07-29T18:04:35Z
wdi2-2019-2021-372906f371e0391f,GTM,GT,GTM,Guatemala,ISO-3166-1,economy,False,matched_iso,EN.POP.DNST,Population density (people per sq. km of land area),people per sq. km of land area,2,World Development Indicators,2019,159.609957074,2026-07-13,\N,0,159.609957073535,2026-07-29T18:04:35Z
wdi2-2019-2021-372906f371e0391f,GTM,GT,GTM,Guatemala,ISO-3166-1,economy,False,matched_iso,EN.POP.DNST,Population density (people per sq. km of land area),people per sq. km of land area,2,World Development Indicators,2020,161.975783875,2026-07-13,\N,0,161.97578387458,2026-07-29T18:04:35Z
wdi2-2019-2021-372906f371e0391f,GTM,GT,GTM,Guatemala,ISO-3166-1,economy,False,matched_iso,EN.POP.DNST,Population density (people per sq. km of land area),people per sq. km of land area,2,World Development Indicators,2021,164.22779022,2026-07-13,\N,0,164.227790220231,2026-07-29T18:04:35Z
wdi2-2019-2021-372906f371e0391f,GTM,GT,GTM,Guatemala,ISO-3166-1,economy,False,matched_iso,NY.GDP.PCAP.KD,GDP per capita (constant 2015 US$),constant 2015 US$,2,World Development Indicators,2019,4139.122063386,2026-07-13,\N,1,4139.12206338632,2026-07-29T18:04:35Z
wdi2-2019-2021-372906f371e0391f,GTM,GT,GTM,Guatemala,ISO-3166-1,economy,False,matched_iso,NY.GDP.PCAP.KD,GDP per capita (constant 2015 US$),constant 2015 US$,2,World Development Indicators,2020,4005.839163607,2026-07-13,\N,1,4005.83916360689,2026-07-29T18:04:35Z
wdi2-2019-2021-372906f371e0391f,GTM,GT,GTM,Guatemala,ISO-3166-1,economy,False,matched_iso,NY.GDP.PCAP.KD,GDP per capita (constant 2015 US$),constant 2015 US$,2,World Development Indicators,2021,4268.628644615,2026-07-13,\N,1,4268.62864461492,2026-07-29T18:04:35Z
wdi2-2019-2021-372906f371e0391f,GTM,GT,GTM,Guatemala,ISO-3166-1,economy,False,matched_iso,SH.XPD.CHEX.PP.CD,"Current health expenditure per capita, PPP (current international $)",current international $,2,World Development Indicators,2019,664.114468723,2026-07-13,\N,2,664.114468722869,2026-07-29T18:04:35Z
wdi2-2019-2021-372906f371e0391f,GTM,GT,GTM,Guatemala,ISO-3166-1,economy,False,matched_iso,SH.XPD.CHEX.PP.CD,"Current health expenditure per capita, PPP (current international $)",current international $,2,World Development Indicators,2020,707.107918952,2026-07-13,\N,2,707.10791895166,2026-07-29T18:04:35Z
wdi2-2019-2021-372906f371e0391f,GTM,GT,GTM,Guatemala,ISO-3166-1,economy,False,matched_iso,SH.XPD.CHEX.PP.CD,"Current health expenditure per capita, PPP (current international $)",current international $,2,World Development Indicators,2021,870.209032507,2026-07-13,\N,2,870.20903250716,2026-07-29T18:04:35Z
wdi2-2019-2021-372906f371e0391f,GTM,GT,GTM,Guatemala,ISO-3166-1,economy,False,matched_iso,SP.POP.65UP.TO.ZS,Population ages 65 and above (% of total population),% of total population,2,World Development Indicators,2019,4.468746058,2026-07-13,\N,0,4.46874605807685,2026-07-29T18:04:35Z
wdi2-2019-2021-372906f371e0391f,GTM,GT,GTM,Guatemala,ISO-3166-1,economy,False,matched_iso,SP.POP.65UP.TO.ZS,Population ages 65 and above (% of total population),% of total population,2,World Development Indicators,2020,4.545121309,2026-07-13,\N,0,4.54512130915561,2026-07-29T18:04:35Z
wdi2-2019-2021-372906f371e0391f,GTM,GT,GTM,Guatemala,ISO-3166-1,economy,False,matched_iso,SP.POP.65UP.TO.ZS,Population ages 65 and above (% of total population),% of total population,2,World Development Indicators,2021,4.576811159,2026-07-13,\N,0,4.5768111594693,2026-07-29T18:04:35Z
wdi2-2019-2021-372906f371e0391f,GTM,GT,GTM,Guatemala,ISO-3166-1,economy,False,matched_iso,SP.POP.TOTL,"Population, total",people,2,World Development Indicators,2019,17103803,2026-07-13,\N,0,17103803,2026-07-29T18:04:35Z
wdi2-2019-2021-372906f371e0391f,GTM,GT,GTM,Guatemala,ISO-3166-1,economy,False,matched_iso,SP.POP.TOTL,"Population, total",people,2,World Development Indicators,2020,17357325,2026-07-13,\N,0,17357325,2026-07-29T18:04:35Z
wdi2-2019-2021-372906f371e0391f,GTM,GT,GTM,Guatemala,ISO-3166-1,economy,False,matched_iso,SP.POP.TOTL,"Population, total",people,2,World Development Indicators,2021,17598650,2026-07-13,\N,0,17598650,2026-07-29T18:04:35Z
wdi2-2019-2021-372906f371e0391f,GUM,GU,GUM,Guam,ISO-3166-1,economy,False,matched_iso,EN.POP.DNST,Population density (people per sq. km of land area),people per sq. km of land area,2,World Development Indicators,2019,299.644444444,2026-07-13,\N,0,299.644444444444,2026-07-29T18:04:35Z
wdi2-2019-2021-372906f371e0391f,GUM,GU,GUM,Guam,ISO-3166-1,economy,False,matched_iso,EN.POP.DNST,Population density (people per sq. km of land area),people per sq. km of land area,2,World Development Indicators,2020,300.292592593,2026-07-13,\N,0,300.292592592593,2026-07-29T18:04:35Z
wdi2-2019-2021-372906f371e0391f,GUM,GU,GUM,Guam,ISO-3166-1,economy,False,matched_iso,EN.POP.DNST,Population density (people per sq. km of land area),people per sq. km of land area,2,World Development Indicators,2021,303.203703704,2026-07-13,\N,0,303.203703703704,2026-07-29T18:04:35Z
wdi2-2019-2021-372906f371e0391f,GUM,GU,GUM,Guam,ISO-3166-1,economy,False,matched_iso,NY.GDP.PCAP.KD,GDP per capita (constant 2015 US$),constant 2015 US$,2,World Development Indicators,2019,36830.126441097,2026-07-13,\N,1,36830.1264410973,2026-07-29T18:04:35Z
wdi2-2019-2021-372906f371e0391f,GUM,GU,GUM,Guam,ISO-3166-1,economy,False,matched_iso,NY.GDP.PCAP.KD,GDP per capita (constant 2015 US$),constant 2015 US$,2,World Development Indicators,2020,32884.885264679,2026-07-13,\N,1,32884.8852646787,2026-07-29T18:04:35Z
wdi2-2019-2021-372906f371e0391f,GUM,GU,GUM,Guam,ISO-3166-1,economy,False,matched_iso,NY.GDP.PCAP.KD,GDP per capita (constant 2015 US$),constant 2015 US$,2,World Development Indicators,2021,33239.484632788,2026-07-13,\N,1,33239.4846327875,2026-07-29T18:04:35Z
wdi2-2019-2021-372906f371e0391f,GUM,GU,GUM,Guam,ISO-3166-1,economy,False,matched_iso,SH.XPD.CHEX.PP.CD,"Current health expenditure per capita, PPP (current international $)",current international $,2,World Development Indicators,2019,\N,2026-07-13,\N,2,\N,2026-07-29T18:04:35Z
wdi2-2019-2021-372906f371e0391f,GUM,GU,GUM,Guam,ISO-3166-1,economy,False,matched_iso,SH.XPD.CHEX.PP.CD,"Current health expenditure per capita, PPP (current international $)",current international $,2,World Development Indicators,2020,\N,2026-07-13,\N,2,\N,2026-07-29T18:04:35Z
wdi2-2019-2021-372906f371e0391f,GUM,GU,GUM,Guam,ISO-3166-1,economy,False,matched_iso,SH.XPD.CHEX.PP.CD,"Current health expenditure per capita, PPP (current international $)",current international $,2,World Development Indicators,2021,\N,2026-07-13,\N,2,\N,2026-07-29T18:04:35Z
wdi2-2019-2021-372906f371e0391f,GUM,GU,GUM,Guam,ISO-3166-1,economy,False,matched_iso,SP.POP.65UP.TO.ZS,Population ages 65 and above (% of total population),% of total population,2,World Development Indicators,2019,10.331071393,2026-07-13,\N,0,10.3310713932562,2026-07-29T18:04:35Z
wdi2-2019-2021-372906f371e0391f,GUM,GU,GUM,Guam,ISO-3166-1,economy,False,matched_iso,SP.POP.65UP.TO.ZS,Population ages 65 and above (% of total population),% of total population,2,World Development Indicators,2020,10.771284796,2026-07-13,\N,0,10.7712847963098,2026-07-29T18:04:35Z
wdi2-2019-2021-372906f371e0391f,GUM,GU,GUM,Guam,ISO-3166-1,economy,False,matched_iso,SP.POP.65UP.TO.ZS,Population ages 65 and above (% of total population),% of total population,2,World Development Indicators,2021,11.193733586,2026-07-13,\N,0,11.1937335857815,2026-07-29T18:04:35Z
wdi2-2019-2021-372906f371e0391f,GUM,GU,GUM,Guam,ISO-3166-1,economy,False,matched_iso,SP.POP.TOTL,"Population, total",people,2,World Development Indicators,2019,161808,2026-07-13,\N,0,161808,2026-07-29T18:04:35Z
wdi2-2019-2021-372906f371e0391f,GUM,GU,GUM,Guam,ISO-3166-1,economy,False,matched_iso,SP.POP.TOTL,"Population, total",people,2,World Development Indicators,2020,162158,2026-07-13,\N,0,162158,2026-07-29T18:04:35Z
wdi2-2019-2021-372906f371e0391f,GUM,GU,GUM,Guam,ISO-3166-1,economy,False,matched_iso,SP.POP.TOTL,"Population, total",people,2,World Development Indicators,2021,163730,2026-07-13,\N,0,163730,2026-07-29T18:04:35Z
wdi2-2019-2021-372906f371e0391f,GUY,GY,GUY,Guyana,ISO-3166-1,economy,False,matched_iso,EN.POP.DNST,Population density (people per sq. km of land area),people per sq. km of land area,2,World Development Indicators,2019,4.102946406,2026-07-13,\N,0,4.10294640589281,2026-07-29T18:04:35Z
wdi2-2019-2021-372906f371e0391f,GUY,GY,GUY,Guyana,ISO-3166-1,economy,False,matched_iso,EN.POP.DNST,Population density (people per sq. km of land area),people per sq. km of land area,2,World Development Indicators,2020,3.824386663,2026-07-13,\N,0,3.82438666287771,2026-07-29T18:04:35Z
wdi2-2019-2021-372906f371e0391f,GUY,GY,GUY,Guyana,ISO-3166-1,economy,False,matched_iso,EN.POP.DNST,Population density (people per sq. km of land area),people per sq. km of land area,2,World Development Indicators,2021,3.862280951,2026-07-13,\N,0,3.86228095102775,2026-07-29T18:04:35Z
wdi2-2019-2021-372906f371e0391f,GUY,GY,GUY,Guyana,ISO-3166-1,economy,False,matched_iso,NY.GDP.PCAP.KD,GDP per capita (constant 2015 US$),constant 2015 US$,2,World Development Indicators,2019,6278.630540796,2026-07-13,\N,1,6278.63054079553,2026-07-29T18:04:35Z
wdi2-2019-2021-372906f371e0391f,GUY,GY,GUY,Guyana,ISO-3166-1,economy,False,matched_iso,NY.GDP.PCAP.KD,GDP per capita (constant 2015 US$),constant 2015 US$,2,World Development Indicators,2020,9010.610004699,2026-07-13,\N,1,9010.61000469878,2026-07-29T18:04:35Z
wdi2-2019-2021-372906f371e0391f,GUY,GY,GUY,Guyana,ISO-3166-1,economy,False,matched_iso,NY.GDP.PCAP.KD,GDP per capita (constant 2015 US$),constant 2015 US$,2,World Development Indicators,2021,10711.997337415,2026-07-13,\N,1,10711.9973374148,2026-07-29T18:04:35Z
wdi2-2019-2021-372906f371e0391f,GUY,GY,GUY,Guyana,ISO-3166-1,economy,False,matched_iso,SH.XPD.CHEX.PP.CD,"Current health expenditure per capita, PPP (current international $)",current international $,2,World Development Indicators,2019,649.246530758,2026-07-13,\N,2,649.24653075756,2026-07-29T18:04:35Z
wdi2-2019-2021-372906f371e0391f,GUY,GY,GUY,Guyana,ISO-3166-1,economy,False,matched_iso,SH.XPD.CHEX.PP.CD,"Current health expenditure per capita, PPP (current international $)",current international $,2,World Development Indicators,2020,904.061255316,2026-07-13,\N,2,904.061255315997,2026-07-29T18:04:35Z
wdi2-2019-2021-372906f371e0391f,GUY,GY,GUY,Guyana,ISO-3166-1,economy,False,matched_iso,SH.XPD.CHEX.PP.CD,"Current health expenditure per capita, PPP (current international $)",current international $,2,World Development Indicators,2021,1061.725567673,2026-07-13,\N,2,1061.72556767347,2026-07-29T18:04:35Z
wdi2-2019-2021-372906f371e0391f,GUY,GY,GUY,Guyana,ISO-3166-1,economy,False,matched_iso,SP.POP.65UP.TO.ZS,Population ages 65 and above (% of total population),% of total population,2,World Development Indicators,2019,5.798815103,2026-07-13,\N,0,5.79881510279633,2026-07-29T18:04:35Z
wdi2-2019-2021-372906f371e0391f,GUY,GY,GUY,Guyana,ISO-3166-1,economy,False,matched_iso,SP.POP.65UP.TO.ZS,Population ages 65 and above (% of total population),% of total population,2,World Development Indicators,2020,6.001128199,2026-07-13,\N,0,6.0011281992219,2026-07-29T18:04:35Z
wdi2-2019-2021-372906f371e0391f,GUY,GY,GUY,Guyana,ISO-3166-1,economy,False,matched_iso,SP.POP.65UP.TO.ZS,Population ages 65 and above (% of total population),% of total population,2,World Development Indicators,2021,6.081250107,2026-07-13,\N,0,6.08125010729851,2026-07-29T18:04:35Z
wdi2-2019-2021-372906f371e0391f,GUY,GY,GUY,Guyana,ISO-3166-1,economy,False,matched_iso,SP.POP.TOTL,"Population, total",people,2,World Development Indicators,2019,807665,2026-07-13,\N,0,807665,2026-07-29T18:04:35Z
wdi2-2019-2021-372906f371e0391f,GUY,GY,GUY,Guyana,ISO-3166-1,economy,False,matched_iso,SP.POP.TOTL,"Population, total",people,2,World Development Indicators,2020,807481,2026-07-13,\N,0,807481,2026-07-29T18:04:35Z
wdi2-2019-2021-372906f371e0391f,GUY,GY,GUY,Guyana,ISO-3166-1,economy,False,matched_iso,SP.POP.TOTL,"Population, total",people,2,World Development Indicators,2021,815482,2026-07-13,\N,0,815482,2026-07-29T18:04:35Z
wdi2-2019-2021-372906f371e0391f,HKG,HK,HKG,"Hong Kong SAR, China",ISO-3166-1,economy,False,matched_iso,EN.POP.DNST,Population density (people per sq. km of land area),people per sq. km of land area,2,World Development Indicators,2019,7150.380952381,2026-07-13,\N,0,7150.38095238095,2026-07-29T18:04:35Z
wdi2-2019-2021-372906f371e0391f,HKG,HK,HKG,"Hong Kong SAR, China",ISO-3166-1,economy,False,matched_iso,EN.POP.DNST,Population density (people per sq. km of land area),people per sq. km of land area,2,World Development Indicators,2020,7124.761904762,2026-07-13,\N,0,7124.7619047619,2026-07-29T18:04:35Z
wdi2-2019-2021-372906f371e0391f,HKG,HK,HKG,"Hong Kong SAR, China",ISO-3166-1,economy,False,matched_iso,EN.POP.DNST,Population density (people per sq. km of land area),people per sq. km of land area,2,World Development Indicators,2021,7060.095238095,2026-07-13,\N,0,7060.09523809524,2026-07-29T18:04:35Z
wdi2-2019-2021-372906f371e0391f,HKG,HK,HKG,"Hong Kong SAR, China",ISO-3166-1,economy,False,matched_iso,NY.GDP.PCAP.KD,GDP per capita (constant 2015 US$),constant 2015 US$,2,World Development Indicators,2019,44195.274114291,2026-07-13,\N,1,44195.2741142906,2026-07-29T18:04:35Z
wdi2-2019-2021-372906f371e0391f,HKG,HK,HKG,"Hong Kong SAR, China",ISO-3166-1,economy,False,matched_iso,NY.GDP.PCAP.KD,GDP per capita (constant 2015 US$),constant 2015 US$,2,World Development Indicators,2020,41451.298958628,2026-07-13,\N,1,41451.2989586282,2026-07-29T18:04:35Z
wdi2-2019-2021-372906f371e0391f,HKG,HK,HKG,"Hong Kong SAR, China",ISO-3166-1,economy,False,matched_iso,NY.GDP.PCAP.KD,GDP per capita (constant 2015 US$),constant 2015 US$,2,World Development Indicators,2021,44530.921383376,2026-07-13,\N,1,44530.9213833761,2026-07-29T18:04:35Z
wdi2-2019-2021-372906f371e0391f,HKG,HK,HKG,"Hong Kong SAR, China",ISO-3166-1,economy,False,matched_iso,SH.XPD.CHEX.PP.CD,"Current health expenditure per capita, PPP (current international $)",current international $,2,World Development Indicators,2019,\N,2026-07-13,\N,2,\N,2026-07-29T18:04:35Z
wdi2-2019-2021-372906f371e0391f,HKG,HK,HKG,"Hong Kong SAR, China",ISO-3166-1,economy,False,matched_iso,SH.XPD.CHEX.PP.CD,"Current health expenditure per capita, PPP (current international $)",current international $,2,World Development Indicators,2020,\N,2026-07-13,\N,2,\N,2026-07-29T18:04:35Z
wdi2-2019-2021-372906f371e0391f,HKG,HK,HKG,"Hong Kong SAR, China",ISO-3166-1,economy,False,matched_iso,SH.XPD.CHEX.PP.CD,"Current health expenditure per capita, PPP (current international $)",current international $,2,World Development Indicators,2021,\N,2026-07-13,\N,2,\N,2026-07-29T18:04:35Z
wdi2-2019-2021-372906f371e0391f,HKG,HK,HKG,"Hong Kong SAR, China",ISO-3166-1,economy,False,matched_iso,SP.POP.65UP.TO.ZS,Population ages 65 and above (% of total population),% of total population,2,World Development Indicators,2019,17.952525664,2026-07-13,\N,0,17.9525256642131,2026-07-29T18:04:35Z
wdi2-2019-2021-372906f371e0391f,HKG,HK,HKG,"Hong Kong SAR, China",ISO-3166-1,economy,False,matched_iso,SP.POP.65UP.TO.ZS,Population ages 65 and above (% of total population),% of total population,2,World Development Indicators,2020,18.82526257,2026-07-13,\N,0,18.8252625701822,2026-07-29T18:04:35Z
wdi2-2019-2021-372906f371e0391f,HKG,HK,HKG,"Hong Kong SAR, China",ISO-3166-1,economy,False,matched_iso,SP.POP.65UP.TO.ZS,Population ages 65 and above (% of total population),% of total population,2,World Development Indicators,2021,19.754899443,2026-07-13,\N,0,19.7548994425421,2026-07-29T18:04:35Z
wdi2-2019-2021-372906f371e0391f,HKG,HK,HKG,"Hong Kong SAR, China",ISO-3166-1,economy,False,matched_iso,SP.POP.TOTL,"Population, total",people,2,World Development Indicators,2019,7507900,2026-07-13,\N,0,7507900,2026-07-29T18:04:35Z
wdi2-2019-2021-372906f371e0391f,HKG,HK,HKG,"Hong Kong SAR, China",ISO-3166-1,economy,False,matched_iso,SP.POP.TOTL,"Population, total",people,2,World Development Indicators,2020,7481000,2026-07-13,\N,0,7481000,2026-07-29T18:04:35Z
wdi2-2019-2021-372906f371e0391f,HKG,HK,HKG,"Hong Kong SAR, China",ISO-3166-1,economy,False,matched_iso,SP.POP.TOTL,"Population, total",people,2,World Development Indicators,2021,7413100,2026-07-13,\N,0,7413100,2026-07-29T18:04:35Z
wdi2-2019-2021-372906f371e0391f,HND,HN,HND,Honduras,ISO-3166-1,economy,False,matched_iso,EN.POP.DNST,Population density (people per sq. km of land area),people per sq. km of land area,2,World Development Indicators,2019,88.869720261,2026-07-13,\N,0,88.8697202609706,2026-07-29T18:04:35Z
wdi2-2019-2021-372906f371e0391f,HND,HN,HND,Honduras,ISO-3166-1,economy,False,matched_iso,EN.POP.DNST,Population density (people per sq. km of land area),people per sq. km of land area,2,World Development Indicators,2020,90.442756278,2026-07-13,\N,0,90.4427562784878,2026-07-29T18:04:35Z
wdi2-2019-2021-372906f371e0391f,HND,HN,HND,Honduras,ISO-3166-1,economy,False,matched_iso,EN.POP.DNST,Population density (people per sq. km of land area),people per sq. km of land area,2,World Development Indicators,2021,91.964223791,2026-07-13,\N,0,91.9642237912235,2026-07-29T18:04:35Z
wdi2-2019-2021-372906f371e0391f,HND,HN,HND,Honduras,ISO-3166-1,economy,False,matched_iso,NY.GDP.PCAP.KD,GDP per capita (constant 2015 US$),constant 2015 US$,2,World Development Indicators,2019,2447.616492822,2026-07-13,\N,1,2447.61649282181,2026-07-29T18:04:35Z
wdi2-2019-2021-372906f371e0391f,HND,HN,HND,Honduras,ISO-3166-1,economy,False,matched_iso,NY.GDP.PCAP.KD,GDP per capita (constant 2015 US$),constant 2015 US$,2,World Development Indicators,2020,2189.431686682,2026-07-13,\N,1,2189.43168668222,2026-07-29T18:04:35Z
wdi2-2019-2021-372906f371e0391f,HND,HN,HND,Honduras,ISO-3166-1,economy,False,matched_iso,NY.GDP.PCAP.KD,GDP per capita (constant 2015 US$),constant 2015 US$,2,World Development Indicators,2021,2423.766349169,2026-07-13,\N,1,2423.76634916911,2026-07-29T18:04:35Z
wdi2-2019-2021-372906f371e0391f,HND,HN,HND,Honduras,ISO-3166-1,economy,False,matched_iso,SH.XPD.CHEX.PP.CD,"Current health expenditure per capita, PPP (current international $)",current international $,2,World Development Indicators,2019,424.797092393,2026-07-13,\N,2,424.797092392537,2026-07-29T18:04:35Z
wdi2-2019-2021-372906f371e0391f,HND,HN,HND,Honduras,ISO-3166-1,economy,False,matched_iso,SH.XPD.CHEX.PP.CD,"Current health expenditure per capita, PPP (current international $)",current international $,2,World Development Indicators,2020,496.422133664,2026-07-13,\N,2,496.422133664175,2026-07-29T18:04:35Z
wdi2-2019-2021-372906f371e0391f,HND,HN,HND,Honduras,ISO-3166-1,economy,False,matched_iso,SH.XPD.CHEX.PP.CD,"Current health expenditure per capita, PPP (current international $)",current international $,2,World Development Indicators,2021,575.209847677,2026-07-13,\N,2,575.209847676817,2026-07-29T18:04:35Z
wdi2-2019-2021-372906f371e0391f,HND,HN,HND,Honduras,ISO-3166-1,economy,False,matched_iso,SP.POP.65UP.TO.ZS,Population ages 65 and above (% of total population),% of total population,2,World Development Indicators,2019,3.889835642,2026-07-13,\N,0,3.88983564207188,2026-07-29T18:04:35Z
wdi2-2019-2021-372906f371e0391f,HND,HN,HND,Honduras,ISO-3166-1,economy,False,matched_iso,SP.POP.65UP.TO.ZS,Population ages 65 and above (% of total population),% of total population,2,World Development Indicators,2020,3.994094454,2026-07-13,\N,0,3.99409445424469,2026-07-29T18:04:35Z
wdi2-2019-2021-372906f371e0391f,HND,HN,HND,Honduras,ISO-3166-1,economy,False,matched_iso,SP.POP.65UP.TO.ZS,Population ages 65 and above (% of total population),% of total population,2,World Development Indicators,2021,4.070641664,2026-07-13,\N,0,4.0706416641638,2026-07-29T18:04:35Z
wdi2-2019-2021-372906f371e0391f,HND,HN,HND,Honduras,ISO-3166-1,economy,False,matched_iso,SP.POP.TOTL,"Population, total",people,2,World Development Indicators,2019,9943633,2026-07-13,\N,0,9943633,2026-07-29T18:04:35Z
wdi2-2019-2021-372906f371e0391f,HND,HN,HND,Honduras,ISO-3166-1,economy,False,matched_iso,SP.POP.TOTL,"Population, total",people,2,World Development Indicators,2020,10119640,2026-07-13,\N,0,10119640,2026-07-29T18:04:35Z
wdi2-2019-2021-372906f371e0391f,HND,HN,HND,Honduras,ISO-3166-1,economy,False,matched_iso,SP.POP.TOTL,"Population, total",people,2,World Development Indicators,2021,10289877,2026-07-13,\N,0,10289877,2026-07-29T18:04:35Z
wdi2-2019-2021-372906f371e0391f,HRV,HR,HRV,Croatia,ISO-3166-1,economy,False,matched_iso,EN.POP.DNST,Population density (people per sq. km of land area),people per sq. km of land area,2,World Development Indicators,2019,70.570187978,2026-07-13,\N,0,70.5701879779859,2026-07-29T18:04:35Z
wdi2-2019-2021-372906f371e0391f,HRV,HR,HRV,Croatia,ISO-3166-1,economy,False,matched_iso,EN.POP.DNST,Population density (people per sq. km of land area),people per sq. km of land area,2,World Development Indicators,2020,69.946497498,2026-07-13,\N,0,69.946497498213,2026-07-29T18:04:35Z
wdi2-2019-2021-372906f371e0391f,HRV,HR,HRV,Croatia,ISO-3166-1,economy,False,matched_iso,EN.POP.DNST,Population density (people per sq. km of land area),people per sq. km of land area,2,World Development Indicators,2021,69.317030021,2026-07-13,\N,0,69.3170300214439,2026-07-29T18:04:35Z
wdi2-2019-2021-372906f371e0391f,HRV,HR,HRV,Croatia,ISO-3166-1,economy,False,matched_iso,NY.GDP.PCAP.KD,GDP per capita (constant 2015 US$),constant 2015 US$,2,World Development Indicators,2019,14641.873557849,2026-07-13,\N,1,14641.8735578488,2026-07-29T18:04:35Z
wdi2-2019-2021-372906f371e0391f,HRV,HR,HRV,Croatia,ISO-3166-1,economy,False,matched_iso,NY.GDP.PCAP.KD,GDP per capita (constant 2015 US$),constant 2015 US$,2,World Development Indicators,2020,13545.740228943,2026-07-13,\N,1,13545.7402289427,2026-07-29T18:04:35Z
wdi2-2019-2021-372906f371e0391f,HRV,HR,HRV,Croatia,ISO-3166-1,economy,False,matched_iso,NY.GDP.PCAP.KD,GDP per capita (constant 2015 US$),constant 2015 US$,2,World Development Indicators,2021,15395.286160513,2026-07-13,\N,1,15395.2861605128,2026-07-29T18:04:35Z
wdi2-2019-2021-372906f371e0391f,HRV,HR,HRV,Croatia,ISO-3166-1,economy,False,matched_iso,SH.XPD.CHEX.PP.CD,"Current health expenditure per capita, PPP (current international $)",current international $,2,World Development Indicators,2019,2223.273859611,2026-07-13,\N,2,2223.27385961101,2026-07-29T18:04:35Z
wdi2-2019-2021-372906f371e0391f,HRV,HR,HRV,Croatia,ISO-3166-1,economy,False,matched_iso,SH.XPD.CHEX.PP.CD,"Current health expenditure per capita, PPP (current international $)",current international $,2,World Development Indicators,2020,2403.270904826,2026-07-13,\N,2,2403.27090482629,2026-07-29T18:04:35Z
wdi2-2019-2021-372906f371e0391f,HRV,HR,HRV,Croatia,ISO-3166-1,economy,False,matched_iso,SH.XPD.CHEX.PP.CD,"Current health expenditure per capita, PPP (current international $)",current international $,2,World Development Indicators,2021,2950.432260381,2026-07-13,\N,2,2950.43226038104,2026-07-29T18:04:35Z
wdi2-2019-2021-372906f371e0391f,HRV,HR,HRV,Croatia,ISO-3166-1,economy,False,matched_iso,SP.POP.65UP.TO.ZS,Population ages 65 and above (% of total population),% of total population,2,World Development Indicators,2019,21.182216395,2026-07-13,\N,0,21.1822163945349,2026-07-29T18:04:35Z
wdi2-2019-2021-372906f371e0391f,HRV,HR,HRV,Croatia,ISO-3166-1,economy,False,matched_iso,SP.POP.65UP.TO.ZS,Population ages 65 and above (% of total population),% of total population,2,World Development Indicators,2020,21.666176019,2026-07-13,\N,0,21.6661760190675,2026-07-29T18:04:35Z
wdi2-2019-2021-372906f371e0391f,HRV,HR,HRV,Croatia,ISO-3166-1,economy,False,matched_iso,SP.POP.65UP.TO.ZS,Population ages 65 and above (% of total population),% of total population,2,World Development Indicators,2021,22.100667327,2026-07-13,\N,0,22.1006673274542,2026-07-29T18:04:35Z
wdi2-2019-2021-372906f371e0391f,HRV,HR,HRV,Croatia,ISO-3166-1,economy,False,matched_iso,SP.POP.TOTL,"Population, total",people,2,World Development Indicators,2019,3949390,2026-07-13,\N,0,3949390,2026-07-29T18:04:35Z
wdi2-2019-2021-372906f371e0391f,HRV,HR,HRV,Croatia,ISO-3166-1,economy,False,matched_iso,SP.POP.TOTL,"Population, total",people,2,World Development Indicators,2020,3914206,2026-07-13,\N,0,3914206,2026-07-29T18:04:35Z
wdi2-2019-2021-372906f371e0391f,HRV,HR,HRV,Croatia,ISO-3166-1,economy,False,matched_iso,SP.POP.TOTL,"Population, total",people,2,World Development Indicators,2021,3878981,2026-07-13,\N,0,3878981,2026-07-29T18:04:35Z
wdi2-2019-2021-372906f371e0391f,HTI,HT,HTI,Haiti,ISO-3166-1,economy,False,matched_iso,EN.POP.DNST,Population density (people per sq. km of land area),people per sq. km of land area,2,World Development Indicators,2019,402.944956459,2026-07-13,\N,0,402.944956458636,2026-07-29T18:04:35Z
wdi2-2019-2021-372906f371e0391f,HTI,HT,HTI,Haiti,ISO-3166-1,economy,False,matched_iso,EN.POP.DNST,Population density (people per sq. km of land area),people per sq. km of land area,2,World Development Indicators,2020,407.977068215,2026-07-13,\N,0,407.977068214804,2026-07-29T18:04:35Z
wdi2-2019-2021-372906f371e0391f,HTI,HT,HTI,Haiti,ISO-3166-1,economy,False,matched_iso,EN.POP.DNST,Population density (people per sq. km of land area),people per sq. km of land area,2,World Development Indicators,2021,412.720827286,2026-07-13,\N,0,412.720827285922,2026-07-29T18:04:35Z
wdi2-2019-2021-372906f371e0391f,HTI,HT,HTI,Haiti,ISO-3166-1,economy,False,matched_iso,NY.GDP.PCAP.KD,GDP per capita (constant 2015 US$),constant 2015 US$,2,World Development Indicators,2019,1394.421140711,2026-07-13,\N,1,1394.42114071112,2026-07-29T18:04:35Z
wdi2-2019-2021-372906f371e0391f,HTI,HT,HTI,Haiti,ISO-3166-1,economy,False,matched_iso,NY.GDP.PCAP.KD,GDP per capita (constant 2015 US$),constant 2015 US$,2,World Development Indicators,2020,1331.697785069,2026-07-13,\N,1,1331.69778506932,2026-07-29T18:04:35Z
wdi2-2019-2021-372906f371e0391f,HTI,HT,HTI,Haiti,ISO-3166-1,economy,False,matched_iso,NY.GDP.PCAP.KD,GDP per capita (constant 2015 US$),constant 2015 US$,2,World Development Indicators,2021,1292.719549636,2026-07-13,\N,1,1292.71954963551,2026-07-29T18:04:35Z
wdi2-2019-2021-372906f371e0391f,HTI,HT,HTI,Haiti,ISO-3166-1,economy,False,matched_iso,SH.XPD.CHEX.PP.CD,"Current health expenditure per capita, PPP (current international $)",current international $,2,World Development Indicators,2019,124.659399051,2026-07-13,\N,2,124.659399050747,2026-07-29T18:04:35Z
wdi2-2019-2021-372906f371e0391f,HTI,HT,HTI,Haiti,ISO-3166-1,economy,False,matched_iso,SH.XPD.CHEX.PP.CD,"Current health expenditure per capita, PPP (current international $)",current international $,2,World Development Indicators,2020,117.502549633,2026-07-13,\N,2,117.502549632813,2026-07-29T18:04:35Z
wdi2-2019-2021-372906f371e0391f,HTI,HT,HTI,Haiti,ISO-3166-1,economy,False,matched_iso,SH.XPD.CHEX.PP.CD,"Current health expenditure per capita, PPP (current international $)",current international $,2,World Development Indicators,2021,112.509444536,2026-07-13,\N,2,112.509444536343,2026-07-29T18:04:35Z
wdi2-2019-2021-372906f371e0391f,HTI,HT,HTI,Haiti,ISO-3166-1,economy,False,matched_iso,SP.POP.65UP.TO.ZS,Population ages 65 and above (% of total population),% of total population,2,World Development Indicators,2019,4.370381596,2026-07-13,\N,0,4.37038159637999,2026-07-29T18:04:35Z
wdi2-2019-2021-372906f371e0391f,HTI,HT,HTI,Haiti,ISO-3166-1,economy,False,matched_iso,SP.POP.65UP.TO.ZS,Population ages 65 and above (% of total population),% of total population,2,World Development Indicators,2020,4.434211491,2026-07-13,\N,0,4.43421149058579,2026-07-29T18:04:35Z
wdi2-2019-2021-372906f371e0391f,HTI,HT,HTI,Haiti,ISO-3166-1,economy,False,matched_iso,SP.POP.65UP.TO.ZS,Population ages 65 and above (% of total population),% of total population,2,World Development Indicators,2021,4.484255515,2026-07-13,\N,0,4.48425551488204,2026-07-29T18:04:35Z
wdi2-2019-2021-372906f371e0391f,HTI,HT,HTI,Haiti,ISO-3166-1,economy,False,matched_iso,SP.POP.TOTL,"Population, total",people,2,World Development Indicators,2019,11105163,2026-07-13,\N,0,11105163,2026-07-29T18:04:35Z
wdi2-2019-2021-372906f371e0391f,HTI,HT,HTI,Haiti,ISO-3166-1,economy,False,matched_iso,SP.POP.TOTL,"Population, total",people,2,World Development Indicators,2020,11243848,2026-07-13,\N,0,11243848,2026-07-29T18:04:35Z
wdi2-2019-2021-372906f371e0391f,HTI,HT,HTI,Haiti,ISO-3166-1,economy,False,matched_iso,SP.POP.TOTL,"Population, total",people,2,World Development Indicators,2021,11374586,2026-07-13,\N,0,11374586,2026-07-29T18:04:35Z
wdi2-2019-2021-372906f371e0391f,HUN,HU,HUN,Hungary,ISO-3166-1,economy,False,matched_iso,EN.POP.DNST,Population density (people per sq. km of land area),people per sq. km of land area,2,World Development Indicators,2019,106.233004602,2026-07-13,\N,0,106.233004602235,2026-07-29T18:04:35Z
wdi2-2019-2021-372906f371e0391f,HUN,HU,HUN,Hungary,ISO-3166-1,economy,False,matched_iso,EN.POP.DNST,Population density (people per sq. km of land area),people per sq. km of land area,2,World Development Indicators,2020,105.965581854,2026-07-13,\N,0,105.965581854043,2026-07-29T18:04:35Z
wdi2-2019-2021-372906f371e0391f,HUN,HU,HUN,Hungary,ISO-3166-1,economy,False,matched_iso,EN.POP.DNST,Population density (people per sq. km of land area),people per sq. km of land area,2,World Development Indicators,2021,105.532895025,2026-07-13,\N,0,105.532895025203,2026-07-29T18:04:35Z
wdi2-2019-2021-372906f371e0391f,HUN,HU,HUN,Hungary,ISO-3166-1,economy,False,matched_iso,NY.GDP.PCAP.KD,GDP per capita (constant 2015 US$),constant 2015 US$,2,World Development Indicators,2019,15290.808546633,2026-07-13,\N,1,15290.8085466331,2026-07-29T18:04:35Z
wdi2-2019-2021-372906f371e0391f,HUN,HU,HUN,Hungary,ISO-3166-1,economy,False,matched_iso,NY.GDP.PCAP.KD,GDP per capita (constant 2015 US$),constant 2015 US$,2,World Development Indicators,2020,14664.297119538,2026-07-13,\N,1,14664.2971195385,2026-07-29T18:04:35Z
wdi2-2019-2021-372906f371e0391f,HUN,HU,HUN,Hungary,ISO-3166-1,economy,False,matched_iso,NY.GDP.PCAP.KD,GDP per capita (constant 2015 US$),constant 2015 US$,2,World Development Indicators,2021,15787.953542756,2026-07-13,\N,1,15787.9535427563,2026-07-29T18:04:35Z
wdi2-2019-2021-372906f371e0391f,HUN,HU,HUN,Hungary,ISO-3166-1,economy,False,matched_iso,SH.XPD.CHEX.PP.CD,"Current health expenditure per capita, PPP (current international $)",current international $,2,World Development Indicators,2019,2224.304312155,2026-07-13,\N,2,2224.3043121549,2026-07-29T18:04:35Z
wdi2-2019-2021-372906f371e0391f,HUN,HU,HUN,Hungary,ISO-3166-1,economy,False,matched_iso,SH.XPD.CHEX.PP.CD,"Current health expenditure per capita, PPP (current international $)",current international $,2,World Development Indicators,2020,2567.842754965,2026-07-13,\N,2,2567.84275496456,2026-07-29T18:04:35Z
wdi2-2019-2021-372906f371e0391f,HUN,HU,HUN,Hungary,ISO-3166-1,economy,False,matched_iso,SH.XPD.CHEX.PP.CD,"Current health expenditure per capita, PPP (current international $)",current international $,2,World Development Indicators,2021,2846.404666803,2026-07-13,\N,2,2846.40466680251,2026-07-29T18:04:35Z
wdi2-2019-2021-372906f371e0391f,HUN,HU,HUN,Hungary,ISO-3166-1,economy,False,matched_iso,SP.POP.65UP.TO.ZS,Population ages 65 and above (% of total population),% of total population,2,World Development Indicators,2019,19.602922987,2026-07-13,\N,0,19.6029229874294,2026-07-29T18:04:35Z
wdi2-2019-2021-372906f371e0391f,HUN,HU,HUN,Hungary,ISO-3166-1,economy,False,matched_iso,SP.POP.65UP.TO.ZS,Population ages 65 and above (% of total population),% of total population,2,World Development Indicators,2020,20.090673772,2026-07-13,\N,0,20.0906737724303,2026-07-29T18:04:35Z
wdi2-2019-2021-372906f371e0391f,HUN,HU,HUN,Hungary,ISO-3166-1,economy,False,matched_iso,SP.POP.65UP.TO.ZS,Population ages 65 and above (% of total population),% of total population,2,World Development Indicators,2021,20.405013489,2026-07-13,\N,0,20.4050134893418,2026-07-29T18:04:35Z
wdi2-2019-2021-372906f371e0391f,HUN,HU,HUN,Hungary,ISO-3166-1,economy,False,matched_iso,SP.POP.TOTL,"Population, total",people,2,World Development Indicators,2019,9694824,2026-07-13,\N,0,9694824,2026-07-29T18:04:35Z
wdi2-2019-2021-372906f371e0391f,HUN,HU,HUN,Hungary,ISO-3166-1,economy,False,matched_iso,SP.POP.TOTL,"Population, total",people,2,World Development Indicators,2020,9670419,2026-07-13,\N,0,9670419,2026-07-29T18:04:35Z
wdi2-2019-2021-372906f371e0391f,HUN,HU,HUN,Hungary,ISO-3166-1,economy,False,matched_iso,SP.POP.TOTL,"Population, total",people,2,World Development Indicators,2021,9630932,2026-07-13,\N,0,9630932,2026-07-29T18:04:35Z
wdi2-2019-2021-372906f371e0391f,IDN,ID,IDN,Indonesia,ISO-3166-1,economy,False,matched_iso,EN.POP.DNST,Population density (people per sq. km of land area),people per sq. km of land area,2,World Development Indicators,2019,145.132688937,2026-07-13,\N,0,145.132688936836,2026-07-29T18:04:35Z
wdi2-2019-2021-372906f371e0391f,IDN,ID,IDN,Indonesia,ISO-3166-1,economy,False,matched_iso,EN.POP.DNST,Population density (people per sq. km of land area),people per sq. km of land area,2,World Development Indicators,2020,146.371283593,2026-07-13,\N,0,146.371283592869,2026-07-29T18:04:35Z
wdi2-2019-2021-372906f371e0391f,IDN,ID,IDN,Indonesia,ISO-3166-1,economy,False,matched_iso,EN.POP.DNST,Population density (people per sq. km of land area),people per sq. km of land area,2,World Development Indicators,2021,146.235107709,2026-07-13,\N,0,146.235107708626,2026-07-29T18:04:35Z
wdi2-2019-2021-372906f371e0391f,IDN,ID,IDN,Indonesia,ISO-3166-1,economy,False,matched_iso,NY.GDP.PCAP.KD,GDP per capita (constant 2015 US$),constant 2015 US$,2,World Development Indicators,2019,3850.90321739,2026-07-13,\N,1,3850.90321738979,2026-07-29T18:04:35Z
wdi2-2019-2021-372906f371e0391f,IDN,ID,IDN,Indonesia,ISO-3166-1,economy,False,matched_iso,NY.GDP.PCAP.KD,GDP per capita (constant 2015 US$),constant 2015 US$,2,World Development Indicators,2020,3739.449065632,2026-07-13,\N,1,3739.44906563161,2026-07-29T18:04:35Z
wdi2-2019-2021-372906f371e0391f,IDN,ID,IDN,Indonesia,ISO-3166-1,economy,False,matched_iso,NY.GDP.PCAP.KD,GDP per capita (constant 2015 US$),constant 2015 US$,2,World Development Indicators,2021,3850.688772539,2026-07-13,\N,1,3850.68877253903,2026-07-29T18:04:35Z
wdi2-2019-2021-372906f371e0391f,IDN,ID,IDN,Indonesia,ISO-3166-1,economy,False,matched_iso,SH.XPD.CHEX.PP.CD,"Current health expenditure per capita, PPP (current international $)",current international $,2,World Development Indicators,2019,345.046001576,2026-07-13,\N,2,345.046001576198,2026-07-29T18:04:35Z
wdi2-2019-2021-372906f371e0391f,IDN,ID,IDN,Indonesia,ISO-3166-1,economy,False,matched_iso,SH.XPD.CHEX.PP.CD,"Current health expenditure per capita, PPP (current international $)",current international $,2,World Development Indicators,2020,401.223289914,2026-07-13,\N,2,401.223289913644,2026-07-29T18:04:35Z
wdi2-2019-2021-372906f371e0391f,IDN,ID,IDN,Indonesia,ISO-3166-1,economy,False,matched_iso,SH.XPD.CHEX.PP.CD,"Current health expenditure per capita, PPP (current international $)",current international $,2,World Development Indicators,2021,472.821762792,2026-07-13,\N,2,472.82176279231,2026-07-29T18:04:35Z
wdi2-2019-2021-372906f371e0391f,IDN,ID,IDN,Indonesia,ISO-3166-1,economy,False,matched_iso,SP.POP.65UP.TO.ZS,Population ages 65 and above (% of total population),% of total population,2,World Development Indicators,2019,6.485678794,2026-07-13,\N,0,6.48567879421327,2026-07-29T18:04:35Z
wdi2-2019-2021-372906f371e0391f,IDN,ID,IDN,Indonesia,ISO-3166-1,economy,False,matched_iso,SP.POP.65UP.TO.ZS,Population ages 65 and above (% of total population),% of total population,2,World Development Indicators,2020,6.607905277,2026-07-13,\N,0,6.60790527723472,2026-07-29T18:04:35Z
wdi2-2019-2021-372906f371e0391f,IDN,ID,IDN,Indonesia,ISO-3166-1,economy,False,matched_iso,SP.POP.65UP.TO.ZS,Population ages 65 and above (% of total population),% of total population,2,World Development Indicators,2021,6.687010658,2026-07-13,\N,0,6.68701065764471,2026-07-29T18:04:35Z
wdi2-2019-2021-372906f371e0391f,IDN,ID,IDN,Indonesia,ISO-3166-1,economy,False,matched_iso,SP.POP.TOTL,"Population, total",people,2,World Development Indicators,2019,272489381,2026-07-13,\N,0,272489381,2026-07-29T18:04:35Z
wdi2-2019-2021-372906f371e0391f,IDN,ID,IDN,Indonesia,ISO-3166-1,economy,False,matched_iso,SP.POP.TOTL,"Population, total",people,2,World Development Indicators,2020,274814866,2026-07-13,\N,0,274814866,2026-07-29T18:04:35Z
wdi2-2019-2021-372906f371e0391f,IDN,ID,IDN,Indonesia,ISO-3166-1,economy,False,matched_iso,SP.POP.TOTL,"Population, total",people,2,World Development Indicators,2021,276758053,2026-07-13,\N,0,276758053,2026-07-29T18:04:35Z
wdi2-2019-2021-372906f371e0391f,IMN,IM,IMN,Isle of Man,ISO-3166-1,economy,False,matched_iso,EN.POP.DNST,Population density (people per sq. km of land area),people per sq. km of land area,2,World Development Indicators,2019,147.292982456,2026-07-13,\N,0,147.29298245614,2026-07-29T18:04:35Z
wdi2-2019-2021-372906f371e0391f,IMN,IM,IMN,Isle of Man,ISO-3166-1,economy,False,matched_iso,EN.POP.DNST,Population density (people per sq. km of land area),people per sq. km of land area,2,World Development Indicators,2020,147.480701754,2026-07-13,\N,0,147.480701754386,2026-07-29T18:04:35Z
wdi2-2019-2021-372906f371e0391f,IMN,IM,IMN,Isle of Man,ISO-3166-1,economy,False,matched_iso,EN.POP.DNST,Population density (people per sq. km of land area),people per sq. km of land area,2,World Development Indicators,2021,147.554385965,2026-07-13,\N,0,147.554385964912,2026-07-29T18:04:35Z
wdi2-2019-2021-372906f371e0391f,IMN,IM,IMN,Isle of Man,ISO-3166-1,economy,False,matched_iso,NY.GDP.PCAP.KD,GDP per capita (constant 2015 US$),constant 2015 US$,2,World Development Indicators,2019,95110.138599074,2026-07-13,\N,1,95110.1385990737,2026-07-29T18:04:35Z
wdi2-2019-2021-372906f371e0391f,IMN,IM,IMN,Isle of Man,ISO-3166-1,economy,False,matched_iso,NY.GDP.PCAP.KD,GDP per capita (constant 2015 US$),constant 2015 US$,2,World Development Indicators,2020,86595.067609928,2026-07-13,\N,1,86595.0676099275,2026-07-29T18:04:35Z
wdi2-2019-2021-372906f371e0391f,IMN,IM,IMN,Isle of Man,ISO-3166-1,economy,False,matched_iso,NY.GDP.PCAP.KD,GDP per capita (constant 2015 US$),constant 2015 US$,2,World Development Indicators,2021,89873.542009357,2026-07-13,\N,1,89873.5420093569,2026-07-29T18:04:35Z
wdi2-2019-2021-372906f371e0391f,IMN,IM,IMN,Isle of Man,ISO-3166-1,economy,False,matched_iso,SH.XPD.CHEX.PP.CD,"Current health expenditure per capita, PPP (current international $)",current international $,2,World Development Indicators,2019,\N,2026-07-13,\N,2,\N,2026-07-29T18:04:35Z
wdi2-2019-2021-372906f371e0391f,IMN,IM,IMN,Isle of Man,ISO-3166-1,economy,False,matched_iso,SH.XPD.CHEX.PP.CD,"Current health expenditure per capita, PPP (current international $)",current international $,2,World Development Indicators,2020,\N,2026-07-13,\N,2,\N,2026-07-29T18:04:35Z
wdi2-2019-2021-372906f371e0391f,IMN,IM,IMN,Isle of Man,ISO-3166-1,economy,False,matched_iso,SH.XPD.CHEX.PP.CD,"Current health expenditure per capita, PPP (current international $)",current international $,2,World Development Indicators,2021,\N,2026-07-13,\N,2,\N,2026-07-29T18:04:35Z
wdi2-2019-2021-372906f371e0391f,IMN,IM,IMN,Isle of Man,ISO-3166-1,economy,False,matched_iso,SP.POP.65UP.TO.ZS,Population ages 65 and above (% of total population),% of total population,2,World Development Indicators,2019,21.591538475,2026-07-13,\N,0,21.5915384752818,2026-07-29T18:04:35Z
wdi2-2019-2021-372906f371e0391f,IMN,IM,IMN,Isle of Man,ISO-3166-1,economy,False,matched_iso,SP.POP.65UP.TO.ZS,Population ages 65 and above (% of total population),% of total population,2,World Development Indicators,2020,21.857286456,2026-07-13,\N,0,21.8572864560719,2026-07-29T18:04:35Z
wdi2-2019-2021-372906f371e0391f,IMN,IM,IMN,Isle of Man,ISO-3166-1,economy,False,matched_iso,SP.POP.65UP.TO.ZS,Population ages 65 and above (% of total population),% of total population,2,World Development Indicators,2021,22.046715138,2026-07-13,\N,0,22.0467151375356,2026-07-29T18:04:35Z
wdi2-2019-2021-372906f371e0391f,IMN,IM,IMN,Isle of Man,ISO-3166-1,economy,False,matched_iso,SP.POP.TOTL,"Population, total",people,2,World Development Indicators,2019,83957,2026-07-13,\N,0,83957,2026-07-29T18:04:35Z
wdi2-2019-2021-372906f371e0391f,IMN,IM,IMN,Isle of Man,ISO-3166-1,economy,False,matched_iso,SP.POP.TOTL,"Population, total",people,2,World Development Indicators,2020,84064,2026-07-13,\N,0,84064,2026-07-29T18:04:35Z
wdi2-2019-2021-372906f371e0391f,IMN,IM,IMN,Isle of Man,ISO-3166-1,economy,False,matched_iso,SP.POP.TOTL,"Population, total",people,2,World Development Indicators,2021,84106,2026-07-13,\N,0,84106,2026-07-29T18:04:35Z
wdi2-2019-2021-372906f371e0391f,IND,IN,IND,India,ISO-3166-1,economy,False,matched_iso,EN.POP.DNST,Population density (people per sq. km of land area),people per sq. km of land area,2,World Development Indicators,2019,467.185182245,2026-07-13,\N,0,467.185182245332,2026-07-29T18:04:35Z
wdi2-2019-2021-372906f371e0391f,IND,IN,IND,India,ISO-3166-1,economy,False,matched_iso,EN.POP.DNST,Population density (people per sq. km of land area),people per sq. km of land area,2,World Development Indicators,2020,471.755150192,2026-07-13,\N,0,471.755150192218,2026-07-29T18:04:35Z
wdi2-2019-2021-372906f371e0391f,IND,IN,IND,India,ISO-3166-1,economy,False,matched_iso,EN.POP.DNST,Population density (people per sq. km of land area),people per sq. km of land area,2,World Development Indicators,2021,475.652042419,2026-07-13,\N,0,475.652042419085,2026-07-29T18:04:35Z
wdi2-2019-2021-372906f371e0391f,IND,IN,IND,India,ISO-3166-1,economy,False,matched_iso,NY.GDP.PCAP.KD,GDP per capita (constant 2015 US$),constant 2015 US$,2,World Development Indicators,2019,1936.030677411,2026-07-13,\N,1,1936.03067741063,2026-07-29T18:04:35Z
wdi2-2019-2021-372906f371e0391f,IND,IN,IND,India,ISO-3166-1,economy,False,matched_iso,NY.GDP.PCAP.KD,GDP per capita (constant 2015 US$),constant 2015 US$,2,World Development Indicators,2020,1806.501105839,2026-07-13,\N,1,1806.50110583865,2026-07-29T18:04:35Z
wdi2-2019-2021-372906f371e0391f,IND,IN,IND,India,ISO-3166-1,economy,False,matched_iso,NY.GDP.PCAP.KD,GDP per capita (constant 2015 US$),constant 2015 US$,2,World Development Indicators,2021,1965.309434375,2026-07-13,\N,1,1965.30943437472,2026-07-29T18:04:35Z
wdi2-2019-2021-372906f371e0391f,IND,IN,IND,India,ISO-3166-1,economy,False,matched_iso,SH.XPD.CHEX.PP.CD,"Current health expenditure per capita, PPP (current international $)",current international $,2,World Development Indicators,2019,211.166615797,2026-07-13,\N,2,211.166615797198,2026-07-29T18:04:35Z
wdi2-2019-2021-372906f371e0391f,IND,IN,IND,India,ISO-3166-1,economy,False,matched_iso,SH.XPD.CHEX.PP.CD,"Current health expenditure per capita, PPP (current international $)",current international $,2,World Development Indicators,2020,232.775420308,2026-07-13,\N,2,232.775420308436,2026-07-29T18:04:35Z
wdi2-2019-2021-372906f371e0391f,IND,IN,IND,India,ISO-3166-1,economy,False,matched_iso,SH.XPD.CHEX.PP.CD,"Current health expenditure per capita, PPP (current international $)",current international $,2,World Development Indicators,2021,269.418794652,2026-07-13,\N,2,269.418794651553,2026-07-29T18:04:35Z
wdi2-2019-2021-372906f371e0391f,IND,IN,IND,India,ISO-3166-1,economy,False,matched_iso,SP.POP.65UP.TO.ZS,Population ages 65 and above (% of total population),% of total population,2,World Development Indicators,2019,6.223473041,2026-07-13,\N,0,6.22347304109804,2026-07-29T18:04:35Z
wdi2-2019-2021-372906f371e0391f,IND,IN,IND,India,ISO-3166-1,economy,False,matched_iso,SP.POP.65UP.TO.ZS,Population ages 65 and above (% of total population),% of total population,2,World Development Indicators,2020,6.416853023,2026-07-13,\N,0,6.41685302336898,2026-07-29T18:04:35Z
wdi2-2019-2021-372906f371e0391f,IND,IN,IND,India,ISO-3166-1,economy,False,matched_iso,SP.POP.65UP.TO.ZS,Population ages 65 and above (% of total population),% of total population,2,World Development Indicators,2021,6.545790693,2026-07-13,\N,0,6.54579069268807,2026-07-29T18:04:35Z
wdi2-2019-2021-372906f371e0391f,IND,IN,IND,India,ISO-3166-1,economy,False,matched_iso,SP.POP.TOTL,"Population, total",people,2,World Development Indicators,2019,1389030312,2026-07-13,\N,0,1389030312,2026-07-29T18:04:35Z
wdi2-2019-2021-372906f371e0391f,IND,IN,IND,India,ISO-3166-1,economy,False,matched_iso,SP.POP.TOTL,"Population, total",people,2,World Development Indicators,2020,1402617695,2026-07-13,\N,0,1402617695,2026-07-29T18:04:35Z
wdi2-2019-2021-372906f371e0391f,IND,IN,IND,India,ISO-3166-1,economy,False,matched_iso,SP.POP.TOTL,"Population, total",people,2,World Development Indicators,2021,1414203896,2026-07-13,\N,0,1414203896,2026-07-29T18:04:35Z
wdi2-2019-2021-372906f371e0391f,IRL,IE,IRL,Ireland,ISO-3166-1,economy,False,matched_iso,EN.POP.DNST,Population density (people per sq. km of land area),people per sq. km of land area,2,World Development Indicators,2019,72.237712295,2026-07-13,\N,0,72.237712294963,2026-07-29T18:04:35Z
wdi2-2019-2021-372906f371e0391f,IRL,IE,IRL,Ireland,ISO-3166-1,economy,False,matched_iso,EN.POP.DNST,Population density (people per sq. km of land area),people per sq. km of land area,2,World Development Indicators,2020,73.156437799,2026-07-13,\N,0,73.1564377993903,2026-07-29T18:04:35Z
wdi2-2019-2021-372906f371e0391f,IRL,IE,IRL,Ireland,ISO-3166-1,economy,False,matched_iso,EN.POP.DNST,Population density (people per sq. km of land area),people per sq. km of land area,2,World Development Indicators,2021,74.184714763,2026-07-13,\N,0,74.1847147626651,2026-07-29T18:04:35Z
wdi2-2019-2021-372906f371e0391f,IRL,IE,IRL,Ireland,ISO-3166-1,economy,False,matched_iso,NY.GDP.PCAP.KD,GDP per capita (constant 2015 US$),constant 2015 US$,2,World Development Indicators,2019,76485.635854651,2026-07-13,\N,1,76485.635854651,2026-07-29T18:04:35Z
wdi2-2019-2021-372906f371e0391f,IRL,IE,IRL,Ireland,ISO-3166-1,economy,False,matched_iso,NY.GDP.PCAP.KD,GDP per capita (constant 2015 US$),constant 2015 US$,2,World Development Indicators,2020,80927.936475395,2026-07-13,\N,1,80927.936475395,2026-07-29T18:04:35Z
wdi2-2019-2021-372906f371e0391f,IRL,IE,IRL,Ireland,ISO-3166-1,economy,False,matched_iso,NY.GDP.PCAP.KD,GDP per capita (constant 2015 US$),constant 2015 US$,2,World Development Indicators,2021,92781.232215079,2026-07-13,\N,1,92781.2322150786,2026-07-29T18:04:35Z
wdi2-2019-2021-372906f371e0391f,IRL,IE,IRL,Ireland,ISO-3166-1,economy,False,matched_iso,SH.XPD.CHEX.PP.CD,"Current health expenditure per capita, PPP (current international $)",current international $,2,World Development Indicators,2019,6135.17349584,2026-07-13,\N,2,6135.1734958403,2026-07-29T18:04:35Z
wdi2-2019-2021-372906f371e0391f,IRL,IE,IRL,Ireland,ISO-3166-1,economy,False,matched_iso,SH.XPD.CHEX.PP.CD,"Current health expenditure per capita, PPP (current international $)",current international $,2,World Development Indicators,2020,6856.750981234,2026-07-13,\N,2,6856.75098123414,2026-07-29T18:04:35Z
wdi2-2019-2021-372906f371e0391f,IRL,IE,IRL,Ireland,ISO-3166-1,economy,False,matched_iso,SH.XPD.CHEX.PP.CD,"Current health expenditure per capita, PPP (current international $)",current international $,2,World Development Indicators,2021,7594.850256375,2026-07-13,\N,2,7594.85025637471,2026-07-29T18:04:35Z
wdi2-2019-2021-372906f371e0391f,IRL,IE,IRL,Ireland,ISO-3166-1,economy,False,matched_iso,SP.POP.65UP.TO.ZS,Population ages 65 and above (% of total population),% of total population,2,World Development Indicators,2019,14.243777885,2026-07-13,\N,0,14.2437778846663,2026-07-29T18:04:35Z
wdi2-2019-2021-372906f371e0391f,IRL,IE,IRL,Ireland,ISO-3166-1,economy,False,matched_iso,SP.POP.65UP.TO.ZS,Population ages 65 and above (% of total population),% of total population,2,World Development Indicators,2020,14.562147342,2026-07-13,\N,0,14.5621473419585,2026-07-29T18:04:35Z
wdi2-2019-2021-372906f371e0391f,IRL,IE,IRL,Ireland,ISO-3166-1,economy,False,matched_iso,SP.POP.65UP.TO.ZS,Population ages 65 and above (% of total population),% of total population,2,World Development Indicators,2021,14.853575935,2026-07-13,\N,0,14.8535759354494,2026-07-29T18:04:35Z
wdi2-2019-2021-372906f371e0391f,IRL,IE,IRL,Ireland,ISO-3166-1,economy,False,matched_iso,SP.POP.TOTL,"Population, total",people,2,World Development Indicators,2019,4976456,2026-07-13,\N,0,4976456,2026-07-29T18:04:35Z
wdi2-2019-2021-372906f371e0391f,IRL,IE,IRL,Ireland,ISO-3166-1,economy,False,matched_iso,SP.POP.TOTL,"Population, total",people,2,World Development Indicators,2020,5039747,2026-07-13,\N,0,5039747,2026-07-29T18:04:35Z
wdi2-2019-2021-372906f371e0391f,IRL,IE,IRL,Ireland,ISO-3166-1,economy,False,matched_iso,SP.POP.TOTL,"Population, total",people,2,World Development Indicators,2021,5110585,2026-07-13,\N,0,5110585,2026-07-29T18:04:35Z
wdi2-2019-2021-372906f371e0391f,IRN,IR,IRN,"Iran, Islamic Rep.",ISO-3166-1,economy,False,matched_iso,EN.POP.DNST,Population density (people per sq. km of land area),people per sq. km of land area,2,World Development Indicators,2019,53.652787673,2026-07-13,\N,0,53.6527876733436,2026-07-29T18:04:35Z
wdi2-2019-2021-372906f371e0391f,IRN,IR,IRN,"Iran, Islamic Rep.",ISO-3166-1,economy,False,matched_iso,EN.POP.DNST,Population density (people per sq. km of land area),people per sq. km of land area,2,World Development Indicators,2020,54.06683698,2026-07-13,\N,0,54.0668369799692,2026-07-29T18:04:35Z
wdi2-2019-2021-372906f371e0391f,IRN,IR,IRN,"Iran, Islamic Rep.",ISO-3166-1,economy,False,matched_iso,EN.POP.DNST,Population density (people per sq. km of land area),people per sq. km of land area,2,World Development Indicators,2021,54.518020339,2026-07-13,\N,0,54.518020338983,2026-07-29T18:04:35Z
wdi2-2019-2021-372906f371e0391f,IRN,IR,IRN,"Iran, Islamic Rep.",ISO-3166-1,economy,False,matched_iso,NY.GDP.PCAP.KD,GDP per capita (constant 2015 US$),constant 2015 US$,2,World Development Indicators,2019,4952.456690811,2026-07-13,\N,1,4952.45669081078,2026-07-29T18:04:35Z
wdi2-2019-2021-372906f371e0391f,IRN,IR,IRN,"Iran, Islamic Rep.",ISO-3166-1,economy,False,matched_iso,NY.GDP.PCAP.KD,GDP per capita (constant 2015 US$),constant 2015 US$,2,World Development Indicators,2020,5132.824307621,2026-07-13,\N,1,5132.82430762118,2026-07-29T18:04:35Z
wdi2-2019-2021-372906f371e0391f,IRN,IR,IRN,"Iran, Islamic Rep.",ISO-3166-1,economy,False,matched_iso,NY.GDP.PCAP.KD,GDP per capita (constant 2015 US$),constant 2015 US$,2,World Development Indicators,2021,5300.622719619,2026-07-13,\N,1,5300.62271961895,2026-07-29T18:04:35Z
wdi2-2019-2021-372906f371e0391f,IRN,IR,IRN,"Iran, Islamic Rep.",ISO-3166-1,economy,False,matched_iso,SH.XPD.CHEX.PP.CD,"Current health expenditure per capita, PPP (current international $)",current international $,2,World Development Indicators,2019,832.175810194,2026-07-13,\N,2,832.175810194026,2026-07-29T18:04:35Z
wdi2-2019-2021-372906f371e0391f,IRN,IR,IRN,"Iran, Islamic Rep.",ISO-3166-1,economy,False,matched_iso,SH.XPD.CHEX.PP.CD,"Current health expenditure per capita, PPP (current international $)",current international $,2,World Development Indicators,2020,700.010304525,2026-07-13,\N,2,700.010304525198,2026-07-29T18:04:35Z
wdi2-2019-2021-372906f371e0391f,IRN,IR,IRN,"Iran, Islamic Rep.",ISO-3166-1,economy,False,matched_iso,SH.XPD.CHEX.PP.CD,"Current health expenditure per capita, PPP (current international $)",current international $,2,World Development Indicators,2021,726.492590719,2026-07-13,\N,2,726.492590719466,2026-07-29T18:04:35Z
wdi2-2019-2021-372906f371e0391f,IRN,IR,IRN,"Iran, Islamic Rep.",ISO-3166-1,economy,False,matched_iso,SP.POP.65UP.TO.ZS,Population ages 65 and above (% of total population),% of total population,2,World Development Indicators,2019,7.015988411,2026-07-13,\N,0,7.01598841078797,2026-07-29T18:04:35Z
wdi2-2019-2021-372906f371e0391f,IRN,IR,IRN,"Iran, Islamic Rep.",ISO-3166-1,economy,False,matched_iso,SP.POP.65UP.TO.ZS,Population ages 65 and above (% of total population),% of total population,2,World Development Indicators,2020,7.229355442,2026-07-13,\N,0,7.22935544150952,2026-07-29T18:04:35Z
wdi2-2019-2021-372906f371e0391f,IRN,IR,IRN,"Iran, Islamic Rep.",ISO-3166-1,economy,False,matched_iso,SP.POP.65UP.TO.ZS,Population ages 65 and above (% of total population),% of total population,2,World Development Indicators,2021,7.405182183,2026-07-13,\N,0,7.40518218273343,2026-07-29T18:04:35Z
wdi2-2019-2021-372906f371e0391f,IRN,IR,IRN,"Iran, Islamic Rep.",ISO-3166-1,economy,False,matched_iso,SP.POP.TOTL,"Population, total",people,2,World Development Indicators,2019,87051648,2026-07-13,\N,0,87051648,2026-07-29T18:04:35Z
wdi2-2019-2021-372906f371e0391f,IRN,IR,IRN,"Iran, Islamic Rep.",ISO-3166-1,economy,False,matched_iso,SP.POP.TOTL,"Population, total",people,2,World Development Indicators,2020,87723443,2026-07-13,\N,0,87723443,2026-07-29T18:04:35Z
wdi2-2019-2021-372906f371e0391f,IRN,IR,IRN,"Iran, Islamic Rep.",ISO-3166-1,economy,False,matched_iso,SP.POP.TOTL,"Population, total",people,2,World Development Indicators,2021,88455488,2026-07-13,\N,0,88455488,2026-07-29T18:04:35Z
wdi2-2019-2021-372906f371e0391f,IRQ,IQ,IRQ,Iraq,ISO-3166-1,economy,False,matched_iso,EN.POP.DNST,Population density (people per sq. km of land area),people per sq. km of land area,2,World Development Indicators,2019,94.884414807,2026-07-13,\N,0,94.8844148066247,2026-07-29T18:04:35Z
wdi2-2019-2021-372906f371e0391f,IRQ,IQ,IRQ,Iraq,ISO-3166-1,economy,False,matched_iso,EN.POP.DNST,Population density (people per sq. km of land area),people per sq. km of land area,2,World Development Indicators,2020,97.013809228,2026-07-13,\N,0,97.0138092276507,2026-07-29T18:04:35Z
wdi2-2019-2021-372906f371e0391f,IRQ,IQ,IRQ,Iraq,ISO-3166-1,economy,False,matched_iso,EN.POP.DNST,Population density (people per sq. km of land area),people per sq. km of land area,2,World Development Indicators,2021,99.212703568,2026-07-13,\N,0,99.2127035680556,2026-07-29T18:04:35Z
wdi2-2019-2021-372906f371e0391f,IRQ,IQ,IRQ,Iraq,ISO-3166-1,economy,False,matched_iso,NY.GDP.PCAP.KD,GDP per capita (constant 2015 US$),constant 2015 US$,2,World Development Indicators,2019,4898.148976686,2026-07-13,\N,1,4898.14897668582,2026-07-29T18:04:35Z
wdi2-2019-2021-372906f371e0391f,IRQ,IQ,IRQ,Iraq,ISO-3166-1,economy,False,matched_iso,NY.GDP.PCAP.KD,GDP per capita (constant 2015 US$),constant 2015 US$,2,World Development Indicators,2020,4213.998437661,2026-07-13,\N,1,4213.99843766061,2026-07-29T18:04:35Z
wdi2-2019-2021-372906f371e0391f,IRQ,IQ,IRQ,Iraq,ISO-3166-1,economy,False,matched_iso,NY.GDP.PCAP.KD,GDP per capita (constant 2015 US$),constant 2015 US$,2,World Development Indicators,2021,4182.500640458,2026-07-13,\N,1,4182.50064045825,2026-07-29T18:04:35Z
wdi2-2019-2021-372906f371e0391f,IRQ,IQ,IRQ,Iraq,ISO-3166-1,economy,False,matched_iso,SH.XPD.CHEX.PP.CD,"Current health expenditure per capita, PPP (current international $)",current international $,2,World Development Indicators,2019,522.044020301,2026-07-13,\N,2,522.044020300671,2026-07-29T18:04:35Z
wdi2-2019-2021-372906f371e0391f,IRQ,IQ,IRQ,Iraq,ISO-3166-1,economy,False,matched_iso,SH.XPD.CHEX.PP.CD,"Current health expenditure per capita, PPP (current international $)",current international $,2,World Development Indicators,2020,610.559298368,2026-07-13,\N,2,610.559298367694,2026-07-29T18:04:35Z
wdi2-2019-2021-372906f371e0391f,IRQ,IQ,IRQ,Iraq,ISO-3166-1,economy,False,matched_iso,SH.XPD.CHEX.PP.CD,"Current health expenditure per capita, PPP (current international $)",current international $,2,World Development Indicators,2021,657.955063777,2026-07-13,\N,2,657.955063777477,2026-07-29T18:04:35Z
wdi2-2019-2021-372906f371e0391f,IRQ,IQ,IRQ,Iraq,ISO-3166-1,economy,False,matched_iso,SP.POP.65UP.TO.ZS,Population ages 65 and above (% of total population),% of total population,2,World Development Indicators,2019,3.317203205,2026-07-13,\N,0,3.31720320491488,2026-07-29T18:04:35Z
wdi2-2019-2021-372906f371e0391f,IRQ,IQ,IRQ,Iraq,ISO-3166-1,economy,False,matched_iso,SP.POP.65UP.TO.ZS,Population ages 65 and above (% of total population),% of total population,2,World Development Indicators,2020,3.360395542,2026-07-13,\N,0,3.36039554185808,2026-07-29T18:04:35Z
wdi2-2019-2021-372906f371e0391f,IRQ,IQ,IRQ,Iraq,ISO-3166-1,economy,False,matched_iso,SP.POP.65UP.TO.ZS,Population ages 65 and above (% of total population),% of total population,2,World Development Indicators,2021,3.381047301,2026-07-13,\N,0,3.38104730072539,2026-07-29T18:04:35Z
wdi2-2019-2021-372906f371e0391f,IRQ,IQ,IRQ,Iraq,ISO-3166-1,economy,False,matched_iso,SP.POP.TOTL,"Population, total",people,2,World Development Indicators,2019,41192171,2026-07-13,\N,0,41192171,2026-07-29T18:04:35Z
wdi2-2019-2021-372906f371e0391f,IRQ,IQ,IRQ,Iraq,ISO-3166-1,economy,False,matched_iso,SP.POP.TOTL,"Population, total",people,2,World Development Indicators,2020,42116605,2026-07-13,\N,0,42116605,2026-07-29T18:04:35Z
wdi2-2019-2021-372906f371e0391f,IRQ,IQ,IRQ,Iraq,ISO-3166-1,economy,False,matched_iso,SP.POP.TOTL,"Population, total",people,2,World Development Indicators,2021,43071211,2026-07-13,\N,0,43071211,2026-07-29T18:04:35Z
wdi2-2019-2021-372906f371e0391f,ISL,IS,ISL,Iceland,ISO-3166-1,economy,False,matched_iso,EN.POP.DNST,Population density (people per sq. km of land area),people per sq. km of land area,2,World Development Indicators,2019,3.575949618,2026-07-13,\N,0,3.5759496181692,2026-07-29T18:04:35Z
wdi2-2019-2021-372906f371e0391f,ISL,IS,ISL,Iceland,ISO-3166-1,economy,False,matched_iso,EN.POP.DNST,Population density (people per sq. km of land area),people per sq. km of land area,2,World Development Indicators,2020,3.634463949,2026-07-13,\N,0,3.63446394922146,2026-07-29T18:04:35Z
wdi2-2019-2021-372906f371e0391f,ISL,IS,ISL,Iceland,ISO-3166-1,economy,False,matched_iso,EN.POP.DNST,Population density (people per sq. km of land area),people per sq. km of land area,2,World Development Indicators,2021,3.694535357,2026-07-13,\N,0,3.69453535654071,2026-07-29T18:04:35Z
wdi2-2019-2021-372906f371e0391f,ISL,IS,ISL,Iceland,ISO-3166-1,economy,False,matched_iso,NY.GDP.PCAP.KD,GDP per capita (constant 2015 US$),constant 2015 US$,2,World Development Indicators,2019,57118.84527772,2026-07-13,\N,1,57118.8452777198,2026-07-29T18:04:35Z
wdi2-2019-2021-372906f371e0391f,ISL,IS,ISL,Iceland,ISO-3166-1,economy,False,matched_iso,NY.GDP.PCAP.KD,GDP per capita (constant 2015 US$),constant 2015 US$,2,World Development Indicators,2020,52464.307324059,2026-07-13,\N,1,52464.3073240589,2026-07-29T18:04:35Z
wdi2-2019-2021-372906f371e0391f,ISL,IS,ISL,Iceland,ISO-3166-1,economy,False,matched_iso,NY.GDP.PCAP.KD,GDP per capita (constant 2015 US$),constant 2015 US$,2,World Development Indicators,2021,54285.020920324,2026-07-13,\N,1,54285.0209203242,2026-07-29T18:04:35Z
wdi2-2019-2021-372906f371e0391f,ISL,IS,ISL,Iceland,ISO-3166-1,economy,False,matched_iso,SH.XPD.CHEX.PP.CD,"Current health expenditure per capita, PPP (current international $)",current international $,2,World Development Indicators,2019,5227.256750809,2026-07-13,\N,2,5227.25675080911,2026-07-29T18:04:35Z
wdi2-2019-2021-372906f371e0391f,ISL,IS,ISL,Iceland,ISO-3166-1,economy,False,matched_iso,SH.XPD.CHEX.PP.CD,"Current health expenditure per capita, PPP (current international $)",current international $,2,World Development Indicators,2020,5381.659842366,2026-07-13,\N,2,5381.65984236567,2026-07-29T18:04:35Z
wdi2-2019-2021-372906f371e0391f,ISL,IS,ISL,Iceland,ISO-3166-1,economy,False,matched_iso,SH.XPD.CHEX.PP.CD,"Current health expenditure per capita, PPP (current international $)",current international $,2,World Development Indicators,2021,5986.982000418,2026-07-13,\N,2,5986.98200041781,2026-07-29T18:04:35Z
wdi2-2019-2021-372906f371e0391f,ISL,IS,ISL,Iceland,ISO-3166-1,economy,False,matched_iso,SP.POP.65UP.TO.ZS,Population ages 65 and above (% of total population),% of total population,2,World Development Indicators,2019,14.299299001,2026-07-13,\N,0,14.299299000969,2026-07-29T18:04:35Z
wdi2-2019-2021-372906f371e0391f,ISL,IS,ISL,Iceland,ISO-3166-1,economy,False,matched_iso,SP.POP.65UP.TO.ZS,Population ages 65 and above (% of total population),% of total population,2,World Development Indicators,2020,14.5643647,2026-07-13,\N,0,14.5643646996569,2026-07-29T18:04:35Z
wdi2-2019-2021-372906f371e0391f,ISL,IS,ISL,Iceland,ISO-3166-1,economy,False,matched_iso,SP.POP.65UP.TO.ZS,Population ages 65 and above (% of total population),% of total population,2,World Development Indicators,2021,14.868634499,2026-07-13,\N,0,14.8686344991929,2026-07-29T18:04:35Z
wdi2-2019-2021-372906f371e0391f,ISL,IS,ISL,Iceland,ISO-3166-1,economy,False,matched_iso,SP.POP.TOTL,"Population, total",people,2,World Development Indicators,2019,360563,2026-07-13,\N,0,360563,2026-07-29T18:04:35Z
wdi2-2019-2021-372906f371e0391f,ISL,IS,ISL,Iceland,ISO-3166-1,economy,False,matched_iso,SP.POP.TOTL,"Population, total",people,2,World Development Indicators,2020,366463,2026-07-13,\N,0,366463,2026-07-29T18:04:35Z
wdi2-2019-2021-372906f371e0391f,ISL,IS,ISL,Iceland,ISO-3166-1,economy,False,matched_iso,SP.POP.TOTL,"Population, total",people,2,World Development Indicators,2021,372520,2026-07-13,\N,0,372520,2026-07-29T18:04:35Z
wdi2-2019-2021-372906f371e0391f,ISR,IL,ISR,Israel,ISO-3166-1,economy,False,matched_iso,EN.POP.DNST,Population density (people per sq. km of land area),people per sq. km of land area,2,World Development Indicators,2019,418.391866913,2026-07-13,\N,0,418.391866913124,2026-07-29T18:04:35Z
wdi2-2019-2021-372906f371e0391f,ISR,IL,ISR,Israel,ISO-3166-1,economy,False,matched_iso,EN.POP.DNST,Population density (people per sq. km of land area),people per sq. km of land area,2,World Development Indicators,2020,425.836414048,2026-07-13,\N,0,425.836414048059,2026-07-29T18:04:35Z
wdi2-2019-2021-372906f371e0391f,ISR,IL,ISR,Israel,ISO-3166-1,economy,False,matched_iso,EN.POP.DNST,Population density (people per sq. km of land area),people per sq. km of land area,2,World Development Indicators,2021,433.059149723,2026-07-13,\N,0,433.059149722736,2026-07-29T18:04:35Z
wdi2-2019-2021-372906f371e0391f,ISR,IL,ISR,Israel,ISO-3166-1,economy,False,matched_iso,NY.GDP.PCAP.KD,GDP per capita (constant 2015 US$),constant 2015 US$,2,World Development Indicators,2019,39322.038041422,2026-07-13,\N,1,39322.038041422,2026-07-29T18:04:35Z
wdi2-2019-2021-372906f371e0391f,ISR,IL,ISR,Israel,ISO-3166-1,economy,False,matched_iso,NY.GDP.PCAP.KD,GDP per capita (constant 2015 US$),constant 2015 US$,2,World Development Indicators,2020,37938.380935476,2026-07-13,\N,1,37938.3809354755,2026-07-29T18:04:35Z
wdi2-2019-2021-372906f371e0391f,ISR,IL,ISR,Israel,ISO-3166-1,economy,False,matched_iso,NY.GDP.PCAP.KD,GDP per capita (constant 2015 US$),constant 2015 US$,2,World Development Indicators,2021,40788.23917852,2026-07-13,\N,1,40788.2391785198,2026-07-29T18:04:35Z
wdi2-2019-2021-372906f371e0391f,ISR,IL,ISR,Israel,ISO-3166-1,economy,False,matched_iso,SH.XPD.CHEX.PP.CD,"Current health expenditure per capita, PPP (current international $)",current international $,2,World Development Indicators,2019,3114.748553739,2026-07-13,\N,2,3114.74855373886,2026-07-29T18:04:35Z
wdi2-2019-2021-372906f371e0391f,ISR,IL,ISR,Israel,ISO-3166-1,economy,False,matched_iso,SH.XPD.CHEX.PP.CD,"Current health expenditure per capita, PPP (current international $)",current international $,2,World Development Indicators,2020,3322.781312996,2026-07-13,\N,2,3322.78131299576,2026-07-29T18:04:35Z
wdi2-2019-2021-372906f371e0391f,ISR,IL,ISR,Israel,ISO-3166-1,economy,False,matched_iso,SH.XPD.CHEX.PP.CD,"Current health expenditure per capita, PPP (current international $)",current international $,2,World Development Indicators,2021,3792.33232053,2026-07-13,\N,2,3792.33232052988,2026-07-29T18:04:35Z
wdi2-2019-2021-372906f371e0391f,ISR,IL,ISR,Israel,ISO-3166-1,economy,False,matched_iso,SP.POP.65UP.TO.ZS,Population ages 65 and above (% of total population),% of total population,2,World Development Indicators,2019,11.885499165,2026-07-13,\N,0,11.8854991652299,2026-07-29T18:04:35Z
wdi2-2019-2021-372906f371e0391f,ISR,IL,ISR,Israel,ISO-3166-1,economy,False,matched_iso,SP.POP.65UP.TO.ZS,Population ages 65 and above (% of total population),% of total population,2,World Development Indicators,2020,12.052877059,2026-07-13,\N,0,12.0528770588893,2026-07-29T18:04:35Z
wdi2-2019-2021-372906f371e0391f,ISR,IL,ISR,Israel,ISO-3166-1,economy,False,matched_iso,SP.POP.65UP.TO.ZS,Population ages 65 and above (% of total population),% of total population,2,World Development Indicators,2021,12.197989595,2026-07-13,\N,0,12.1979895950145,2026-07-29T18:04:35Z
wdi2-2019-2021-372906f371e0391f,ISR,IL,ISR,Israel,ISO-3166-1,economy,False,matched_iso,SP.POP.TOTL,"Population, total",people,2,World Development Indicators,2019,9054000,2026-07-13,\N,0,9054000,2026-07-29T18:04:35Z
wdi2-2019-2021-372906f371e0391f,ISR,IL,ISR,Israel,ISO-3166-1,economy,False,matched_iso,SP.POP.TOTL,"Population, total",people,2,World Development Indicators,2020,9215100,2026-07-13,\N,0,9215100,2026-07-29T18:04:35Z
wdi2-2019-2021-372906f371e0391f,ISR,IL,ISR,Israel,ISO-3166-1,economy,False,matched_iso,SP.POP.TOTL,"Population, total",people,2,World Development Indicators,2021,9371400,2026-07-13,\N,0,9371400,2026-07-29T18:04:35Z
wdi2-2019-2021-372906f371e0391f,ITA,IT,ITA,Italy,ISO-3166-1,economy,False,matched_iso,EN.POP.DNST,Population density (people per sq. km of land area),people per sq. km of land area,2,World Development Indicators,2019,201.980545589,2026-07-13,\N,0,201.980545589195,2026-07-29T18:04:35Z
wdi2-2019-2021-372906f371e0391f,ITA,IT,ITA,Italy,ISO-3166-1,economy,False,matched_iso,EN.POP.DNST,Population density (people per sq. km of land area),people per sq. km of land area,2,World Development Indicators,2020,200.999100491,2026-07-13,\N,0,200.999100491348,2026-07-29T18:04:35Z
wdi2-2019-2021-372906f371e0391f,ITA,IT,ITA,Italy,ISO-3166-1,economy,False,matched_iso,EN.POP.DNST,Population density (people per sq. km of land area),people per sq. km of land area,2,World Development Indicators,2021,199.965416259,2026-07-13,\N,0,199.965416259464,2026-07-29T18:04:35Z
wdi2-2019-2021-372906f371e0391f,ITA,IT,ITA,Italy,ISO-3166-1,economy,False,matched_iso,NY.GDP.PCAP.KD,GDP per capita (constant 2015 US$),constant 2015 US$,2,World Development Indicators,2019,32180.434101743,2026-07-13,\N,1,32180.4341017428,2026-07-29T18:04:35Z
wdi2-2019-2021-372906f371e0391f,ITA,IT,ITA,Italy,ISO-3166-1,economy,False,matched_iso,NY.GDP.PCAP.KD,GDP per capita (constant 2015 US$),constant 2015 US$,2,World Development Indicators,2020,29469.798923863,2026-07-13,\N,1,29469.7989238626,2026-07-29T18:04:35Z
wdi2-2019-2021-372906f371e0391f,ITA,IT,ITA,Italy,ISO-3166-1,economy,False,matched_iso,NY.GDP.PCAP.KD,GDP per capita (constant 2015 US$),constant 2015 US$,2,World Development Indicators,2021,32267.70910502,2026-07-13,\N,1,32267.7091050201,2026-07-29T18:04:35Z
wdi2-2019-2021-372906f371e0391f,ITA,IT,ITA,Italy,ISO-3166-1,economy,False,matched_iso,SH.XPD.CHEX.PP.CD,"Current health expenditure per capita, PPP (current international $)",current international $,2,World Development Indicators,2019,4014.208801376,2026-07-13,\N,2,4014.20880137632,2026-07-29T18:04:35Z
wdi2-2019-2021-372906f371e0391f,ITA,IT,ITA,Italy,ISO-3166-1,economy,False,matched_iso,SH.XPD.CHEX.PP.CD,"Current health expenditure per capita, PPP (current international $)",current international $,2,World Development Indicators,2020,4235.520228718,2026-07-13,\N,2,4235.52022871812,2026-07-29T18:04:35Z
wdi2-2019-2021-372906f371e0391f,ITA,IT,ITA,Italy,ISO-3166-1,economy,False,matched_iso,SH.XPD.CHEX.PP.CD,"Current health expenditure per capita, PPP (current international $)",current international $,2,World Development Indicators,2021,4616.571686458,2026-07-13,\N,2,4616.57168645756,2026-07-29T18:04:35Z
wdi2-2019-2021-372906f371e0391f,ITA,IT,ITA,Italy,ISO-3166-1,economy,False,matched_iso,SP.POP.65UP.TO.ZS,Population ages 65 and above (% of total population),% of total population,2,World Development Indicators,2019,23.104171093,2026-07-13,\N,0,23.104171093177,2026-07-29T18:04:35Z
wdi2-2019-2021-372906f371e0391f,ITA,IT,ITA,Italy,ISO-3166-1,economy,False,matched_iso,SP.POP.65UP.TO.ZS,Population ages 65 and above (% of total population),% of total population,2,World Development Indicators,2020,23.379233232,2026-07-13,\N,0,23.379233231567,2026-07-29T18:04:35Z
wdi2-2019-2021-372906f371e0391f,ITA,IT,ITA,Italy,ISO-3166-1,economy,False,matched_iso,SP.POP.65UP.TO.ZS,Population ages 65 and above (% of total population),% of total population,2,World Development Indicators,2021,23.661973552,2026-07-13,\N,0,23.6619735523658,2026-07-29T18:04:35Z
wdi2-2019-2021-372906f371e0391f,ITA,IT,ITA,Italy,ISO-3166-1,economy,False,matched_iso,SP.POP.TOTL,"Population, total",people,2,World Development Indicators,2019,59729081,2026-07-13,\N,0,59729081,2026-07-29T18:04:35Z
wdi2-2019-2021-372906f371e0391f,ITA,IT,ITA,Italy,ISO-3166-1,economy,False,matched_iso,SP.POP.TOTL,"Population, total",people,2,World Development Indicators,2020,59438851,2026-07-13,\N,0,59438851,2026-07-29T18:04:35Z
wdi2-2019-2021-372906f371e0391f,ITA,IT,ITA,Italy,ISO-3166-1,economy,False,matched_iso,SP.POP.TOTL,"Population, total",people,2,World Development Indicators,2021,59133173,2026-07-13,\N,0,59133173,2026-07-29T18:04:35Z
wdi2-2019-2021-372906f371e0391f,JAM,JM,JAM,Jamaica,ISO-3166-1,economy,False,matched_iso,EN.POP.DNST,Population density (people per sq. km of land area),people per sq. km of land area,2,World Development Indicators,2019,260.689843029,2026-07-13,\N,0,260.689843028624,2026-07-29T18:04:35Z
wdi2-2019-2021-372906f371e0391f,JAM,JM,JAM,Jamaica,ISO-3166-1,economy,False,matched_iso,EN.POP.DNST,Population density (people per sq. km of land area),people per sq. km of land area,2,World Development Indicators,2020,261.379409049,2026-07-13,\N,0,261.379409048938,2026-07-29T18:04:35Z
wdi2-2019-2021-372906f371e0391f,JAM,JM,JAM,Jamaica,ISO-3166-1,economy,False,matched_iso,EN.POP.DNST,Population density (people per sq. km of land area),people per sq. km of land area,2,World Development Indicators,2021,262.020498615,2026-07-13,\N,0,262.020498614958,2026-07-29T18:04:35Z
wdi2-2019-2021-372906f371e0391f,JAM,JM,JAM,Jamaica,ISO-3166-1,economy,False,matched_iso,NY.GDP.PCAP.KD,GDP per capita (constant 2015 US$),constant 2015 US$,2,World Development Indicators,2019,5814.792753117,2026-07-13,\N,1,5814.79275311692,2026-07-29T18:04:35Z
wdi2-2019-2021-372906f371e0391f,JAM,JM,JAM,Jamaica,ISO-3166-1,economy,False,matched_iso,NY.GDP.PCAP.KD,GDP per capita (constant 2015 US$),constant 2015 US$,2,World Development Indicators,2020,5317.84145034,2026-07-13,\N,1,5317.84145033966,2026-07-29T18:04:35Z
wdi2-2019-2021-372906f371e0391f,JAM,JM,JAM,Jamaica,ISO-3166-1,economy,False,matched_iso,NY.GDP.PCAP.KD,GDP per capita (constant 2015 US$),constant 2015 US$,2,World Development Indicators,2021,5607.453782539,2026-07-13,\N,1,5607.45378253877,2026-07-29T18:04:35Z
wdi2-2019-2021-372906f371e0391f,JAM,JM,JAM,Jamaica,ISO-3166-1,economy,False,matched_iso,SH.XPD.CHEX.PP.CD,"Current health expenditure per capita, PPP (current international $)",current international $,2,World Development Indicators,2019,702.766909108,2026-07-13,\N,2,702.766909108247,2026-07-29T18:04:35Z
wdi2-2019-2021-372906f371e0391f,JAM,JM,JAM,Jamaica,ISO-3166-1,economy,False,matched_iso,SH.XPD.CHEX.PP.CD,"Current health expenditure per capita, PPP (current international $)",current international $,2,World Development Indicators,2020,672.139107171,2026-07-13,\N,2,672.13910717131,2026-07-29T18:04:35Z
wdi2-2019-2021-372906f371e0391f,JAM,JM,JAM,Jamaica,ISO-3166-1,economy,False,matched_iso,SH.XPD.CHEX.PP.CD,"Current health expenditure per capita, PPP (current international $)",current international $,2,World Development Indicators,2021,766.423897437,2026-07-13,\N,2,766.423897436502,2026-07-29T18:04:35Z
wdi2-2019-2021-372906f371e0391f,JAM,JM,JAM,Jamaica,ISO-3166-1,economy,False,matched_iso,SP.POP.65UP.TO.ZS,Population ages 65 and above (% of total population),% of total population,2,World Development Indicators,2019,6.948234867,2026-07-13,\N,0,6.94823486657852,2026-07-29T18:04:35Z
wdi2-2019-2021-372906f371e0391f,JAM,JM,JAM,Jamaica,ISO-3166-1,economy,False,matched_iso,SP.POP.65UP.TO.ZS,Population ages 65 and above (% of total population),% of total population,2,World Development Indicators,2020,7.139125154,2026-07-13,\N,0,7.13912515424417,2026-07-29T18:04:35Z
wdi2-2019-2021-372906f371e0391f,JAM,JM,JAM,Jamaica,ISO-3166-1,economy,False,matched_iso,SP.POP.65UP.TO.ZS,Population ages 65 and above (% of total population),% of total population,2,World Development Indicators,2021,7.31190234,2026-07-13,\N,0,7.31190233999129,2026-07-29T18:04:35Z
wdi2-2019-2021-372906f371e0391f,JAM,JM,JAM,Jamaica,ISO-3166-1,economy,False,matched_iso,SP.POP.TOTL,"Population, total",people,2,World Development Indicators,2019,2823271,2026-07-13,\N,0,2823271,2026-07-29T18:04:35Z
wdi2-2019-2021-372906f371e0391f,JAM,JM,JAM,Jamaica,ISO-3166-1,economy,False,matched_iso,SP.POP.TOTL,"Population, total",people,2,World Development Indicators,2020,2830739,2026-07-13,\N,0,2830739,2026-07-29T18:04:35Z
wdi2-2019-2021-372906f371e0391f,JAM,JM,JAM,Jamaica,ISO-3166-1,economy,False,matched_iso,SP.POP.TOTL,"Population, total",people,2,World Development Indicators,2021,2837682,2026-07-13,\N,0,2837682,2026-07-29T18:04:35Z
wdi2-2019-2021-372906f371e0391f,JOR,JO,JOR,Jordan,ISO-3166-1,economy,False,matched_iso,EN.POP.DNST,Population density (people per sq. km of land area),people per sq. km of land area,2,World Development Indicators,2019,120.187073451,2026-07-13,\N,0,120.187073450909,2026-07-29T18:04:35Z
wdi2-2019-2021-372906f371e0391f,JOR,JO,JOR,Jordan,ISO-3166-1,economy,False,matched_iso,EN.POP.DNST,Population density (people per sq. km of land area),people per sq. km of land area,2,World Development Indicators,2020,122.364439039,2026-07-13,\N,0,122.364439038674,2026-07-29T18:04:35Z
wdi2-2019-2021-372906f371e0391f,JOR,JO,JOR,Jordan,ISO-3166-1,economy,False,matched_iso,EN.POP.DNST,Population density (people per sq. km of land area),people per sq. km of land area,2,World Development Indicators,2021,124.629547041,2026-07-13,\N,0,124.629547041467,2026-07-29T18:04:35Z
wdi2-2019-2021-372906f371e0391f,JOR,JO,JOR,Jordan,ISO-3166-1,economy,False,matched_iso,NY.GDP.PCAP.KD,GDP per capita (constant 2015 US$),constant 2015 US$,2,World Development Indicators,2019,4313.807914266,2026-07-13,\N,1,4313.80791426608,2026-07-29T18:04:35Z
wdi2-2019-2021-372906f371e0391f,JOR,JO,JOR,Jordan,ISO-3166-1,economy,False,matched_iso,NY.GDP.PCAP.KD,GDP per capita (constant 2015 US$),constant 2015 US$,2,World Development Indicators,2020,4188.212400957,2026-07-13,\N,1,4188.21240095719,2026-07-29T18:04:35Z
wdi2-2019-2021-372906f371e0391f,JOR,JO,JOR,Jordan,ISO-3166-1,economy,False,matched_iso,NY.GDP.PCAP.KD,GDP per capita (constant 2015 US$),constant 2015 US$,2,World Development Indicators,2021,4266.379029899,2026-07-13,\N,1,4266.3790298994,2026-07-29T18:04:35Z
wdi2-2019-2021-372906f371e0391f,JOR,JO,JOR,Jordan,ISO-3166-1,economy,False,matched_iso,SH.XPD.CHEX.PP.CD,"Current health expenditure per capita, PPP (current international $)",current international $,2,World Development Indicators,2019,666.86326321,2026-07-13,\N,2,666.863263209681,2026-07-29T18:04:35Z
wdi2-2019-2021-372906f371e0391f,JOR,JO,JOR,Jordan,ISO-3166-1,economy,False,matched_iso,SH.XPD.CHEX.PP.CD,"Current health expenditure per capita, PPP (current international $)",current international $,2,World Development Indicators,2020,722.79683954,2026-07-13,\N,2,722.796839540192,2026-07-29T18:04:35Z
wdi2-2019-2021-372906f371e0391f,JOR,JO,JOR,Jordan,ISO-3166-1,economy,False,matched_iso,SH.XPD.CHEX.PP.CD,"Current health expenditure per capita, PPP (current international $)",current international $,2,World Development Indicators,2021,706.802862006,2026-07-13,\N,2,706.80286200575,2026-07-29T18:04:35Z
wdi2-2019-2021-372906f371e0391f,JOR,JO,JOR,Jordan,ISO-3166-1,economy,False,matched_iso,SP.POP.65UP.TO.ZS,Population ages 65 and above (% of total population),% of total population,2,World Development Indicators,2019,3.777015537,2026-07-13,\N,0,3.77701553656163,2026-07-29T18:04:35Z
wdi2-2019-2021-372906f371e0391f,JOR,JO,JOR,Jordan,ISO-3166-1,economy,False,matched_iso,SP.POP.65UP.TO.ZS,Population ages 65 and above (% of total population),% of total population,2,World Development Indicators,2020,3.899085408,2026-07-13,\N,0,3.89908540801378,2026-07-29T18:04:35Z
wdi2-2019-2021-372906f371e0391f,JOR,JO,JOR,Jordan,ISO-3166-1,economy,False,matched_iso,SP.POP.65UP.TO.ZS,Population ages 65 and above (% of total population),% of total population,2,World Development Indicators,2021,4.006553738,2026-07-13,\N,0,4.0065537381953,2026-07-29T18:04:35Z
wdi2-2019-2021-372906f371e0391f,JOR,JO,JOR,Jordan,ISO-3166-1,economy,False,matched_iso,SP.POP.TOTL,"Population, total",people,2,World Development Indicators,2019,10671891,2026-07-13,\N,0,10671891,2026-07-29T18:04:35Z
wdi2-2019-2021-372906f371e0391f,JOR,JO,JOR,Jordan,ISO-3166-1,economy,False,matched_iso,SP.POP.TOTL,"Population, total",people,2,World Development Indicators,2020,10865228,2026-07-13,\N,0,10865228,2026-07-29T18:04:35Z
wdi2-2019-2021-372906f371e0391f,JOR,JO,JOR,Jordan,ISO-3166-1,economy,False,matched_iso,SP.POP.TOTL,"Population, total",people,2,World Development Indicators,2021,11066356,2026-07-13,\N,0,11066356,2026-07-29T18:04:35Z
wdi2-2019-2021-372906f371e0391f,JPN,JP,JPN,Japan,ISO-3166-1,economy,False,matched_iso,EN.POP.DNST,Population density (people per sq. km of land area),people per sq. km of land area,2,World Development Indicators,2019,347.41563786,2026-07-13,\N,0,347.415637860082,2026-07-29T18:04:35Z
wdi2-2019-2021-372906f371e0391f,JPN,JP,JPN,Japan,ISO-3166-1,economy,False,matched_iso,EN.POP.DNST,Population density (people per sq. km of land area),people per sq. km of land area,2,World Development Indicators,2020,346.395061728,2026-07-13,\N,0,346.395061728395,2026-07-29T18:04:35Z
wdi2-2019-2021-372906f371e0391f,JPN,JP,JPN,Japan,ISO-3166-1,economy,False,matched_iso,EN.POP.DNST,Population density (people per sq. km of land area),people per sq. km of land area,2,World Development Indicators,2021,344.805467764,2026-07-13,\N,0,344.80546776406,2026-07-29T18:04:35Z
wdi2-2019-2021-372906f371e0391f,JPN,JP,JPN,Japan,ISO-3166-1,economy,False,matched_iso,NY.GDP.PCAP.KD,GDP per capita (constant 2015 US$),constant 2015 US$,2,World Development Indicators,2019,36837.258365311,2026-07-13,\N,1,36837.2583653113,2026-07-29T18:04:35Z
wdi2-2019-2021-372906f371e0391f,JPN,JP,JPN,Japan,ISO-3166-1,economy,False,matched_iso,NY.GDP.PCAP.KD,GDP per capita (constant 2015 US$),constant 2015 US$,2,World Development Indicators,2020,35363.299695179,2026-07-13,\N,1,35363.2996951789,2026-07-29T18:04:35Z
wdi2-2019-2021-372906f371e0391f,JPN,JP,JPN,Japan,ISO-3166-1,economy,False,matched_iso,NY.GDP.PCAP.KD,GDP per capita (constant 2015 US$),constant 2015 US$,2,World Development Indicators,2021,36792.556429474,2026-07-13,\N,1,36792.556429474,2026-07-29T18:04:35Z
wdi2-2019-2021-372906f371e0391f,JPN,JP,JPN,Japan,ISO-3166-1,economy,False,matched_iso,SH.XPD.CHEX.PP.CD,"Current health expenditure per capita, PPP (current international $)",current international $,2,World Development Indicators,2019,4679.332188245,2026-07-13,\N,2,4679.33218824469,2026-07-29T18:04:35Z
wdi2-2019-2021-372906f371e0391f,JPN,JP,JPN,Japan,ISO-3166-1,economy,False,matched_iso,SH.XPD.CHEX.PP.CD,"Current health expenditure per capita, PPP (current international $)",current international $,2,World Development Indicators,2020,4855.96075829,2026-07-13,\N,2,4855.9607582898,2026-07-29T18:04:35Z
wdi2-2019-2021-372906f371e0391f,JPN,JP,JPN,Japan,ISO-3166-1,economy,False,matched_iso,SH.XPD.CHEX.PP.CD,"Current health expenditure per capita, PPP (current international $)",current international $,2,World Development Indicators,2021,5358.70264015,2026-07-13,\N,2,5358.70264015009,2026-07-29T18:04:35Z
wdi2-2019-2021-372906f371e0391f,JPN,JP,JPN,Japan,ISO-3166-1,economy,False,matched_iso,SP.POP.65UP.TO.ZS,Population ages 65 and above (% of total population),% of total population,2,World Development Indicators,2019,28.628770754,2026-07-13,\N,0,28.6287707536412,2026-07-29T18:04:35Z
wdi2-2019-2021-372906f371e0391f,JPN,JP,JPN,Japan,ISO-3166-1,economy,False,matched_iso,SP.POP.65UP.TO.ZS,Population ages 65 and above (% of total population),% of total population,2,World Development Indicators,2020,28.918174384,2026-07-13,\N,0,28.9181743842737,2026-07-29T18:04:35Z
wdi2-2019-2021-372906f371e0391f,JPN,JP,JPN,Japan,ISO-3166-1,economy,False,matched_iso,SP.POP.65UP.TO.ZS,Population ages 65 and above (% of total population),% of total population,2,World Development Indicators,2021,29.216997069,2026-07-13,\N,0,29.2169970691602,2026-07-29T18:04:35Z
wdi2-2019-2021-372906f371e0391f,JPN,JP,JPN,Japan,ISO-3166-1,economy,False,matched_iso,SP.POP.TOTL,"Population, total",people,2,World Development Indicators,2019,126633000,2026-07-13,\N,0,126633000,2026-07-29T18:04:35Z
wdi2-2019-2021-372906f371e0391f,JPN,JP,JPN,Japan,ISO-3166-1,economy,False,matched_iso,SP.POP.TOTL,"Population, total",people,2,World Development Indicators,2020,126261000,2026-07-13,\N,0,126261000,2026-07-29T18:04:35Z
wdi2-2019-2021-372906f371e0391f,JPN,JP,JPN,Japan,ISO-3166-1,economy,False,matched_iso,SP.POP.TOTL,"Population, total",people,2,World Development Indicators,2021,125681593,2026-07-13,\N,0,125681593,2026-07-29T18:04:35Z
wdi2-2019-2021-372906f371e0391f,KAZ,KZ,KAZ,Kazakhstan,ISO-3166-1,economy,False,matched_iso,EN.POP.DNST,Population density (people per sq. km of land area),people per sq. km of land area,2,World Development Indicators,2019,7.115440605,2026-07-13,\N,0,7.11544060451161,2026-07-29T18:04:35Z
wdi2-2019-2021-372906f371e0391f,KAZ,KZ,KAZ,Kazakhstan,ISO-3166-1,economy,False,matched_iso,EN.POP.DNST,Population density (people per sq. km of land area),people per sq. km of land area,2,World Development Indicators,2020,7.216400711,2026-07-13,\N,0,7.21640071119013,2026-07-29T18:04:35Z
wdi2-2019-2021-372906f371e0391f,KAZ,KZ,KAZ,Kazakhstan,ISO-3166-1,economy,False,matched_iso,EN.POP.DNST,Population density (people per sq. km of land area),people per sq. km of land area,2,World Development Indicators,2021,7.31325814,2026-07-13,\N,0,7.31325813979331,2026-07-29T18:04:35Z
wdi2-2019-2021-372906f371e0391f,KAZ,KZ,KAZ,Kazakhstan,ISO-3166-1,economy,False,matched_iso,NY.GDP.PCAP.KD,GDP per capita (constant 2015 US$),constant 2015 US$,2,World Development Indicators,2019,10989.684071839,2026-07-13,\N,1,10989.6840718388,2026-07-29T18:04:35Z
wdi2-2019-2021-372906f371e0391f,KAZ,KZ,KAZ,Kazakhstan,ISO-3166-1,economy,False,matched_iso,NY.GDP.PCAP.KD,GDP per capita (constant 2015 US$),constant 2015 US$,2,World Development Indicators,2020,10565.035981624,2026-07-13,\N,1,10565.0359816235,2026-07-29T18:04:35Z
wdi2-2019-2021-372906f371e0391f,KAZ,KZ,KAZ,Kazakhstan,ISO-3166-1,economy,False,matched_iso,NY.GDP.PCAP.KD,GDP per capita (constant 2015 US$),constant 2015 US$,2,World Development Indicators,2021,10873.391527528,2026-07-13,\N,1,10873.3915275276,2026-07-29T18:04:35Z
wdi2-2019-2021-372906f371e0391f,KAZ,KZ,KAZ,Kazakhstan,ISO-3166-1,economy,False,matched_iso,SH.XPD.CHEX.PP.CD,"Current health expenditure per capita, PPP (current international $)",current international $,2,World Development Indicators,2019,799.701068382,2026-07-13,\N,2,799.701068382388,2026-07-29T18:04:35Z
wdi2-2019-2021-372906f371e0391f,KAZ,KZ,KAZ,Kazakhstan,ISO-3166-1,economy,False,matched_iso,SH.XPD.CHEX.PP.CD,"Current health expenditure per capita, PPP (current international $)",current international $,2,World Development Indicators,2020,1089.867344267,2026-07-13,\N,2,1089.86734426699,2026-07-29T18:04:35Z
wdi2-2019-2021-372906f371e0391f,KAZ,KZ,KAZ,Kazakhstan,ISO-3166-1,economy,False,matched_iso,SH.XPD.CHEX.PP.CD,"Current health expenditure per capita, PPP (current international $)",current international $,2,World Development Indicators,2021,1292.989449632,2026-07-13,\N,2,1292.98944963159,2026-07-29T18:04:35Z
wdi2-2019-2021-372906f371e0391f,KAZ,KZ,KAZ,Kazakhstan,ISO-3166-1,economy,False,matched_iso,SP.POP.65UP.TO.ZS,Population ages 65 and above (% of total population),% of total population,2,World Development Indicators,2019,7.480378905,2026-07-13,\N,0,7.48037890518547,2026-07-29T18:04:35Z
wdi2-2019-2021-372906f371e0391f,KAZ,KZ,KAZ,Kazakhstan,ISO-3166-1,economy,False,matched_iso,SP.POP.65UP.TO.ZS,Population ages 65 and above (% of total population),% of total population,2,World Development Indicators,2020,7.648791453,2026-07-13,\N,0,7.64879145320809,2026-07-29T18:04:35Z
wdi2-2019-2021-372906f371e0391f,KAZ,KZ,KAZ,Kazakhstan,ISO-3166-1,economy,False,matched_iso,SP.POP.65UP.TO.ZS,Population ages 65 and above (% of total population),% of total population,2,World Development Indicators,2021,7.776630233,2026-07-13,\N,0,7.77663023309373,2026-07-29T18:04:35Z
wdi2-2019-2021-372906f371e0391f,KAZ,KZ,KAZ,Kazakhstan,ISO-3166-1,economy,False,matched_iso,SP.POP.TOTL,"Population, total",people,2,World Development Indicators,2019,19209555,2026-07-13,\N,0,19209555,2026-07-29T18:04:35Z
wdi2-2019-2021-372906f371e0391f,KAZ,KZ,KAZ,Kazakhstan,ISO-3166-1,economy,False,matched_iso,SP.POP.TOTL,"Population, total",people,2,World Development Indicators,2020,19482117,2026-07-13,\N,0,19482117,2026-07-29T18:04:35Z
wdi2-2019-2021-372906f371e0391f,KAZ,KZ,KAZ,Kazakhstan,ISO-3166-1,economy,False,matched_iso,SP.POP.TOTL,"Population, total",people,2,World Development Indicators,2021,19743603,2026-07-13,\N,0,19743603,2026-07-29T18:04:35Z
wdi2-2019-2021-372906f371e0391f,KEN,KE,KEN,Kenya,ISO-3166-1,economy,False,matched_iso,EN.POP.DNST,Population density (people per sq. km of land area),people per sq. km of land area,2,World Development Indicators,2019,88.445389499,2026-07-13,\N,0,88.4453894988127,2026-07-29T18:04:35Z
wdi2-2019-2021-372906f371e0391f,KEN,KE,KEN,Kenya,ISO-3166-1,economy,False,matched_iso,EN.POP.DNST,Population density (people per sq. km of land area),people per sq. km of land area,2,World Development Indicators,2020,89.894068668,2026-07-13,\N,0,89.8940686683206,2026-07-29T18:04:35Z
wdi2-2019-2021-372906f371e0391f,KEN,KE,KEN,Kenya,ISO-3166-1,economy,False,matched_iso,EN.POP.DNST,Population density (people per sq. km of land area),people per sq. km of land area,2,World Development Indicators,2021,91.61875945,2026-07-13,\N,0,91.6187594501618,2026-07-29T18:04:35Z
wdi2-2019-2021-372906f371e0391f,KEN,KE,KEN,Kenya,ISO-3166-1,economy,False,matched_iso,NY.GDP.PCAP.KD,GDP per capita (constant 2015 US$),constant 2015 US$,2,World Development Indicators,2019,1645.709617779,2026-07-13,\N,1,1645.70961777862,2026-07-29T18:04:35Z
wdi2-2019-2021-372906f371e0391f,KEN,KE,KEN,Kenya,ISO-3166-1,economy,False,matched_iso,NY.GDP.PCAP.KD,GDP per capita (constant 2015 US$),constant 2015 US$,2,World Development Indicators,2020,1609.334140783,2026-07-13,\N,1,1609.33414078281,2026-07-29T18:04:35Z
wdi2-2019-2021-372906f371e0391f,KEN,KE,KEN,Kenya,ISO-3166-1,economy,False,matched_iso,NY.GDP.PCAP.KD,GDP per capita (constant 2015 US$),constant 2015 US$,2,World Development Indicators,2021,1698.895782714,2026-07-13,\N,1,1698.89578271444,2026-07-29T18:04:35Z
wdi2-2019-2021-372906f371e0391f,KEN,KE,KEN,Kenya,ISO-3166-1,economy,False,matched_iso,SH.XPD.CHEX.PP.CD,"Current health expenditure per capita, PPP (current international $)",current international $,2,World Development Indicators,2019,204.779711565,2026-07-13,\N,2,204.779711565058,2026-07-29T18:04:35Z
wdi2-2019-2021-372906f371e0391f,KEN,KE,KEN,Kenya,ISO-3166-1,economy,False,matched_iso,SH.XPD.CHEX.PP.CD,"Current health expenditure per capita, PPP (current international $)",current international $,2,World Development Indicators,2020,215.286103242,2026-07-13,\N,2,215.286103241805,2026-07-29T18:04:35Z
wdi2-2019-2021-372906f371e0391f,KEN,KE,KEN,Kenya,ISO-3166-1,economy,False,matched_iso,SH.XPD.CHEX.PP.CD,"Current health expenditure per capita, PPP (current international $)",current international $,2,World Development Indicators,2021,243.981689723,2026-07-13,\N,2,243.981689723105,2026-07-29T18:04:35Z
wdi2-2019-2021-372906f371e0391f,KEN,KE,KEN,Kenya,ISO-3166-1,economy,False,matched_iso,SP.POP.65UP.TO.ZS,Population ages 65 and above (% of total population),% of total population,2,World Development Indicators,2019,2.746893226,2026-07-13,\N,0,2.74689322576961,2026-07-29T18:04:35Z
wdi2-2019-2021-372906f371e0391f,KEN,KE,KEN,Kenya,ISO-3166-1,economy,False,matched_iso,SP.POP.65UP.TO.ZS,Population ages 65 and above (% of total population),% of total population,2,World Development Indicators,2020,2.78922228,2026-07-13,\N,0,2.78922227999252,2026-07-29T18:04:35Z
wdi2-2019-2021-372906f371e0391f,KEN,KE,KEN,Kenya,ISO-3166-1,economy,False,matched_iso,SP.POP.65UP.TO.ZS,Population ages 65 and above (% of total population),% of total population,2,World Development Indicators,2021,2.818603948,2026-07-13,\N,0,2.81860394823365,2026-07-29T18:04:35Z
wdi2-2019-2021-372906f371e0391f,KEN,KE,KEN,Kenya,ISO-3166-1,economy,False,matched_iso,SP.POP.TOTL,"Population, total",people,2,World Development Indicators,2019,51202827,2026-07-13,\N,0,51202827,2026-07-29T18:04:35Z
wdi2-2019-2021-372906f371e0391f,KEN,KE,KEN,Kenya,ISO-3166-1,economy,False,matched_iso,SP.POP.TOTL,"Population, total",people,2,World Development Indicators,2020,52217334,2026-07-13,\N,0,52217334,2026-07-29T18:04:35Z
wdi2-2019-2021-372906f371e0391f,KEN,KE,KEN,Kenya,ISO-3166-1,economy,False,matched_iso,SP.POP.TOTL,"Population, total",people,2,World Development Indicators,2021,53219166,2026-07-13,\N,0,53219166,2026-07-29T18:04:35Z
wdi2-2019-2021-372906f371e0391f,KGZ,KG,KGZ,Kyrgyz Republic,ISO-3166-1,economy,False,matched_iso,EN.POP.DNST,Population density (people per sq. km of land area),people per sq. km of land area,2,World Development Indicators,2019,34.359807091,2026-07-13,\N,0,34.3598070907195,2026-07-29T18:04:35Z
wdi2-2019-2021-372906f371e0391f,KGZ,KG,KGZ,Kyrgyz Republic,ISO-3166-1,economy,False,matched_iso,EN.POP.DNST,Population density (people per sq. km of land area),people per sq. km of land area,2,World Development Indicators,2020,35.07088634,2026-07-13,\N,0,35.0708863399374,2026-07-29T18:04:35Z
wdi2-2019-2021-372906f371e0391f,KGZ,KG,KGZ,Kyrgyz Republic,ISO-3166-1,economy,False,matched_iso,EN.POP.DNST,Population density (people per sq. km of land area),people per sq. km of land area,2,World Development Indicators,2021,35.720667362,2026-07-13,\N,0,35.7206673618352,2026-07-29T18:04:35Z
wdi2-2019-2021-372906f371e0391f,KGZ,KG,KGZ,Kyrgyz Republic,ISO-3166-1,economy,False,matched_iso,NY.GDP.PCAP.KD,GDP per capita (constant 2015 US$),constant 2015 US$,2,World Development Indicators,2019,1201.877014297,2026-07-13,\N,1,1201.87701429721,2026-07-29T18:04:35Z
wdi2-2019-2021-372906f371e0391f,KGZ,KG,KGZ,Kyrgyz Republic,ISO-3166-1,economy,False,matched_iso,NY.GDP.PCAP.KD,GDP per capita (constant 2015 US$),constant 2015 US$,2,World Development Indicators,2020,1093.328564614,2026-07-13,\N,1,1093.32856461422,2026-07-29T18:04:35Z
wdi2-2019-2021-372906f371e0391f,KGZ,KG,KGZ,Kyrgyz Republic,ISO-3166-1,economy,False,matched_iso,NY.GDP.PCAP.KD,GDP per capita (constant 2015 US$),constant 2015 US$,2,World Development Indicators,2021,1132.554678128,2026-07-13,\N,1,1132.5546781282,2026-07-29T18:04:35Z
wdi2-2019-2021-372906f371e0391f,KGZ,KG,KGZ,Kyrgyz Republic,ISO-3166-1,economy,False,matched_iso,SH.XPD.CHEX.PP.CD,"Current health expenditure per capita, PPP (current international $)",current international $,2,World Development Indicators,2019,229.016769144,2026-07-13,\N,2,229.016769144427,2026-07-29T18:04:35Z
wdi2-2019-2021-372906f371e0391f,KGZ,KG,KGZ,Kyrgyz Republic,ISO-3166-1,economy,False,matched_iso,SH.XPD.CHEX.PP.CD,"Current health expenditure per capita, PPP (current international $)",current international $,2,World Development Indicators,2020,257.988148372,2026-07-13,\N,2,257.988148371502,2026-07-29T18:04:35Z
wdi2-2019-2021-372906f371e0391f,KGZ,KG,KGZ,Kyrgyz Republic,ISO-3166-1,economy,False,matched_iso,SH.XPD.CHEX.PP.CD,"Current health expenditure per capita, PPP (current international $)",current international $,2,World Development Indicators,2021,308.443746978,2026-07-13,\N,2,308.44374697765,2026-07-29T18:04:35Z
wdi2-2019-2021-372906f371e0391f,KGZ,KG,KGZ,Kyrgyz Republic,ISO-3166-1,economy,False,matched_iso,SP.POP.65UP.TO.ZS,Population ages 65 and above (% of total population),% of total population,2,World Development Indicators,2019,5.173848001,2026-07-13,\N,0,5.17384800051124,2026-07-29T18:04:35Z
wdi2-2019-2021-372906f371e0391f,KGZ,KG,KGZ,Kyrgyz Republic,ISO-3166-1,economy,False,matched_iso,SP.POP.65UP.TO.ZS,Population ages 65 and above (% of total population),% of total population,2,World Development Indicators,2020,5.148751763,2026-07-13,\N,0,5.14875176307459,2026-07-29T18:04:35Z
wdi2-2019-2021-372906f371e0391f,KGZ,KG,KGZ,Kyrgyz Republic,ISO-3166-1,economy,False,matched_iso,SP.POP.65UP.TO.ZS,Population ages 65 and above (% of total population),% of total population,2,World Development Indicators,2021,5.110755792,2026-07-13,\N,0,5.11075579228056,2026-07-29T18:04:35Z
wdi2-2019-2021-372906f371e0391f,KGZ,KG,KGZ,Kyrgyz Republic,ISO-3166-1,economy,False,matched_iso,SP.POP.TOTL,"Population, total",people,2,World Development Indicators,2019,6590211,2026-07-13,\N,0,6590211,2026-07-29T18:04:35Z
wdi2-2019-2021-372906f371e0391f,KGZ,KG,KGZ,Kyrgyz Republic,ISO-3166-1,economy,False,matched_iso,SP.POP.TOTL,"Population, total",people,2,World Development Indicators,2020,6726596,2026-07-13,\N,0,6726596,2026-07-29T18:04:35Z
wdi2-2019-2021-372906f371e0391f,KGZ,KG,KGZ,Kyrgyz Republic,ISO-3166-1,economy,False,matched_iso,SP.POP.TOTL,"Population, total",people,2,World Development Indicators,2021,6851224,2026-07-13,\N,0,6851224,2026-07-29T18:04:35Z
wdi2-2019-2021-372906f371e0391f,KHM,KH,KHM,Cambodia,ISO-3166-1,economy,False,matched_iso,EN.POP.DNST,Population density (people per sq. km of land area),people per sq. km of land area,2,World Development Indicators,2019,93.367912984,2026-07-13,\N,0,93.3679129843644,2026-07-29T18:04:35Z
wdi2-2019-2021-372906f371e0391f,KHM,KH,KHM,Cambodia,ISO-3166-1,economy,False,matched_iso,EN.POP.DNST,Population density (people per sq. km of land area),people per sq. km of land area,2,World Development Indicators,2020,94.751155676,2026-07-13,\N,0,94.7511556764106,2026-07-29T18:04:35Z
wdi2-2019-2021-372906f371e0391f,KHM,KH,KHM,Cambodia,ISO-3166-1,economy,False,matched_iso,EN.POP.DNST,Population density (people per sq. km of land area),people per sq. km of land area,2,World Development Indicators,2021,96.160803308,2026-07-13,\N,0,96.160803308407,2026-07-29T18:04:35Z
wdi2-2019-2021-372906f371e0391f,KHM,KH,KHM,Cambodia,ISO-3166-1,economy,False,matched_iso,NY.GDP.PCAP.KD,GDP per capita (constant 2015 US$),constant 2015 US$,2,World Development Indicators,2019,2008.320940067,2026-07-13,\N,1,2008.32094006706,2026-07-29T18:04:35Z
wdi2-2019-2021-372906f371e0391f,KHM,KH,KHM,Cambodia,ISO-3166-1,economy,False,matched_iso,NY.GDP.PCAP.KD,GDP per capita (constant 2015 US$),constant 2015 US$,2,World Development Indicators,2020,1908.634275183,2026-07-13,\N,1,1908.63427518336,2026-07-29T18:04:35Z
wdi2-2019-2021-372906f371e0391f,KHM,KH,KHM,Cambodia,ISO-3166-1,economy,False,matched_iso,NY.GDP.PCAP.KD,GDP per capita (constant 2015 US$),constant 2015 US$,2,World Development Indicators,2021,1938.764367417,2026-07-13,\N,1,1938.76436741728,2026-07-29T18:04:35Z
wdi2-2019-2021-372906f371e0391f,KHM,KH,KHM,Cambodia,ISO-3166-1,economy,False,matched_iso,SH.XPD.CHEX.PP.CD,"Current health expenditure per capita, PPP (current international $)",current international $,2,World Development Indicators,2019,311.269698199,2026-07-13,\N,2,311.269698199494,2026-07-29T18:04:35Z
wdi2-2019-2021-372906f371e0391f,KHM,KH,KHM,Cambodia,ISO-3166-1,economy,False,matched_iso,SH.XPD.CHEX.PP.CD,"Current health expenditure per capita, PPP (current international $)",current international $,2,World Development Indicators,2020,304.866566685,2026-07-13,\N,2,304.866566684615,2026-07-29T18:04:35Z
wdi2-2019-2021-372906f371e0391f,KHM,KH,KHM,Cambodia,ISO-3166-1,economy,False,matched_iso,SH.XPD.CHEX.PP.CD,"Current health expenditure per capita, PPP (current international $)",current international $,2,World Development Indicators,2021,394.629065962,2026-07-13,\N,2,394.629065961787,2026-07-29T18:04:35Z
wdi2-2019-2021-372906f371e0391f,KHM,KH,KHM,Cambodia,ISO-3166-1,economy,False,matched_iso,SP.POP.65UP.TO.ZS,Population ages 65 and above (% of total population),% of total population,2,World Development Indicators,2019,5.273077907,2026-07-13,\N,0,5.27307790694231,2026-07-29T18:04:35Z
wdi2-2019-2021-372906f371e0391f,KHM,KH,KHM,Cambodia,ISO-3166-1,economy,False,matched_iso,SP.POP.65UP.TO.ZS,Population ages 65 and above (% of total population),% of total population,2,World Development Indicators,2020,5.438736906,2026-07-13,\N,0,5.4387369063124,2026-07-29T18:04:35Z
wdi2-2019-2021-372906f371e0391f,KHM,KH,KHM,Cambodia,ISO-3166-1,economy,False,matched_iso,SP.POP.65UP.TO.ZS,Population ages 65 and above (% of total population),% of total population,2,World Development Indicators,2021,5.594714906,2026-07-13,\N,0,5.59471490600897,2026-07-29T18:04:35Z
wdi2-2019-2021-372906f371e0391f,KHM,KH,KHM,Cambodia,ISO-3166-1,economy,False,matched_iso,SP.POP.TOTL,"Population, total",people,2,World Development Indicators,2019,16481304,2026-07-13,\N,0,16481304,2026-07-29T18:04:35Z
wdi2-2019-2021-372906f371e0391f,KHM,KH,KHM,Cambodia,ISO-3166-1,economy,False,matched_iso,SP.POP.TOTL,"Population, total",people,2,World Development Indicators,2020,16725474,2026-07-13,\N,0,16725474,2026-07-29T18:04:35Z
wdi2-2019-2021-372906f371e0391f,KHM,KH,KHM,Cambodia,ISO-3166-1,economy,False,matched_iso,SP.POP.TOTL,"Population, total",people,2,World Development Indicators,2021,16974305,2026-07-13,\N,0,16974305,2026-07-29T18:04:35Z
wdi2-2019-2021-372906f371e0391f,KIR,KI,KIR,Kiribati,ISO-3166-1,economy,False,matched_iso,EN.POP.DNST,Population density (people per sq. km of land area),people per sq. km of land area,2,World Development Indicators,2019,152.988888889,2026-07-13,\N,0,152.988888888889,2026-07-29T18:04:35Z
wdi2-2019-2021-372906f371e0391f,KIR,KI,KIR,Kiribati,ISO-3166-1,economy,False,matched_iso,EN.POP.DNST,Population density (people per sq. km of land area),people per sq. km of land area,2,World Development Indicators,2020,155.677777778,2026-07-13,\N,0,155.677777777778,2026-07-29T18:04:35Z
wdi2-2019-2021-372906f371e0391f,KIR,KI,KIR,Kiribati,ISO-3166-1,economy,False,matched_iso,EN.POP.DNST,Population density (people per sq. km of land area),people per sq. km of land area,2,World Development Indicators,2021,158.490123457,2026-07-13,\N,0,158.49012345679,2026-07-29T18:04:35Z
wdi2-2019-2021-372906f371e0391f,KIR,KI,KIR,Kiribati,ISO-3166-1,economy,False,matched_iso,NY.GDP.PCAP.KD,GDP per capita (constant 2015 US$),constant 2015 US$,2,World Development Indicators,2019,1834.426278248,2026-07-13,\N,1,1834.42627824847,2026-07-29T18:04:35Z
wdi2-2019-2021-372906f371e0391f,KIR,KI,KIR,Kiribati,ISO-3166-1,economy,False,matched_iso,NY.GDP.PCAP.KD,GDP per capita (constant 2015 US$),constant 2015 US$,2,World Development Indicators,2020,1779.629730249,2026-07-13,\N,1,1779.62973024917,2026-07-29T18:04:35Z
wdi2-2019-2021-372906f371e0391f,KIR,KI,KIR,Kiribati,ISO-3166-1,economy,False,matched_iso,NY.GDP.PCAP.KD,GDP per capita (constant 2015 US$),constant 2015 US$,2,World Development Indicators,2021,1895.613629572,2026-07-13,\N,1,1895.61362957222,2026-07-29T18:04:35Z
wdi2-2019-2021-372906f371e0391f,KIR,KI,KIR,Kiribati,ISO-3166-1,economy,False,matched_iso,SH.XPD.CHEX.PP.CD,"Current health expenditure per capita, PPP (current international $)",current international $,2,World Development Indicators,2019,280.759925054,2026-07-13,\N,2,280.75992505431,2026-07-29T18:04:35Z
wdi2-2019-2021-372906f371e0391f,KIR,KI,KIR,Kiribati,ISO-3166-1,economy,False,matched_iso,SH.XPD.CHEX.PP.CD,"Current health expenditure per capita, PPP (current international $)",current international $,2,World Development Indicators,2020,369.909879183,2026-07-13,\N,2,369.909879183457,2026-07-29T18:04:35Z
wdi2-2019-2021-372906f371e0391f,KIR,KI,KIR,Kiribati,ISO-3166-1,economy,False,matched_iso,SH.XPD.CHEX.PP.CD,"Current health expenditure per capita, PPP (current international $)",current international $,2,World Development Indicators,2021,355.974254068,2026-07-13,\N,2,355.974254067902,2026-07-29T18:04:35Z
wdi2-2019-2021-372906f371e0391f,KIR,KI,KIR,Kiribati,ISO-3166-1,economy,False,matched_iso,SP.POP.65UP.TO.ZS,Population ages 65 and above (% of total population),% of total population,2,World Development Indicators,2019,3.89281838,2026-07-13,\N,0,3.89281837952558,2026-07-29T18:04:35Z
wdi2-2019-2021-372906f371e0391f,KIR,KI,KIR,Kiribati,ISO-3166-1,economy,False,matched_iso,SP.POP.65UP.TO.ZS,Population ages 65 and above (% of total population),% of total population,2,World Development Indicators,2020,3.930245283,2026-07-13,\N,0,3.93024528346775,2026-07-29T18:04:35Z
wdi2-2019-2021-372906f371e0391f,KIR,KI,KIR,Kiribati,ISO-3166-1,economy,False,matched_iso,SP.POP.65UP.TO.ZS,Population ages 65 and above (% of total population),% of total population,2,World Development Indicators,2021,3.957484596,2026-07-13,\N,0,3.9574845961504,2026-07-29T18:04:35Z
wdi2-2019-2021-372906f371e0391f,KIR,KI,KIR,Kiribati,ISO-3166-1,economy,False,matched_iso,SP.POP.TOTL,"Population, total",people,2,World Development Indicators,2019,123921,2026-07-13,\N,0,123921,2026-07-29T18:04:35Z
wdi2-2019-2021-372906f371e0391f,KIR,KI,KIR,Kiribati,ISO-3166-1,economy,False,matched_iso,SP.POP.TOTL,"Population, total",people,2,World Development Indicators,2020,126099,2026-07-13,\N,0,126099,2026-07-29T18:04:35Z
wdi2-2019-2021-372906f371e0391f,KIR,KI,KIR,Kiribati,ISO-3166-1,economy,False,matched_iso,SP.POP.TOTL,"Population, total",people,2,World Development Indicators,2021,128377,2026-07-13,\N,0,128377,2026-07-29T18:04:35Z
wdi2-2019-2021-372906f371e0391f,KNA,KN,KNA,St. Kitts and Nevis,ISO-3166-1,economy,False,matched_iso,EN.POP.DNST,Population density (people per sq. km of land area),people per sq. km of land area,2,World Development Indicators,2019,180.584615385,2026-07-13,\N,0,180.584615384615,2026-07-29T18:04:35Z
wdi2-2019-2021-372906f371e0391f,KNA,KN,KNA,St. Kitts and Nevis,ISO-3166-1,economy,False,matched_iso,EN.POP.DNST,Population density (people per sq. km of land area),people per sq. km of land area,2,World Development Indicators,2020,180.269230769,2026-07-13,\N,0,180.269230769231,2026-07-29T18:04:35Z
wdi2-2019-2021-372906f371e0391f,KNA,KN,KNA,St. Kitts and Nevis,ISO-3166-1,economy,False,matched_iso,EN.POP.DNST,Population density (people per sq. km of land area),people per sq. km of land area,2,World Development Indicators,2021,179.857692308,2026-07-13,\N,0,179.857692307692,2026-07-29T18:04:35Z
wdi2-2019-2021-372906f371e0391f,KNA,KN,KNA,St. Kitts and Nevis,ISO-3166-1,economy,False,matched_iso,NY.GDP.PCAP.KD,GDP per capita (constant 2015 US$),constant 2015 US$,2,World Development Indicators,2019,22297.76449957,2026-07-13,\N,1,22297.7644995701,2026-07-29T18:04:35Z
wdi2-2019-2021-372906f371e0391f,KNA,KN,KNA,St. Kitts and Nevis,ISO-3166-1,economy,False,matched_iso,NY.GDP.PCAP.KD,GDP per capita (constant 2015 US$),constant 2015 US$,2,World Development Indicators,2020,18918.826345661,2026-07-13,\N,1,18918.8263456611,2026-07-29T18:04:35Z
wdi2-2019-2021-372906f371e0391f,KNA,KN,KNA,St. Kitts and Nevis,ISO-3166-1,economy,False,matched_iso,NY.GDP.PCAP.KD,GDP per capita (constant 2015 US$),constant 2015 US$,2,World Development Indicators,2021,19031.82119106,2026-07-13,\N,1,19031.8211910603,2026-07-29T18:04:35Z
wdi2-2019-2021-372906f371e0391f,KNA,KN,KNA,St. Kitts and Nevis,ISO-3166-1,economy,False,matched_iso,SH.XPD.CHEX.PP.CD,"Current health expenditure per capita, PPP (current international $)",current international $,2,World Development Indicators,2019,1685.247006427,2026-07-13,\N,2,1685.24700642748,2026-07-29T18:04:35Z
wdi2-2019-2021-372906f371e0391f,KNA,KN,KNA,St. Kitts and Nevis,ISO-3166-1,economy,False,matched_iso,SH.XPD.CHEX.PP.CD,"Current health expenditure per capita, PPP (current international $)",current international $,2,World Development Indicators,2020,1547.275954268,2026-07-13,\N,2,1547.2759542684,2026-07-29T18:04:35Z
wdi2-2019-2021-372906f371e0391f,KNA,KN,KNA,St. Kitts and Nevis,ISO-3166-1,economy,False,matched_iso,SH.XPD.CHEX.PP.CD,"Current health expenditure per capita, PPP (current international $)",current international $,2,World Development Indicators,2021,1659.084535436,2026-07-13,\N,2,1659.08453543649,2026-07-29T18:04:35Z
wdi2-2019-2021-372906f371e0391f,KNA,KN,KNA,St. Kitts and Nevis,ISO-3166-1,economy,False,matched_iso,SP.POP.65UP.TO.ZS,Population ages 65 and above (% of total population),% of total population,2,World Development Indicators,2019,8.956050392,2026-07-13,\N,0,8.95605039242623,2026-07-29T18:04:35Z
wdi2-2019-2021-372906f371e0391f,KNA,KN,KNA,St. Kitts and Nevis,ISO-3166-1,economy,False,matched_iso,SP.POP.65UP.TO.ZS,Population ages 65 and above (% of total population),% of total population,2,World Development Indicators,2020,9.435673138,2026-07-13,\N,0,9.43567313846811,2026-07-29T18:04:35Z
wdi2-2019-2021-372906f371e0391f,KNA,KN,KNA,St. Kitts and Nevis,ISO-3166-1,economy,False,matched_iso,SP.POP.65UP.TO.ZS,Population ages 65 and above (% of total population),% of total population,2,World Development Indicators,2021,9.865705793,2026-07-13,\N,0,9.86570579304151,2026-07-29T18:04:35Z
wdi2-2019-2021-372906f371e0391f,KNA,KN,KNA,St. Kitts and Nevis,ISO-3166-1,economy,False,matched_iso,SP.POP.TOTL,"Population, total",people,2,World Development Indicators,2019,46952,2026-07-13,\N,0,46952,2026-07-29T18:04:35Z
wdi2-2019-2021-372906f371e0391f,KNA,KN,KNA,St. Kitts and Nevis,ISO-3166-1,economy,False,matched_iso,SP.POP.TOTL,"Population, total",people,2,World Development Indicators,2020,46870,2026-07-13,\N,0,46870,2026-07-29T18:04:35Z
wdi2-2019-2021-372906f371e0391f,KNA,KN,KNA,St. Kitts and Nevis,ISO-3166-1,economy,False,matched_iso,SP.POP.TOTL,"Population, total",people,2,World Development Indicators,2021,46763,2026-07-13,\N,0,46763,2026-07-29T18:04:35Z
wdi2-2019-2021-372906f371e0391f,KOR,KR,KOR,"Korea, Rep.",ISO-3166-1,economy,False,matched_iso,EN.POP.DNST,Population density (people per sq. km of land area),people per sq. km of land area,2,World Development Indicators,2019,530.37727459,2026-07-13,\N,0,530.377274590164,2026-07-29T18:04:35Z
wdi2-2019-2021-372906f371e0391f,KOR,KR,KOR,"Korea, Rep.",ISO-3166-1,economy,False,matched_iso,EN.POP.DNST,Population density (people per sq. km of land area),people per sq. km of land area,2,World Development Indicators,2020,531.109006148,2026-07-13,\N,0,531.109006147541,2026-07-29T18:04:35Z
wdi2-2019-2021-372906f371e0391f,KOR,KR,KOR,"Korea, Rep.",ISO-3166-1,economy,False,matched_iso,EN.POP.DNST,Population density (people per sq. km of land area),people per sq. km of land area,2,World Development Indicators,2021,530.425604508,2026-07-13,\N,0,530.425604508197,2026-07-29T18:04:35Z
wdi2-2019-2021-372906f371e0391f,KOR,KR,KOR,"Korea, Rep.",ISO-3166-1,economy,False,matched_iso,NY.GDP.PCAP.KD,GDP per capita (constant 2015 US$),constant 2015 US$,2,World Development Indicators,2019,33496.311381564,2026-07-13,\N,1,33496.3113815643,2026-07-29T18:04:35Z
wdi2-2019-2021-372906f371e0391f,KOR,KR,KOR,"Korea, Rep.",ISO-3166-1,economy,False,matched_iso,NY.GDP.PCAP.KD,GDP per capita (constant 2015 US$),constant 2015 US$,2,World Development Indicators,2020,33215.929892811,2026-07-13,\N,1,33215.9298928108,2026-07-29T18:04:35Z
wdi2-2019-2021-372906f371e0391f,KOR,KR,KOR,"Korea, Rep.",ISO-3166-1,economy,False,matched_iso,NY.GDP.PCAP.KD,GDP per capita (constant 2015 US$),constant 2015 US$,2,World Development Indicators,2021,34792.93972146,2026-07-13,\N,1,34792.9397214598,2026-07-29T18:04:35Z
wdi2-2019-2021-372906f371e0391f,KOR,KR,KOR,"Korea, Rep.",ISO-3166-1,economy,False,matched_iso,SH.XPD.CHEX.PP.CD,"Current health expenditure per capita, PPP (current international $)",current international $,2,World Development Indicators,2019,3578.350672724,2026-07-13,\N,2,3578.35067272385,2026-07-29T18:04:35Z
wdi2-2019-2021-372906f371e0391f,KOR,KR,KOR,"Korea, Rep.",ISO-3166-1,economy,False,matched_iso,SH.XPD.CHEX.PP.CD,"Current health expenditure per capita, PPP (current international $)",current international $,2,World Development Indicators,2020,3841.907964907,2026-07-13,\N,2,3841.90796490704,2026-07-29T18:04:35Z
wdi2-2019-2021-372906f371e0391f,KOR,KR,KOR,"Korea, Rep.",ISO-3166-1,economy,False,matched_iso,SH.XPD.CHEX.PP.CD,"Current health expenditure per capita, PPP (current international $)",current international $,2,World Development Indicators,2021,4308.873553287,2026-07-13,\N,2,4308.87355328684,2026-07-29T18:04:35Z
wdi2-2019-2021-372906f371e0391f,KOR,KR,KOR,"Korea, Rep.",ISO-3166-1,economy,False,matched_iso,SP.POP.65UP.TO.ZS,Population ages 65 and above (% of total population),% of total population,2,World Development Indicators,2019,15.063488444,2026-07-13,\N,0,15.0634884441589,2026-07-29T18:04:35Z
wdi2-2019-2021-372906f371e0391f,KOR,KR,KOR,"Korea, Rep.",ISO-3166-1,economy,False,matched_iso,SP.POP.65UP.TO.ZS,Population ages 65 and above (% of total population),% of total population,2,World Development Indicators,2020,15.822165946,2026-07-13,\N,0,15.822165945989,2026-07-29T18:04:35Z
wdi2-2019-2021-372906f371e0391f,KOR,KR,KOR,"Korea, Rep.",ISO-3166-1,economy,False,matched_iso,SP.POP.65UP.TO.ZS,Population ages 65 and above (% of total population),% of total population,2,World Development Indicators,2021,16.659641216,2026-07-13,\N,0,16.6596412164908,2026-07-29T18:04:35Z
wdi2-2019-2021-372906f371e0391f,KOR,KR,KOR,"Korea, Rep.",ISO-3166-1,economy,False,matched_iso,SP.POP.TOTL,"Population, total",people,2,World Development Indicators,2019,51764822,2026-07-13,\N,0,51764822,2026-07-29T18:04:35Z
wdi2-2019-2021-372906f371e0391f,KOR,KR,KOR,"Korea, Rep.",ISO-3166-1,economy,False,matched_iso,SP.POP.TOTL,"Population, total",people,2,World Development Indicators,2020,51836239,2026-07-13,\N,0,51836239,2026-07-29T18:04:35Z
wdi2-2019-2021-372906f371e0391f,KOR,KR,KOR,"Korea, Rep.",ISO-3166-1,economy,False,matched_iso,SP.POP.TOTL,"Population, total",people,2,World Development Indicators,2021,51769539,2026-07-13,\N,0,51769539,2026-07-29T18:04:35Z
wdi2-2019-2021-372906f371e0391f,KWT,KW,KWT,Kuwait,ISO-3166-1,economy,False,matched_iso,EN.POP.DNST,Population density (people per sq. km of land area),people per sq. km of land area,2,World Development Indicators,2019,249.288215488,2026-07-13,\N,0,249.288215488215,2026-07-29T18:04:35Z
wdi2-2019-2021-372906f371e0391f,KWT,KW,KWT,Kuwait,ISO-3166-1,economy,False,matched_iso,EN.POP.DNST,Population density (people per sq. km of land area),people per sq. km of land area,2,World Development Indicators,2020,246.928563412,2026-07-13,\N,0,246.928563411897,2026-07-29T18:04:35Z
wdi2-2019-2021-372906f371e0391f,KWT,KW,KWT,Kuwait,ISO-3166-1,economy,False,matched_iso,EN.POP.DNST,Population density (people per sq. km of land area),people per sq. km of land area,2,World Development Indicators,2021,244.717452301,2026-07-13,\N,0,244.717452300786,2026-07-29T18:04:35Z
wdi2-2019-2021-372906f371e0391f,KWT,KW,KWT,Kuwait,ISO-3166-1,economy,False,matched_iso,NY.GDP.PCAP.KD,GDP per capita (constant 2015 US$),constant 2015 US$,2,World Development Indicators,2019,26580.226474161,2026-07-13,\N,1,26580.2264741607,2026-07-29T18:04:35Z
wdi2-2019-2021-372906f371e0391f,KWT,KW,KWT,Kuwait,ISO-3166-1,economy,False,matched_iso,NY.GDP.PCAP.KD,GDP per capita (constant 2015 US$),constant 2015 US$,2,World Development Indicators,2020,25541.537898791,2026-07-13,\N,1,25541.5378987908,2026-07-29T18:04:35Z
wdi2-2019-2021-372906f371e0391f,KWT,KW,KWT,Kuwait,ISO-3166-1,economy,False,matched_iso,NY.GDP.PCAP.KD,GDP per capita (constant 2015 US$),constant 2015 US$,2,World Development Indicators,2021,26203.261725786,2026-07-13,\N,1,26203.2617257856,2026-07-29T18:04:35Z
wdi2-2019-2021-372906f371e0391f,KWT,KW,KWT,Kuwait,ISO-3166-1,economy,False,matched_iso,SH.XPD.CHEX.PP.CD,"Current health expenditure per capita, PPP (current international $)",current international $,2,World Development Indicators,2019,2627.531375826,2026-07-13,\N,2,2627.53137582571,2026-07-29T18:04:35Z
wdi2-2019-2021-372906f371e0391f,KWT,KW,KWT,Kuwait,ISO-3166-1,economy,False,matched_iso,SH.XPD.CHEX.PP.CD,"Current health expenditure per capita, PPP (current international $)",current international $,2,World Development Indicators,2020,2534.622024435,2026-07-13,\N,2,2534.62202443459,2026-07-29T18:04:35Z
wdi2-2019-2021-372906f371e0391f,KWT,KW,KWT,Kuwait,ISO-3166-1,economy,False,matched_iso,SH.XPD.CHEX.PP.CD,"Current health expenditure per capita, PPP (current international $)",current international $,2,World Development Indicators,2021,2717.955130455,2026-07-13,\N,2,2717.95513045484,2026-07-29T18:04:35Z
wdi2-2019-2021-372906f371e0391f,KWT,KW,KWT,Kuwait,ISO-3166-1,economy,False,matched_iso,SP.POP.65UP.TO.ZS,Population ages 65 and above (% of total population),% of total population,2,World Development Indicators,2019,3.603613845,2026-07-13,\N,0,3.60361384527711,2026-07-29T18:04:35Z
wdi2-2019-2021-372906f371e0391f,KWT,KW,KWT,Kuwait,ISO-3166-1,economy,False,matched_iso,SP.POP.65UP.TO.ZS,Population ages 65 and above (% of total population),% of total population,2,World Development Indicators,2020,3.99581241,2026-07-13,\N,0,3.99581240977568,2026-07-29T18:04:35Z
wdi2-2019-2021-372906f371e0391f,KWT,KW,KWT,Kuwait,ISO-3166-1,economy,False,matched_iso,SP.POP.65UP.TO.ZS,Population ages 65 and above (% of total population),% of total population,2,World Development Indicators,2021,3.423305417,2026-07-13,\N,0,3.42330541720944,2026-07-29T18:04:35Z
wdi2-2019-2021-372906f371e0391f,KWT,KW,KWT,Kuwait,ISO-3166-1,economy,False,matched_iso,SP.POP.TOTL,"Population, total",people,2,World Development Indicators,2019,4442316,2026-07-13,\N,0,4442316,2026-07-29T18:04:35Z
wdi2-2019-2021-372906f371e0391f,KWT,KW,KWT,Kuwait,ISO-3166-1,economy,False,matched_iso,SP.POP.TOTL,"Population, total",people,2,World Development Indicators,2020,4400267,2026-07-13,\N,0,4400267,2026-07-29T18:04:35Z
wdi2-2019-2021-372906f371e0391f,KWT,KW,KWT,Kuwait,ISO-3166-1,economy,False,matched_iso,SP.POP.TOTL,"Population, total",people,2,World Development Indicators,2021,4360865,2026-07-13,\N,0,4360865,2026-07-29T18:04:35Z
wdi2-2019-2021-372906f371e0391f,LAO,LA,LAO,Lao PDR,ISO-3166-1,economy,False,matched_iso,EN.POP.DNST,Population density (people per sq. km of land area),people per sq. km of land area,2,World Development Indicators,2019,31.358908146,2026-07-13,\N,0,31.3589081455806,2026-07-29T18:04:35Z
wdi2-2019-2021-372906f371e0391f,LAO,LA,LAO,Lao PDR,ISO-3166-1,economy,False,matched_iso,EN.POP.DNST,Population density (people per sq. km of land area),people per sq. km of land area,2,World Development Indicators,2020,31.830732236,2026-07-13,\N,0,31.8307322357019,2026-07-29T18:04:35Z
wdi2-2019-2021-372906f371e0391f,LAO,LA,LAO,Lao PDR,ISO-3166-1,economy,False,matched_iso,EN.POP.DNST,Population density (people per sq. km of land area),people per sq. km of land area,2,World Development Indicators,2021,32.292868284,2026-07-13,\N,0,32.2928682842288,2026-07-29T18:04:35Z
wdi2-2019-2021-372906f371e0391f,LAO,LA,LAO,Lao PDR,ISO-3166-1,economy,False,matched_iso,NY.GDP.PCAP.KD,GDP per capita (constant 2015 US$),constant 2015 US$,2,World Development Indicators,2019,2554.956380192,2026-07-13,\N,1,2554.95638019245,2026-07-29T18:04:35Z
wdi2-2019-2021-372906f371e0391f,LAO,LA,LAO,Lao PDR,ISO-3166-1,economy,False,matched_iso,NY.GDP.PCAP.KD,GDP per capita (constant 2015 US$),constant 2015 US$,2,World Development Indicators,2020,2529.746226988,2026-07-13,\N,1,2529.74622698761,2026-07-29T18:04:35Z
wdi2-2019-2021-372906f371e0391f,LAO,LA,LAO,Lao PDR,ISO-3166-1,economy,False,matched_iso,NY.GDP.PCAP.KD,GDP per capita (constant 2015 US$),constant 2015 US$,2,World Development Indicators,2021,2556.589126404,2026-07-13,\N,1,2556.58912640405,2026-07-29T18:04:35Z
wdi2-2019-2021-372906f371e0391f,LAO,LA,LAO,Lao PDR,ISO-3166-1,economy,False,matched_iso,SH.XPD.CHEX.PP.CD,"Current health expenditure per capita, PPP (current international $)",current international $,2,World Development Indicators,2019,202.090167289,2026-07-13,\N,2,202.090167288715,2026-07-29T18:04:35Z
wdi2-2019-2021-372906f371e0391f,LAO,LA,LAO,Lao PDR,ISO-3166-1,economy,False,matched_iso,SH.XPD.CHEX.PP.CD,"Current health expenditure per capita, PPP (current international $)",current international $,2,World Development Indicators,2020,159.156730844,2026-07-13,\N,2,159.156730844236,2026-07-29T18:04:35Z
wdi2-2019-2021-372906f371e0391f,LAO,LA,LAO,Lao PDR,ISO-3166-1,economy,False,matched_iso,SH.XPD.CHEX.PP.CD,"Current health expenditure per capita, PPP (current international $)",current international $,2,World Development Indicators,2021,219.494773994,2026-07-13,\N,2,219.494773993884,2026-07-29T18:04:35Z
wdi2-2019-2021-372906f371e0391f,LAO,LA,LAO,Lao PDR,ISO-3166-1,economy,False,matched_iso,SP.POP.65UP.TO.ZS,Population ages 65 and above (% of total population),% of total population,2,World Development Indicators,2019,4.17749001,2026-07-13,\N,0,4.17749001037701,2026-07-29T18:04:35Z
wdi2-2019-2021-372906f371e0391f,LAO,LA,LAO,Lao PDR,ISO-3166-1,economy,False,matched_iso,SP.POP.65UP.TO.ZS,Population ages 65 and above (% of total population),% of total population,2,World Development Indicators,2020,4.241518022,2026-07-13,\N,0,4.24151802227786,2026-07-29T18:04:35Z
wdi2-2019-2021-372906f371e0391f,LAO,LA,LAO,Lao PDR,ISO-3166-1,economy,False,matched_iso,SP.POP.65UP.TO.ZS,Population ages 65 and above (% of total population),% of total population,2,World Development Indicators,2021,4.31806849,2026-07-13,\N,0,4.31806848970176,2026-07-29T18:04:35Z
wdi2-2019-2021-372906f371e0391f,LAO,LA,LAO,Lao PDR,ISO-3166-1,economy,False,matched_iso,SP.POP.TOTL,"Population, total",people,2,World Development Indicators,2019,7237636,2026-07-13,\N,0,7237636,2026-07-29T18:04:35Z
wdi2-2019-2021-372906f371e0391f,LAO,LA,LAO,Lao PDR,ISO-3166-1,economy,False,matched_iso,SP.POP.TOTL,"Population, total",people,2,World Development Indicators,2020,7346533,2026-07-13,\N,0,7346533,2026-07-29T18:04:35Z
wdi2-2019-2021-372906f371e0391f,LAO,LA,LAO,Lao PDR,ISO-3166-1,economy,False,matched_iso,SP.POP.TOTL,"Population, total",people,2,World Development Indicators,2021,7453194,2026-07-13,\N,0,7453194,2026-07-29T18:04:35Z
wdi2-2019-2021-372906f371e0391f,LBN,LB,LBN,Lebanon,ISO-3166-1,economy,False,matched_iso,EN.POP.DNST,Population density (people per sq. km of land area),people per sq. km of land area,2,World Development Indicators,2019,566.431476051,2026-07-13,\N,0,566.431476050831,2026-07-29T18:04:35Z
wdi2-2019-2021-372906f371e0391f,LBN,LB,LBN,Lebanon,ISO-3166-1,economy,False,matched_iso,EN.POP.DNST,Population density (people per sq. km of land area),people per sq. km of land area,2,World Development Indicators,2020,557.419159335,2026-07-13,\N,0,557.419159335288,2026-07-29T18:04:35Z
wdi2-2019-2021-372906f371e0391f,LBN,LB,LBN,Lebanon,ISO-3166-1,economy,False,matched_iso,EN.POP.DNST,Population density (people per sq. km of land area),people per sq. km of land area,2,World Development Indicators,2021,558.956207234,2026-07-13,\N,0,558.956207233627,2026-07-29T18:04:35Z
wdi2-2019-2021-372906f371e0391f,LBN,LB,LBN,Lebanon,ISO-3166-1,economy,False,matched_iso,NY.GDP.PCAP.KD,GDP per capita (constant 2015 US$),constant 2015 US$,2,World Development Indicators,2019,8064.048734162,2026-07-13,\N,1,8064.04873416236,2026-07-29T18:04:35Z
wdi2-2019-2021-372906f371e0391f,LBN,LB,LBN,Lebanon,ISO-3166-1,economy,False,matched_iso,NY.GDP.PCAP.KD,GDP per capita (constant 2015 US$),constant 2015 US$,2,World Development Indicators,2020,6440.828430929,2026-07-13,\N,1,6440.82843092922,2026-07-29T18:04:35Z
wdi2-2019-2021-372906f371e0391f,LBN,LB,LBN,Lebanon,ISO-3166-1,economy,False,matched_iso,NY.GDP.PCAP.KD,GDP per capita (constant 2015 US$),constant 2015 US$,2,World Development Indicators,2021,5973.41933893,2026-07-13,\N,1,5973.41933892988,2026-07-29T18:04:35Z
wdi2-2019-2021-372906f371e0391f,LBN,LB,LBN,Lebanon,ISO-3166-1,economy,False,matched_iso,SH.XPD.CHEX.PP.CD,"Current health expenditure per capita, PPP (current international $)",current international $,2,World Development Indicators,2019,1887.445896645,2026-07-13,\N,2,1887.44589664451,2026-07-29T18:04:35Z
wdi2-2019-2021-372906f371e0391f,LBN,LB,LBN,Lebanon,ISO-3166-1,economy,False,matched_iso,SH.XPD.CHEX.PP.CD,"Current health expenditure per capita, PPP (current international $)",current international $,2,World Development Indicators,2020,1008.039189446,2026-07-13,\N,2,1008.03918944587,2026-07-29T18:04:35Z
wdi2-2019-2021-372906f371e0391f,LBN,LB,LBN,Lebanon,ISO-3166-1,economy,False,matched_iso,SH.XPD.CHEX.PP.CD,"Current health expenditure per capita, PPP (current international $)",current international $,2,World Development Indicators,2021,460.948680112,2026-07-13,\N,2,460.948680112214,2026-07-29T18:04:35Z
wdi2-2019-2021-372906f371e0391f,LBN,LB,LBN,Lebanon,ISO-3166-1,economy,False,matched_iso,SP.POP.65UP.TO.ZS,Population ages 65 and above (% of total population),% of total population,2,World Development Indicators,2019,8.779709157,2026-07-13,\N,0,8.77970915650001,2026-07-29T18:04:35Z
wdi2-2019-2021-372906f371e0391f,LBN,LB,LBN,Lebanon,ISO-3166-1,economy,False,matched_iso,SP.POP.65UP.TO.ZS,Population ages 65 and above (% of total population),% of total population,2,World Development Indicators,2020,9.123706301,2026-07-13,\N,0,9.12370630072702,2026-07-29T18:04:35Z
wdi2-2019-2021-372906f371e0391f,LBN,LB,LBN,Lebanon,ISO-3166-1,economy,False,matched_iso,SP.POP.65UP.TO.ZS,Population ages 65 and above (% of total population),% of total population,2,World Development Indicators,2021,9.304471757,2026-07-13,\N,0,9.3044717570272,2026-07-29T18:04:35Z
wdi2-2019-2021-372906f371e0391f,LBN,LB,LBN,Lebanon,ISO-3166-1,economy,False,matched_iso,SP.POP.TOTL,"Population, total",people,2,World Development Indicators,2019,5794594,2026-07-13,\N,0,5794594,2026-07-29T18:04:35Z
wdi2-2019-2021-372906f371e0391f,LBN,LB,LBN,Lebanon,ISO-3166-1,economy,False,matched_iso,SP.POP.TOTL,"Population, total",people,2,World Development Indicators,2020,5702398,2026-07-13,\N,0,5702398,2026-07-29T18:04:35Z
wdi2-2019-2021-372906f371e0391f,LBN,LB,LBN,Lebanon,ISO-3166-1,economy,False,matched_iso,SP.POP.TOTL,"Population, total",people,2,World Development Indicators,2021,5718122,2026-07-13,\N,0,5718122,2026-07-29T18:04:35Z
wdi2-2019-2021-372906f371e0391f,LBR,LR,LBR,Liberia,ISO-3166-1,economy,False,matched_iso,EN.POP.DNST,Population density (people per sq. km of land area),people per sq. km of land area,2,World Development Indicators,2019,52.36421304,2026-07-13,\N,0,52.3642130398671,2026-07-29T18:04:35Z
wdi2-2019-2021-372906f371e0391f,LBR,LR,LBR,Liberia,ISO-3166-1,economy,False,matched_iso,EN.POP.DNST,Population density (people per sq. km of land area),people per sq. km of land area,2,World Development Indicators,2020,53.462032807,2026-07-13,\N,0,53.462032807309,2026-07-29T18:04:35Z
wdi2-2019-2021-372906f371e0391f,LBR,LR,LBR,Liberia,ISO-3166-1,economy,False,matched_iso,EN.POP.DNST,Population density (people per sq. km of land area),people per sq. km of land area,2,World Development Indicators,2021,54.602605897,2026-07-13,\N,0,54.60260589701,2026-07-29T18:04:35Z
wdi2-2019-2021-372906f371e0391f,LBR,LR,LBR,Liberia,ISO-3166-1,economy,False,matched_iso,NY.GDP.PCAP.KD,GDP per capita (constant 2015 US$),constant 2015 US$,2,World Development Indicators,2019,636.699384825,2026-07-13,\N,1,636.699384824869,2026-07-29T18:04:35Z
wdi2-2019-2021-372906f371e0391f,LBR,LR,LBR,Liberia,ISO-3166-1,economy,False,matched_iso,NY.GDP.PCAP.KD,GDP per capita (constant 2015 US$),constant 2015 US$,2,World Development Indicators,2020,605.025475431,2026-07-13,\N,1,605.025475431411,2026-07-29T18:04:35Z
wdi2-2019-2021-372906f371e0391f,LBR,LR,LBR,Liberia,ISO-3166-1,economy,False,matched_iso,NY.GDP.PCAP.KD,GDP per capita (constant 2015 US$),constant 2015 US$,2,World Development Indicators,2021,621.927983063,2026-07-13,\N,1,621.927983063426,2026-07-29T18:04:35Z
wdi2-2019-2021-372906f371e0391f,LBR,LR,LBR,Liberia,ISO-3166-1,economy,False,matched_iso,SH.XPD.CHEX.PP.CD,"Current health expenditure per capita, PPP (current international $)",current international $,2,World Development Indicators,2019,147.957332869,2026-07-13,\N,2,147.957332868758,2026-07-29T18:04:35Z
wdi2-2019-2021-372906f371e0391f,LBR,LR,LBR,Liberia,ISO-3166-1,economy,False,matched_iso,SH.XPD.CHEX.PP.CD,"Current health expenditure per capita, PPP (current international $)",current international $,2,World Development Indicators,2020,204.597033554,2026-07-13,\N,2,204.597033553926,2026-07-29T18:04:35Z
wdi2-2019-2021-372906f371e0391f,LBR,LR,LBR,Liberia,ISO-3166-1,economy,False,matched_iso,SH.XPD.CHEX.PP.CD,"Current health expenditure per capita, PPP (current international $)",current international $,2,World Development Indicators,2021,204.029204799,2026-07-13,\N,2,204.029204799176,2026-07-29T18:04:35Z
wdi2-2019-2021-372906f371e0391f,LBR,LR,LBR,Liberia,ISO-3166-1,economy,False,matched_iso,SP.POP.65UP.TO.ZS,Population ages 65 and above (% of total population),% of total population,2,World Development Indicators,2019,3.2101303,2026-07-13,\N,0,3.21013029964686,2026-07-29T18:04:35Z
wdi2-2019-2021-372906f371e0391f,LBR,LR,LBR,Liberia,ISO-3166-1,economy,False,matched_iso,SP.POP.65UP.TO.ZS,Population ages 65 and above (% of total population),% of total population,2,World Development Indicators,2020,3.221355001,2026-07-13,\N,0,3.22135500135111,2026-07-29T18:04:35Z
wdi2-2019-2021-372906f371e0391f,LBR,LR,LBR,Liberia,ISO-3166-1,economy,False,matched_iso,SP.POP.65UP.TO.ZS,Population ages 65 and above (% of total population),% of total population,2,World Development Indicators,2021,3.232906593,2026-07-13,\N,0,3.23290659273066,2026-07-29T18:04:35Z
wdi2-2019-2021-372906f371e0391f,LBR,LR,LBR,Liberia,ISO-3166-1,economy,False,matched_iso,SP.POP.TOTL,"Population, total",people,2,World Development Indicators,2019,5043721,2026-07-13,\N,0,5043721,2026-07-29T18:04:35Z
wdi2-2019-2021-372906f371e0391f,LBR,LR,LBR,Liberia,ISO-3166-1,economy,False,matched_iso,SP.POP.TOTL,"Population, total",people,2,World Development Indicators,2020,5149463,2026-07-13,\N,0,5149463,2026-07-29T18:04:35Z
wdi2-2019-2021-372906f371e0391f,LBR,LR,LBR,Liberia,ISO-3166-1,economy,False,matched_iso,SP.POP.TOTL,"Population, total",people,2,World Development Indicators,2021,5259323,2026-07-13,\N,0,5259323,2026-07-29T18:04:35Z
wdi2-2019-2021-372906f371e0391f,LBY,LY,LBY,Libya,ISO-3166-1,economy,False,matched_iso,EN.POP.DNST,Population density (people per sq. km of land area),people per sq. km of land area,2,World Development Indicators,2019,3.950483081,2026-07-13,\N,0,3.95048308080521,2026-07-29T18:04:35Z
wdi2-2019-2021-372906f371e0391f,LBY,LY,LBY,Libya,ISO-3166-1,economy,False,matched_iso,EN.POP.DNST,Population density (people per sq. km of land area),people per sq. km of land area,2,World Development Indicators,2020,4.004114143,2026-07-13,\N,0,4.00411414346932,2026-07-29T18:04:35Z
wdi2-2019-2021-372906f371e0391f,LBY,LY,LBY,Libya,ISO-3166-1,economy,False,matched_iso,EN.POP.DNST,Population density (people per sq. km of land area),people per sq. km of land area,2,World Development Indicators,2021,4.05513657,2026-07-13,\N,0,4.05513656978528,2026-07-29T18:04:35Z
wdi2-2019-2021-372906f371e0391f,LBY,LY,LBY,Libya,ISO-3166-1,economy,False,matched_iso,NY.GDP.PCAP.KD,GDP per capita (constant 2015 US$),constant 2015 US$,2,World Development Indicators,2019,8768.410487459,2026-07-13,\N,1,8768.4104874586,2026-07-29T18:04:35Z
wdi2-2019-2021-372906f371e0391f,LBY,LY,LBY,Libya,ISO-3166-1,economy,False,matched_iso,NY.GDP.PCAP.KD,GDP per capita (constant 2015 US$),constant 2015 US$,2,World Development Indicators,2020,6102.798640325,2026-07-13,\N,1,6102.79864032512,2026-07-29T18:04:35Z
wdi2-2019-2021-372906f371e0391f,LBY,LY,LBY,Libya,ISO-3166-1,economy,False,matched_iso,NY.GDP.PCAP.KD,GDP per capita (constant 2015 US$),constant 2015 US$,2,World Development Indicators,2021,7731.354481526,2026-07-13,\N,1,7731.35448152581,2026-07-29T18:04:35Z
wdi2-2019-2021-372906f371e0391f,LBY,LY,LBY,Libya,ISO-3166-1,economy,False,matched_iso,SH.XPD.CHEX.PP.CD,"Current health expenditure per capita, PPP (current international $)",current international $,2,World Development Indicators,2019,898.406175017,2026-07-13,\N,2,898.406175017023,2026-07-29T18:04:35Z
wdi2-2019-2021-372906f371e0391f,LBY,LY,LBY,Libya,ISO-3166-1,economy,False,matched_iso,SH.XPD.CHEX.PP.CD,"Current health expenditure per capita, PPP (current international $)",current international $,2,World Development Indicators,2020,778.529187251,2026-07-13,\N,2,778.5291872509,2026-07-29T18:04:35Z
wdi2-2019-2021-372906f371e0391f,LBY,LY,LBY,Libya,ISO-3166-1,economy,False,matched_iso,SH.XPD.CHEX.PP.CD,"Current health expenditure per capita, PPP (current international $)",current international $,2,World Development Indicators,2021,765.389625764,2026-07-13,\N,2,765.389625763618,2026-07-29T18:04:35Z
wdi2-2019-2021-372906f371e0391f,LBY,LY,LBY,Libya,ISO-3166-1,economy,False,matched_iso,SP.POP.65UP.TO.ZS,Population ages 65 and above (% of total population),% of total population,2,World Development Indicators,2019,4.625025131,2026-07-13,\N,0,4.62502513115857,2026-07-29T18:04:35Z
wdi2-2019-2021-372906f371e0391f,LBY,LY,LBY,Libya,ISO-3166-1,economy,False,matched_iso,SP.POP.65UP.TO.ZS,Population ages 65 and above (% of total population),% of total population,2,World Development Indicators,2020,4.646472116,2026-07-13,\N,0,4.64647211605759,2026-07-29T18:04:35Z
wdi2-2019-2021-372906f371e0391f,LBY,LY,LBY,Libya,ISO-3166-1,economy,False,matched_iso,SP.POP.65UP.TO.ZS,Population ages 65 and above (% of total population),% of total population,2,World Development Indicators,2021,4.672197949,2026-07-13,\N,0,4.67219794889404,2026-07-29T18:04:35Z
wdi2-2019-2021-372906f371e0391f,LBY,LY,LBY,Libya,ISO-3166-1,economy,False,matched_iso,SP.POP.TOTL,"Population, total",people,2,World Development Indicators,2019,6951033,2026-07-13,\N,0,6951033,2026-07-29T18:04:35Z
wdi2-2019-2021-372906f371e0391f,LBY,LY,LBY,Libya,ISO-3166-1,economy,False,matched_iso,SP.POP.TOTL,"Population, total",people,2,World Development Indicators,2020,7045399,2026-07-13,\N,0,7045399,2026-07-29T18:04:35Z
wdi2-2019-2021-372906f371e0391f,LBY,LY,LBY,Libya,ISO-3166-1,economy,False,matched_iso,SP.POP.TOTL,"Population, total",people,2,World Development Indicators,2021,7135175,2026-07-13,\N,0,7135175,2026-07-29T18:04:35Z
wdi2-2019-2021-372906f371e0391f,LCA,LC,LCA,St. Lucia,ISO-3166-1,economy,False,matched_iso,EN.POP.DNST,Population density (people per sq. km of land area),people per sq. km of land area,2,World Development Indicators,2019,291.247540984,2026-07-13,\N,0,291.247540983607,2026-07-29T18:04:35Z
wdi2-2019-2021-372906f371e0391f,LCA,LC,LCA,St. Lucia,ISO-3166-1,economy,False,matched_iso,EN.POP.DNST,Population density (people per sq. km of land area),people per sq. km of land area,2,World Development Indicators,2020,292.213114754,2026-07-13,\N,0,292.213114754098,2026-07-29T18:04:35Z
wdi2-2019-2021-372906f371e0391f,LCA,LC,LCA,St. Lucia,ISO-3166-1,economy,False,matched_iso,EN.POP.DNST,Population density (people per sq. km of land area),people per sq. km of land area,2,World Development Indicators,2021,292.659016393,2026-07-13,\N,0,292.659016393443,2026-07-29T18:04:35Z
wdi2-2019-2021-372906f371e0391f,LCA,LC,LCA,St. Lucia,ISO-3166-1,economy,False,matched_iso,NY.GDP.PCAP.KD,GDP per capita (constant 2015 US$),constant 2015 US$,2,World Development Indicators,2019,11077.947982381,2026-07-13,\N,1,11077.9479823807,2026-07-29T18:04:35Z
wdi2-2019-2021-372906f371e0391f,LCA,LC,LCA,St. Lucia,ISO-3166-1,economy,False,matched_iso,NY.GDP.PCAP.KD,GDP per capita (constant 2015 US$),constant 2015 US$,2,World Development Indicators,2020,8512.818398735,2026-07-13,\N,1,8512.8183987353,2026-07-29T18:04:35Z
wdi2-2019-2021-372906f371e0391f,LCA,LC,LCA,St. Lucia,ISO-3166-1,economy,False,matched_iso,NY.GDP.PCAP.KD,GDP per capita (constant 2015 US$),constant 2015 US$,2,World Development Indicators,2021,9447.300592446,2026-07-13,\N,1,9447.30059244639,2026-07-29T18:04:35Z
wdi2-2019-2021-372906f371e0391f,LCA,LC,LCA,St. Lucia,ISO-3166-1,economy,False,matched_iso,SH.XPD.CHEX.PP.CD,"Current health expenditure per capita, PPP (current international $)",current international $,2,World Development Indicators,2019,802.761281909,2026-07-13,\N,2,802.761281908728,2026-07-29T18:04:35Z
wdi2-2019-2021-372906f371e0391f,LCA,LC,LCA,St. Lucia,ISO-3166-1,economy,False,matched_iso,SH.XPD.CHEX.PP.CD,"Current health expenditure per capita, PPP (current international $)",current international $,2,World Development Indicators,2020,1045.378929738,2026-07-13,\N,2,1045.37892973769,2026-07-29T18:04:35Z
wdi2-2019-2021-372906f371e0391f,LCA,LC,LCA,St. Lucia,ISO-3166-1,economy,False,matched_iso,SH.XPD.CHEX.PP.CD,"Current health expenditure per capita, PPP (current international $)",current international $,2,World Development Indicators,2021,1196.007231007,2026-07-13,\N,2,1196.00723100696,2026-07-29T18:04:35Z
wdi2-2019-2021-372906f371e0391f,LCA,LC,LCA,St. Lucia,ISO-3166-1,economy,False,matched_iso,SP.POP.65UP.TO.ZS,Population ages 65 and above (% of total population),% of total population,2,World Development Indicators,2019,8.527171053,2026-07-13,\N,0,8.52717105281673,2026-07-29T18:04:35Z
wdi2-2019-2021-372906f371e0391f,LCA,LC,LCA,St. Lucia,ISO-3166-1,economy,False,matched_iso,SP.POP.65UP.TO.ZS,Population ages 65 and above (% of total population),% of total population,2,World Development Indicators,2020,8.70909198,2026-07-13,\N,0,8.70909198010665,2026-07-29T18:04:35Z
wdi2-2019-2021-372906f371e0391f,LCA,LC,LCA,St. Lucia,ISO-3166-1,economy,False,matched_iso,SP.POP.65UP.TO.ZS,Population ages 65 and above (% of total population),% of total population,2,World Development Indicators,2021,8.833365075,2026-07-13,\N,0,8.83336507545289,2026-07-29T18:04:35Z
wdi2-2019-2021-372906f371e0391f,LCA,LC,LCA,St. Lucia,ISO-3166-1,economy,False,matched_iso,SP.POP.TOTL,"Population, total",people,2,World Development Indicators,2019,177661,2026-07-13,\N,0,177661,2026-07-29T18:04:35Z
wdi2-2019-2021-372906f371e0391f,LCA,LC,LCA,St. Lucia,ISO-3166-1,economy,False,matched_iso,SP.POP.TOTL,"Population, total",people,2,World Development Indicators,2020,178250,2026-07-13,\N,0,178250,2026-07-29T18:04:35Z
wdi2-2019-2021-372906f371e0391f,LCA,LC,LCA,St. Lucia,ISO-3166-1,economy,False,matched_iso,SP.POP.TOTL,"Population, total",people,2,World Development Indicators,2021,178522,2026-07-13,\N,0,178522,2026-07-29T18:04:35Z
wdi2-2019-2021-372906f371e0391f,LIE,LI,LIE,Liechtenstein,ISO-3166-1,economy,False,matched_iso,EN.POP.DNST,Population density (people per sq. km of land area),people per sq. km of land area,2,World Development Indicators,2019,241.01875,2026-07-13,\N,0,241.01875,2026-07-29T18:04:35Z
wdi2-2019-2021-372906f371e0391f,LIE,LI,LIE,Liechtenstein,ISO-3166-1,economy,False,matched_iso,EN.POP.DNST,Population density (people per sq. km of land area),people per sq. km of land area,2,World Development Indicators,2020,243.13125,2026-07-13,\N,0,243.13125,2026-07-29T18:04:35Z
wdi2-2019-2021-372906f371e0391f,LIE,LI,LIE,Liechtenstein,ISO-3166-1,economy,False,matched_iso,EN.POP.DNST,Population density (people per sq. km of land area),people per sq. km of land area,2,World Development Indicators,2021,244.8875,2026-07-13,\N,0,244.8875,2026-07-29T18:04:35Z
wdi2-2019-2021-372906f371e0391f,LIE,LI,LIE,Liechtenstein,ISO-3166-1,economy,False,matched_iso,NY.GDP.PCAP.KD,GDP per capita (constant 2015 US$),constant 2015 US$,2,World Development Indicators,2019,\N,2026-07-13,\N,1,\N,2026-07-29T18:04:35Z
wdi2-2019-2021-372906f371e0391f,LIE,LI,LIE,Liechtenstein,ISO-3166-1,economy,False,matched_iso,NY.GDP.PCAP.KD,GDP per capita (constant 2015 US$),constant 2015 US$,2,World Development Indicators,2020,\N,2026-07-13,\N,1,\N,2026-07-29T18:04:35Z
wdi2-2019-2021-372906f371e0391f,LIE,LI,LIE,Liechtenstein,ISO-3166-1,economy,False,matched_iso,NY.GDP.PCAP.KD,GDP per capita (constant 2015 US$),constant 2015 US$,2,World Development Indicators,2021,\N,2026-07-13,\N,1,\N,2026-07-29T18:04:35Z
wdi2-2019-2021-372906f371e0391f,LIE,LI,LIE,Liechtenstein,ISO-3166-1,economy,False,matched_iso,SH.XPD.CHEX.PP.CD,"Current health expenditure per capita, PPP (current international $)",current international $,2,World Development Indicators,2019,8282.419983494,2026-07-13,\N,2,8282.4199834937,2026-07-29T18:04:35Z
wdi2-2019-2021-372906f371e0391f,LIE,LI,LIE,Liechtenstein,ISO-3166-1,economy,False,matched_iso,SH.XPD.CHEX.PP.CD,"Current health expenditure per capita, PPP (current international $)",current international $,2,World Development Indicators,2020,8647.732059625,2026-07-13,\N,2,8647.73205962546,2026-07-29T18:04:35Z
wdi2-2019-2021-372906f371e0391f,LIE,LI,LIE,Liechtenstein,ISO-3166-1,economy,False,matched_iso,SH.XPD.CHEX.PP.CD,"Current health expenditure per capita, PPP (current international $)",current international $,2,World Development Indicators,2021,8030.541270534,2026-07-13,\N,2,8030.54127053368,2026-07-29T18:04:35Z
wdi2-2019-2021-372906f371e0391f,LIE,LI,LIE,Liechtenstein,ISO-3166-1,economy,False,matched_iso,SP.POP.65UP.TO.ZS,Population ages 65 and above (% of total population),% of total population,2,World Development Indicators,2019,18.279136316,2026-07-13,\N,0,18.2791363163372,2026-07-29T18:04:35Z
wdi2-2019-2021-372906f371e0391f,LIE,LI,LIE,Liechtenstein,ISO-3166-1,economy,False,matched_iso,SP.POP.65UP.TO.ZS,Population ages 65 and above (% of total population),% of total population,2,World Development Indicators,2020,18.655041659,2026-07-13,\N,0,18.6550416591431,2026-07-29T18:04:35Z
wdi2-2019-2021-372906f371e0391f,LIE,LI,LIE,Liechtenstein,ISO-3166-1,economy,False,matched_iso,SP.POP.65UP.TO.ZS,Population ages 65 and above (% of total population),% of total population,2,World Development Indicators,2021,19.079756173,2026-07-13,\N,0,19.0797561725233,2026-07-29T18:04:35Z
wdi2-2019-2021-372906f371e0391f,LIE,LI,LIE,Liechtenstein,ISO-3166-1,economy,False,matched_iso,SP.POP.TOTL,"Population, total",people,2,World Development Indicators,2019,38563,2026-07-13,\N,0,38563,2026-07-29T18:04:35Z
wdi2-2019-2021-372906f371e0391f,LIE,LI,LIE,Liechtenstein,ISO-3166-1,economy,False,matched_iso,SP.POP.TOTL,"Population, total",people,2,World Development Indicators,2020,38901,2026-07-13,\N,0,38901,2026-07-29T18:04:35Z
wdi2-2019-2021-372906f371e0391f,LIE,LI,LIE,Liechtenstein,ISO-3166-1,economy,False,matched_iso,SP.POP.TOTL,"Population, total",people,2,World Development Indicators,2021,39182,2026-07-13,\N,0,39182,2026-07-29T18:04:35Z
wdi2-2019-2021-372906f371e0391f,LKA,LK,LKA,Sri Lanka,ISO-3166-1,economy,False,matched_iso,EN.POP.DNST,Population density (people per sq. km of land area),people per sq. km of land area,2,World Development Indicators,2019,352.431694638,2026-07-13,\N,0,352.431694638296,2026-07-29T18:04:35Z
wdi2-2019-2021-372906f371e0391f,LKA,LK,LKA,Sri Lanka,ISO-3166-1,economy,False,matched_iso,EN.POP.DNST,Population density (people per sq. km of land area),people per sq. km of land area,2,World Development Indicators,2020,354.332363401,2026-07-13,\N,0,354.332363401229,2026-07-29T18:04:35Z
wdi2-2019-2021-372906f371e0391f,LKA,LK,LKA,Sri Lanka,ISO-3166-1,economy,False,matched_iso,EN.POP.DNST,Population density (people per sq. km of land area),people per sq. km of land area,2,World Development Indicators,2021,358.163595215,2026-07-13,\N,0,358.163595215002,2026-07-29T18:04:35Z
wdi2-2019-2021-372906f371e0391f,LKA,LK,LKA,Sri Lanka,ISO-3166-1,economy,False,matched_iso,NY.GDP.PCAP.KD,GDP per capita (constant 2015 US$),constant 2015 US$,2,World Development Indicators,2019,4455.781887881,2026-07-13,\N,1,4455.78188788143,2026-07-29T18:04:35Z
wdi2-2019-2021-372906f371e0391f,LKA,LK,LKA,Sri Lanka,ISO-3166-1,economy,False,matched_iso,NY.GDP.PCAP.KD,GDP per capita (constant 2015 US$),constant 2015 US$,2,World Development Indicators,2020,4227.233145302,2026-07-13,\N,1,4227.23314530167,2026-07-29T18:04:35Z
wdi2-2019-2021-372906f371e0391f,LKA,LK,LKA,Sri Lanka,ISO-3166-1,economy,False,matched_iso,NY.GDP.PCAP.KD,GDP per capita (constant 2015 US$),constant 2015 US$,2,World Development Indicators,2021,4357.972249786,2026-07-13,\N,1,4357.97224978578,2026-07-29T18:04:35Z
wdi2-2019-2021-372906f371e0391f,LKA,LK,LKA,Sri Lanka,ISO-3166-1,economy,False,matched_iso,SH.XPD.CHEX.PP.CD,"Current health expenditure per capita, PPP (current international $)",current international $,2,World Development Indicators,2019,508.18712862,2026-07-13,\N,2,508.187128619671,2026-07-29T18:04:35Z
wdi2-2019-2021-372906f371e0391f,LKA,LK,LKA,Sri Lanka,ISO-3166-1,economy,False,matched_iso,SH.XPD.CHEX.PP.CD,"Current health expenditure per capita, PPP (current international $)",current international $,2,World Development Indicators,2020,537.375793066,2026-07-13,\N,2,537.375793065718,2026-07-29T18:04:35Z
wdi2-2019-2021-372906f371e0391f,LKA,LK,LKA,Sri Lanka,ISO-3166-1,economy,False,matched_iso,SH.XPD.CHEX.PP.CD,"Current health expenditure per capita, PPP (current international $)",current international $,2,World Development Indicators,2021,725.787163303,2026-07-13,\N,2,725.787163303289,2026-07-29T18:04:35Z
wdi2-2019-2021-372906f371e0391f,LKA,LK,LKA,Sri Lanka,ISO-3166-1,economy,False,matched_iso,SP.POP.65UP.TO.ZS,Population ages 65 and above (% of total population),% of total population,2,World Development Indicators,2019,10.375460863,2026-07-13,\N,0,10.3754608627101,2026-07-29T18:04:35Z
wdi2-2019-2021-372906f371e0391f,LKA,LK,LKA,Sri Lanka,ISO-3166-1,economy,False,matched_iso,SP.POP.65UP.TO.ZS,Population ages 65 and above (% of total population),% of total population,2,World Development Indicators,2020,10.715710847,2026-07-13,\N,0,10.7157108470966,2026-07-29T18:04:35Z
wdi2-2019-2021-372906f371e0391f,LKA,LK,LKA,Sri Lanka,ISO-3166-1,economy,False,matched_iso,SP.POP.65UP.TO.ZS,Population ages 65 and above (% of total population),% of total population,2,World Development Indicators,2021,11.045644979,2026-07-13,\N,0,11.0456449788576,2026-07-29T18:04:35Z
wdi2-2019-2021-372906f371e0391f,LKA,LK,LKA,Sri Lanka,ISO-3166-1,economy,False,matched_iso,SP.POP.TOTL,"Population, total",people,2,World Development Indicators,2019,21803000,2026-07-13,\N,0,21803000,2026-07-29T18:04:35Z
wdi2-2019-2021-372906f371e0391f,LKA,LK,LKA,Sri Lanka,ISO-3166-1,economy,False,matched_iso,SP.POP.TOTL,"Population, total",people,2,World Development Indicators,2020,21919000,2026-07-13,\N,0,21919000,2026-07-29T18:04:35Z
wdi2-2019-2021-372906f371e0391f,LKA,LK,LKA,Sri Lanka,ISO-3166-1,economy,False,matched_iso,SP.POP.TOTL,"Population, total",people,2,World Development Indicators,2021,22156000,2026-07-13,\N,0,22156000,2026-07-29T18:04:35Z
wdi2-2019-2021-372906f371e0391f,LSO,LS,LSO,Lesotho,ISO-3166-1,economy,False,matched_iso,EN.POP.DNST,Population density (people per sq. km of land area),people per sq. km of land area,2,World Development Indicators,2019,72.773550725,2026-07-13,\N,0,72.7735507246377,2026-07-29T18:04:35Z
wdi2-2019-2021-372906f371e0391f,LSO,LS,LSO,Lesotho,ISO-3166-1,economy,False,matched_iso,EN.POP.DNST,Population density (people per sq. km of land area),people per sq. km of land area,2,World Development Indicators,2020,73.640546772,2026-07-13,\N,0,73.6405467720685,2026-07-29T18:04:35Z
wdi2-2019-2021-372906f371e0391f,LSO,LS,LSO,Lesotho,ISO-3166-1,economy,False,matched_iso,EN.POP.DNST,Population density (people per sq. km of land area),people per sq. km of land area,2,World Development Indicators,2021,74.490843215,2026-07-13,\N,0,74.4908432147563,2026-07-29T18:04:35Z
wdi2-2019-2021-372906f371e0391f,LSO,LS,LSO,Lesotho,ISO-3166-1,economy,False,matched_iso,NY.GDP.PCAP.KD,GDP per capita (constant 2015 US$),constant 2015 US$,2,World Development Indicators,2019,1040.993510141,2026-07-13,\N,1,1040.99351014117,2026-07-29T18:04:35Z
wdi2-2019-2021-372906f371e0391f,LSO,LS,LSO,Lesotho,ISO-3166-1,economy,False,matched_iso,NY.GDP.PCAP.KD,GDP per capita (constant 2015 US$),constant 2015 US$,2,World Development Indicators,2020,944.834128375,2026-07-13,\N,1,944.834128375429,2026-07-29T18:04:35Z
wdi2-2019-2021-372906f371e0391f,LSO,LS,LSO,Lesotho,ISO-3166-1,economy,False,matched_iso,NY.GDP.PCAP.KD,GDP per capita (constant 2015 US$),constant 2015 US$,2,World Development Indicators,2021,955.221236302,2026-07-13,\N,1,955.221236301503,2026-07-29T18:04:35Z
wdi2-2019-2021-372906f371e0391f,LSO,LS,LSO,Lesotho,ISO-3166-1,economy,False,matched_iso,SH.XPD.CHEX.PP.CD,"Current health expenditure per capita, PPP (current international $)",current international $,2,World Development Indicators,2019,560.029550106,2026-07-13,\N,2,560.029550106124,2026-07-29T18:04:35Z
wdi2-2019-2021-372906f371e0391f,LSO,LS,LSO,Lesotho,ISO-3166-1,economy,False,matched_iso,SH.XPD.CHEX.PP.CD,"Current health expenditure per capita, PPP (current international $)",current international $,2,World Development Indicators,2020,269.803471258,2026-07-13,\N,2,269.803471257751,2026-07-29T18:04:35Z
wdi2-2019-2021-372906f371e0391f,LSO,LS,LSO,Lesotho,ISO-3166-1,economy,False,matched_iso,SH.XPD.CHEX.PP.CD,"Current health expenditure per capita, PPP (current international $)",current international $,2,World Development Indicators,2021,276.323284672,2026-07-13,\N,2,276.323284672363,2026-07-29T18:04:35Z
wdi2-2019-2021-372906f371e0391f,LSO,LS,LSO,Lesotho,ISO-3166-1,economy,False,matched_iso,SP.POP.65UP.TO.ZS,Population ages 65 and above (% of total population),% of total population,2,World Development Indicators,2019,3.779817693,2026-07-13,\N,0,3.77981769304005,2026-07-29T18:04:35Z
wdi2-2019-2021-372906f371e0391f,LSO,LS,LSO,Lesotho,ISO-3166-1,economy,False,matched_iso,SP.POP.65UP.TO.ZS,Population ages 65 and above (% of total population),% of total population,2,World Development Indicators,2020,3.788880259,2026-07-13,\N,0,3.78888025883309,2026-07-29T18:04:35Z
wdi2-2019-2021-372906f371e0391f,LSO,LS,LSO,Lesotho,ISO-3166-1,economy,False,matched_iso,SP.POP.65UP.TO.ZS,Population ages 65 and above (% of total population),% of total population,2,World Development Indicators,2021,3.785116527,2026-07-13,\N,0,3.78511652668843,2026-07-29T18:04:35Z
wdi2-2019-2021-372906f371e0391f,LSO,LS,LSO,Lesotho,ISO-3166-1,economy,False,matched_iso,SP.POP.TOTL,"Population, total",people,2,World Development Indicators,2019,2209405,2026-07-13,\N,0,2209405,2026-07-29T18:04:35Z
wdi2-2019-2021-372906f371e0391f,LSO,LS,LSO,Lesotho,ISO-3166-1,economy,False,matched_iso,SP.POP.TOTL,"Population, total",people,2,World Development Indicators,2020,2235727,2026-07-13,\N,0,2235727,2026-07-29T18:04:35Z
wdi2-2019-2021-372906f371e0391f,LSO,LS,LSO,Lesotho,ISO-3166-1,economy,False,matched_iso,SP.POP.TOTL,"Population, total",people,2,World Development Indicators,2021,2261542,2026-07-13,\N,0,2261542,2026-07-29T18:04:35Z
wdi2-2019-2021-372906f371e0391f,LTU,LT,LTU,Lithuania,ISO-3166-1,economy,False,matched_iso,EN.POP.DNST,Population density (people per sq. km of land area),people per sq. km of land area,2,World Development Indicators,2019,44.891232833,2026-07-13,\N,0,44.8912328329607,2026-07-29T18:04:35Z
wdi2-2019-2021-372906f371e0391f,LTU,LT,LTU,Lithuania,ISO-3166-1,economy,False,matched_iso,EN.POP.DNST,Population density (people per sq. km of land area),people per sq. km of land area,2,World Development Indicators,2020,44.879734909,2026-07-13,\N,0,44.8797349089748,2026-07-29T18:04:35Z
wdi2-2019-2021-372906f371e0391f,LTU,LT,LTU,Lithuania,ISO-3166-1,economy,False,matched_iso,EN.POP.DNST,Population density (people per sq. km of land area),people per sq. km of land area,2,World Development Indicators,2021,44.855134962,2026-07-13,\N,0,44.8551349624661,2026-07-29T18:04:35Z
wdi2-2019-2021-372906f371e0391f,LTU,LT,LTU,Lithuania,ISO-3166-1,economy,False,matched_iso,NY.GDP.PCAP.KD,GDP per capita (constant 2015 US$),constant 2015 US$,2,World Development Indicators,2019,17431.723908159,2026-07-13,\N,1,17431.7239081591,2026-07-29T18:04:35Z
wdi2-2019-2021-372906f371e0391f,LTU,LT,LTU,Lithuania,ISO-3166-1,economy,False,matched_iso,NY.GDP.PCAP.KD,GDP per capita (constant 2015 US$),constant 2015 US$,2,World Development Indicators,2020,17443.65526328,2026-07-13,\N,1,17443.65526328,2026-07-29T18:04:35Z
wdi2-2019-2021-372906f371e0391f,LTU,LT,LTU,Lithuania,ISO-3166-1,economy,False,matched_iso,NY.GDP.PCAP.KD,GDP per capita (constant 2015 US$),constant 2015 US$,2,World Development Indicators,2021,18572.289505109,2026-07-13,\N,1,18572.2895051093,2026-07-29T18:04:35Z
wdi2-2019-2021-372906f371e0391f,LTU,LT,LTU,Lithuania,ISO-3166-1,economy,False,matched_iso,SH.XPD.CHEX.PP.CD,"Current health expenditure per capita, PPP (current international $)",current international $,2,World Development Indicators,2019,2815.934143057,2026-07-13,\N,2,2815.93414305712,2026-07-29T18:04:35Z
wdi2-2019-2021-372906f371e0391f,LTU,LT,LTU,Lithuania,ISO-3166-1,economy,False,matched_iso,SH.XPD.CHEX.PP.CD,"Current health expenditure per capita, PPP (current international $)",current international $,2,World Development Indicators,2020,3060.549374961,2026-07-13,\N,2,3060.54937496123,2026-07-29T18:04:35Z
wdi2-2019-2021-372906f371e0391f,LTU,LT,LTU,Lithuania,ISO-3166-1,economy,False,matched_iso,SH.XPD.CHEX.PP.CD,"Current health expenditure per capita, PPP (current international $)",current international $,2,World Development Indicators,2021,3543.986043072,2026-07-13,\N,2,3543.98604307225,2026-07-29T18:04:35Z
wdi2-2019-2021-372906f371e0391f,LTU,LT,LTU,Lithuania,ISO-3166-1,economy,False,matched_iso,SP.POP.65UP.TO.ZS,Population ages 65 and above (% of total population),% of total population,2,World Development Indicators,2019,19.857190799,2026-07-13,\N,0,19.8571907989029,2026-07-29T18:04:35Z
wdi2-2019-2021-372906f371e0391f,LTU,LT,LTU,Lithuania,ISO-3166-1,economy,False,matched_iso,SP.POP.65UP.TO.ZS,Population ages 65 and above (% of total population),% of total population,2,World Development Indicators,2020,19.934153968,2026-07-13,\N,0,19.9341539675463,2026-07-29T18:04:35Z
wdi2-2019-2021-372906f371e0391f,LTU,LT,LTU,Lithuania,ISO-3166-1,economy,False,matched_iso,SP.POP.65UP.TO.ZS,Population ages 65 and above (% of total population),% of total population,2,World Development Indicators,2021,19.946984912,2026-07-13,\N,0,19.9469849122603,2026-07-29T18:04:35Z
wdi2-2019-2021-372906f371e0391f,LTU,LT,LTU,Lithuania,ISO-3166-1,economy,False,matched_iso,SP.POP.TOTL,"Population, total",people,2,World Development Indicators,2019,2811089,2026-07-13,\N,0,2811089,2026-07-29T18:04:35Z
wdi2-2019-2021-372906f371e0391f,LTU,LT,LTU,Lithuania,ISO-3166-1,economy,False,matched_iso,SP.POP.TOTL,"Population, total",people,2,World Development Indicators,2020,2810369,2026-07-13,\N,0,2810369,2026-07-29T18:04:35Z
wdi2-2019-2021-372906f371e0391f,LTU,LT,LTU,Lithuania,ISO-3166-1,economy,False,matched_iso,SP.POP.TOTL,"Population, total",people,2,World Development Indicators,2021,2808380,2026-07-13,\N,0,2808380,2026-07-29T18:04:35Z
wdi2-2019-2021-372906f371e0391f,LUX,LU,LUX,Luxembourg,ISO-3166-1,economy,False,matched_iso,EN.POP.DNST,Population density (people per sq. km of land area),people per sq. km of land area,2,World Development Indicators,2019,240.827591029,2026-07-13,\N,0,240.827591028798,2026-07-29T18:04:35Z
wdi2-2019-2021-372906f371e0391f,LUX,LU,LUX,Luxembourg,ISO-3166-1,economy,False,matched_iso,EN.POP.DNST,Population density (people per sq. km of land area),people per sq. km of land area,2,World Development Indicators,2020,244.874264894,2026-07-13,\N,0,244.874264894386,2026-07-29T18:04:35Z
wdi2-2019-2021-372906f371e0391f,LUX,LU,LUX,Luxembourg,ISO-3166-1,economy,False,matched_iso,EN.POP.DNST,Population density (people per sq. km of land area),people per sq. km of land area,2,World Development Indicators,2021,248.620681619,2026-07-13,\N,0,248.62068161867,2026-07-29T18:04:35Z
wdi2-2019-2021-372906f371e0391f,LUX,LU,LUX,Luxembourg,ISO-3166-1,economy,False,matched_iso,NY.GDP.PCAP.KD,GDP per capita (constant 2015 US$),constant 2015 US$,2,World Development Indicators,2019,107591.899505248,2026-07-13,\N,1,107591.899505248,2026-07-29T18:04:35Z
wdi2-2019-2021-372906f371e0391f,LUX,LU,LUX,Luxembourg,ISO-3166-1,economy,False,matched_iso,NY.GDP.PCAP.KD,GDP per capita (constant 2015 US$),constant 2015 US$,2,World Development Indicators,2020,105274.182260744,2026-07-13,\N,1,105274.182260744,2026-07-29T18:04:35Z
wdi2-2019-2021-372906f371e0391f,LUX,LU,LUX,Luxembourg,ISO-3166-1,economy,False,matched_iso,NY.GDP.PCAP.KD,GDP per capita (constant 2015 US$),constant 2015 US$,2,World Development Indicators,2021,110873.115269021,2026-07-13,\N,1,110873.115269021,2026-07-29T18:04:35Z
wdi2-2019-2021-372906f371e0391f,LUX,LU,LUX,Luxembourg,ISO-3166-1,economy,False,matched_iso,SH.XPD.CHEX.PP.CD,"Current health expenditure per capita, PPP (current international $)",current international $,2,World Development Indicators,2019,6700.669650949,2026-07-13,\N,2,6700.66965094926,2026-07-29T18:04:35Z
wdi2-2019-2021-372906f371e0391f,LUX,LU,LUX,Luxembourg,ISO-3166-1,economy,False,matched_iso,SH.XPD.CHEX.PP.CD,"Current health expenditure per capita, PPP (current international $)",current international $,2,World Development Indicators,2020,7088.203707656,2026-07-13,\N,2,7088.20370765635,2026-07-29T18:04:35Z
wdi2-2019-2021-372906f371e0391f,LUX,LU,LUX,Luxembourg,ISO-3166-1,economy,False,matched_iso,SH.XPD.CHEX.PP.CD,"Current health expenditure per capita, PPP (current international $)",current international $,2,World Development Indicators,2021,7734.739761728,2026-07-13,\N,2,7734.7397617275,2026-07-29T18:04:35Z
wdi2-2019-2021-372906f371e0391f,LUX,LU,LUX,Luxembourg,ISO-3166-1,economy,False,matched_iso,SP.POP.65UP.TO.ZS,Population ages 65 and above (% of total population),% of total population,2,World Development Indicators,2019,14.470066741,2026-07-13,\N,0,14.4700667405182,2026-07-29T18:04:35Z
wdi2-2019-2021-372906f371e0391f,LUX,LU,LUX,Luxembourg,ISO-3166-1,economy,False,matched_iso,SP.POP.65UP.TO.ZS,Population ages 65 and above (% of total population),% of total population,2,World Development Indicators,2020,14.585226381,2026-07-13,\N,0,14.5852263807154,2026-07-29T18:04:35Z
wdi2-2019-2021-372906f371e0391f,LUX,LU,LUX,Luxembourg,ISO-3166-1,economy,False,matched_iso,SP.POP.65UP.TO.ZS,Population ages 65 and above (% of total population),% of total population,2,World Development Indicators,2021,14.71534062,2026-07-13,\N,0,14.7153406197971,2026-07-29T18:04:35Z
wdi2-2019-2021-372906f371e0391f,LUX,LU,LUX,Luxembourg,ISO-3166-1,economy,False,matched_iso,SP.POP.TOTL,"Population, total",people,2,World Development Indicators,2019,620001,2026-07-13,\N,0,620001,2026-07-29T18:04:35Z
wdi2-2019-2021-372906f371e0391f,LUX,LU,LUX,Luxembourg,ISO-3166-1,economy,False,matched_iso,SP.POP.TOTL,"Population, total",people,2,World Development Indicators,2020,630419,2026-07-13,\N,0,630419,2026-07-29T18:04:35Z
wdi2-2019-2021-372906f371e0391f,LUX,LU,LUX,Luxembourg,ISO-3166-1,economy,False,matched_iso,SP.POP.TOTL,"Population, total",people,2,World Development Indicators,2021,640064,2026-07-13,\N,0,640064,2026-07-29T18:04:35Z
wdi2-2019-2021-372906f371e0391f,LVA,LV,LVA,Latvia,ISO-3166-1,economy,False,matched_iso,EN.POP.DNST,Population density (people per sq. km of land area),people per sq. km of land area,2,World Development Indicators,2019,30.755491989,2026-07-13,\N,0,30.755491989008,2026-07-29T18:04:35Z
wdi2-2019-2021-372906f371e0391f,LVA,LV,LVA,Latvia,ISO-3166-1,economy,False,matched_iso,EN.POP.DNST,Population density (people per sq. km of land area),people per sq. km of land area,2,World Development Indicators,2020,30.539112968,2026-07-13,\N,0,30.5391129680219,2026-07-29T18:04:35Z
wdi2-2019-2021-372906f371e0391f,LVA,LV,LVA,Latvia,ISO-3166-1,economy,False,matched_iso,EN.POP.DNST,Population density (people per sq. km of land area),people per sq. km of land area,2,World Development Indicators,2021,30.282661096,2026-07-13,\N,0,30.2826610959344,2026-07-29T18:04:35Z
wdi2-2019-2021-372906f371e0391f,LVA,LV,LVA,Latvia,ISO-3166-1,economy,False,matched_iso,NY.GDP.PCAP.KD,GDP per capita (constant 2015 US$),constant 2015 US$,2,World Development Indicators,2019,15328.38599333,2026-07-13,\N,1,15328.3859933295,2026-07-29T18:04:35Z
wdi2-2019-2021-372906f371e0391f,LVA,LV,LVA,Latvia,ISO-3166-1,economy,False,matched_iso,NY.GDP.PCAP.KD,GDP per capita (constant 2015 US$),constant 2015 US$,2,World Development Indicators,2020,14900.729571887,2026-07-13,\N,1,14900.7295718866,2026-07-29T18:04:35Z
wdi2-2019-2021-372906f371e0391f,LVA,LV,LVA,Latvia,ISO-3166-1,economy,False,matched_iso,NY.GDP.PCAP.KD,GDP per capita (constant 2015 US$),constant 2015 US$,2,World Development Indicators,2021,16070.168003232,2026-07-13,\N,1,16070.1680032322,2026-07-29T18:04:35Z
wdi2-2019-2021-372906f371e0391f,LVA,LV,LVA,Latvia,ISO-3166-1,economy,False,matched_iso,SH.XPD.CHEX.PP.CD,"Current health expenditure per capita, PPP (current international $)",current international $,2,World Development Indicators,2019,2202.675929217,2026-07-13,\N,2,2202.67592921734,2026-07-29T18:04:35Z
wdi2-2019-2021-372906f371e0391f,LVA,LV,LVA,Latvia,ISO-3166-1,economy,False,matched_iso,SH.XPD.CHEX.PP.CD,"Current health expenditure per capita, PPP (current international $)",current international $,2,World Development Indicators,2020,2448.217585187,2026-07-13,\N,2,2448.21758518679,2026-07-29T18:04:35Z
wdi2-2019-2021-372906f371e0391f,LVA,LV,LVA,Latvia,ISO-3166-1,economy,False,matched_iso,SH.XPD.CHEX.PP.CD,"Current health expenditure per capita, PPP (current international $)",current international $,2,World Development Indicators,2021,3457.586886524,2026-07-13,\N,2,3457.58688652365,2026-07-29T18:04:35Z
wdi2-2019-2021-372906f371e0391f,LVA,LV,LVA,Latvia,ISO-3166-1,economy,False,matched_iso,SP.POP.65UP.TO.ZS,Population ages 65 and above (% of total population),% of total population,2,World Development Indicators,2019,20.40722722,2026-07-13,\N,0,20.4072272200842,2026-07-29T18:04:35Z
wdi2-2019-2021-372906f371e0391f,LVA,LV,LVA,Latvia,ISO-3166-1,economy,False,matched_iso,SP.POP.65UP.TO.ZS,Population ages 65 and above (% of total population),% of total population,2,World Development Indicators,2020,20.672170956,2026-07-13,\N,0,20.6721709557533,2026-07-29T18:04:35Z
wdi2-2019-2021-372906f371e0391f,LVA,LV,LVA,Latvia,ISO-3166-1,economy,False,matched_iso,SP.POP.65UP.TO.ZS,Population ages 65 and above (% of total population),% of total population,2,World Development Indicators,2021,20.846160904,2026-07-13,\N,0,20.8461609037398,2026-07-29T18:04:35Z
wdi2-2019-2021-372906f371e0391f,LVA,LV,LVA,Latvia,ISO-3166-1,economy,False,matched_iso,SP.POP.TOTL,"Population, total",people,2,World Development Indicators,2019,1913822,2026-07-13,\N,0,1913822,2026-07-29T18:04:35Z
wdi2-2019-2021-372906f371e0391f,LVA,LV,LVA,Latvia,ISO-3166-1,economy,False,matched_iso,SP.POP.TOTL,"Population, total",people,2,World Development Indicators,2020,1900449,2026-07-13,\N,0,1900449,2026-07-29T18:04:35Z
wdi2-2019-2021-372906f371e0391f,LVA,LV,LVA,Latvia,ISO-3166-1,economy,False,matched_iso,SP.POP.TOTL,"Population, total",people,2,World Development Indicators,2021,1884490,2026-07-13,\N,0,1884490,2026-07-29T18:04:35Z
wdi2-2019-2021-372906f371e0391f,MAC,MO,MAC,"Macao SAR, China",ISO-3166-1,economy,False,matched_iso,EN.POP.DNST,Population density (people per sq. km of land area),people per sq. km of land area,2,World Development Indicators,2019,20425.531914894,2026-07-13,\N,0,20425.5319148936,2026-07-29T18:04:35Z
wdi2-2019-2021-372906f371e0391f,MAC,MO,MAC,"Macao SAR, China",ISO-3166-1,economy,False,matched_iso,EN.POP.DNST,Population density (people per sq. km of land area),people per sq. km of land area,2,World Development Indicators,2020,20832.82674772,2026-07-13,\N,0,20832.8267477204,2026-07-29T18:04:35Z
wdi2-2019-2021-372906f371e0391f,MAC,MO,MAC,"Macao SAR, China",ISO-3166-1,economy,False,matched_iso,EN.POP.DNST,Population density (people per sq. km of land area),people per sq. km of land area,2,World Development Indicators,2021,20681.818181818,2026-07-13,\N,0,20681.8181818182,2026-07-29T18:04:35Z
wdi2-2019-2021-372906f371e0391f,MAC,MO,MAC,"Macao SAR, China",ISO-3166-1,economy,False,matched_iso,NY.GDP.PCAP.KD,GDP per capita (constant 2015 US$),constant 2015 US$,2,World Development Indicators,2019,75724.607828026,2026-07-13,\N,1,75724.6078280261,2026-07-29T18:04:35Z
wdi2-2019-2021-372906f371e0391f,MAC,MO,MAC,"Macao SAR, China",ISO-3166-1,economy,False,matched_iso,NY.GDP.PCAP.KD,GDP per capita (constant 2015 US$),constant 2015 US$,2,World Development Indicators,2020,33853.776155011,2026-07-13,\N,1,33853.7761550109,2026-07-29T18:04:35Z
wdi2-2019-2021-372906f371e0391f,MAC,MO,MAC,"Macao SAR, China",ISO-3166-1,economy,False,matched_iso,NY.GDP.PCAP.KD,GDP per capita (constant 2015 US$),constant 2015 US$,2,World Development Indicators,2021,41634.23861399,2026-07-13,\N,1,41634.2386139903,2026-07-29T18:04:35Z
wdi2-2019-2021-372906f371e0391f,MAC,MO,MAC,"Macao SAR, China",ISO-3166-1,economy,False,matched_iso,SH.XPD.CHEX.PP.CD,"Current health expenditure per capita, PPP (current international $)",current international $,2,World Development Indicators,2019,\N,2026-07-13,\N,2,\N,2026-07-29T18:04:35Z
wdi2-2019-2021-372906f371e0391f,MAC,MO,MAC,"Macao SAR, China",ISO-3166-1,economy,False,matched_iso,SH.XPD.CHEX.PP.CD,"Current health expenditure per capita, PPP (current international $)",current international $,2,World Development Indicators,2020,\N,2026-07-13,\N,2,\N,2026-07-29T18:04:35Z
wdi2-2019-2021-372906f371e0391f,MAC,MO,MAC,"Macao SAR, China",ISO-3166-1,economy,False,matched_iso,SH.XPD.CHEX.PP.CD,"Current health expenditure per capita, PPP (current international $)",current international $,2,World Development Indicators,2021,\N,2026-07-13,\N,2,\N,2026-07-29T18:04:35Z
wdi2-2019-2021-372906f371e0391f,MAC,MO,MAC,"Macao SAR, China",ISO-3166-1,economy,False,matched_iso,SP.POP.65UP.TO.ZS,Population ages 65 and above (% of total population),% of total population,2,World Development Indicators,2019,10.621350455,2026-07-13,\N,0,10.6213504547121,2026-07-29T18:04:35Z
wdi2-2019-2021-372906f371e0391f,MAC,MO,MAC,"Macao SAR, China",ISO-3166-1,economy,False,matched_iso,SP.POP.65UP.TO.ZS,Population ages 65 and above (% of total population),% of total population,2,World Development Indicators,2020,11.311636568,2026-07-13,\N,0,11.3116365683283,2026-07-29T18:04:35Z
wdi2-2019-2021-372906f371e0391f,MAC,MO,MAC,"Macao SAR, China",ISO-3166-1,economy,False,matched_iso,SP.POP.65UP.TO.ZS,Population ages 65 and above (% of total population),% of total population,2,World Development Indicators,2021,12.033519489,2026-07-13,\N,0,12.0335194887111,2026-07-29T18:04:35Z
wdi2-2019-2021-372906f371e0391f,MAC,MO,MAC,"Macao SAR, China",ISO-3166-1,economy,False,matched_iso,SP.POP.TOTL,"Population, total",people,2,World Development Indicators,2019,672000,2026-07-13,\N,0,672000,2026-07-29T18:04:35Z
wdi2-2019-2021-372906f371e0391f,MAC,MO,MAC,"Macao SAR, China",ISO-3166-1,economy,False,matched_iso,SP.POP.TOTL,"Population, total",people,2,World Development Indicators,2020,685400,2026-07-13,\N,0,685400,2026-07-29T18:04:35Z
wdi2-2019-2021-372906f371e0391f,MAC,MO,MAC,"Macao SAR, China",ISO-3166-1,economy,False,matched_iso,SP.POP.TOTL,"Population, total",people,2,World Development Indicators,2021,682500,2026-07-13,\N,0,682500,2026-07-29T18:04:35Z
wdi2-2019-2021-372906f371e0391f,MAF,MF,MAF,St. Martin (French part),ISO-3166-1,economy,False,matched_iso,EN.POP.DNST,Population density (people per sq. km of land area),people per sq. km of land area,2,World Development Indicators,2019,685.34,2026-07-13,\N,0,685.34,2026-07-29T18:04:35Z
wdi2-2019-2021-372906f371e0391f,MAF,MF,MAF,St. Martin (French part),ISO-3166-1,economy,False,matched_iso,EN.POP.DNST,Population density (people per sq. km of land area),people per sq. km of land area,2,World Development Indicators,2020,635.72,2026-07-13,\N,0,635.72,2026-07-29T18:04:35Z
wdi2-2019-2021-372906f371e0391f,MAF,MF,MAF,St. Martin (French part),ISO-3166-1,economy,False,matched_iso,EN.POP.DNST,Population density (people per sq. km of land area),people per sq. km of land area,2,World Development Indicators,2021,599.22,2026-07-13,\N,0,599.22,2026-07-29T18:04:35Z
wdi2-2019-2021-372906f371e0391f,MAF,MF,MAF,St. Martin (French part),ISO-3166-1,economy,False,matched_iso,NY.GDP.PCAP.KD,GDP per capita (constant 2015 US$),constant 2015 US$,2,World Development Indicators,2019,\N,2026-07-13,\N,1,\N,2026-07-29T18:04:35Z
wdi2-2019-2021-372906f371e0391f,MAF,MF,MAF,St. Martin (French part),ISO-3166-1,economy,False,matched_iso,NY.GDP.PCAP.KD,GDP per capita (constant 2015 US$),constant 2015 US$,2,World Development Indicators,2020,\N,2026-07-13,\N,1,\N,2026-07-29T18:04:35Z
wdi2-2019-2021-372906f371e0391f,MAF,MF,MAF,St. Martin (French part),ISO-3166-1,economy,False,matched_iso,NY.GDP.PCAP.KD,GDP per capita (constant 2015 US$),constant 2015 US$,2,World Development Indicators,2021,\N,2026-07-13,\N,1,\N,2026-07-29T18:04:35Z
wdi2-2019-2021-372906f371e0391f,MAF,MF,MAF,St. Martin (French part),ISO-3166-1,economy,False,matched_iso,SH.XPD.CHEX.PP.CD,"Current health expenditure per capita, PPP (current international $)",current international $,2,World Development Indicators,2019,\N,2026-07-13,\N,2,\N,2026-07-29T18:04:35Z
wdi2-2019-2021-372906f371e0391f,MAF,MF,MAF,St. Martin (French part),ISO-3166-1,economy,False,matched_iso,SH.XPD.CHEX.PP.CD,"Current health expenditure per capita, PPP (current international $)",current international $,2,World Development Indicators,2020,\N,2026-07-13,\N,2,\N,2026-07-29T18:04:35Z
wdi2-2019-2021-372906f371e0391f,MAF,MF,MAF,St. Martin (French part),ISO-3166-1,economy,False,matched_iso,SH.XPD.CHEX.PP.CD,"Current health expenditure per capita, PPP (current international $)",current international $,2,World Development Indicators,2021,\N,2026-07-13,\N,2,\N,2026-07-29T18:04:35Z
wdi2-2019-2021-372906f371e0391f,MAF,MF,MAF,St. Martin (French part),ISO-3166-1,economy,False,matched_iso,SP.POP.65UP.TO.ZS,Population ages 65 and above (% of total population),% of total population,2,World Development Indicators,2019,16.209709191,2026-07-13,\N,0,16.2097091911926,2026-07-29T18:04:35Z
wdi2-2019-2021-372906f371e0391f,MAF,MF,MAF,St. Martin (French part),ISO-3166-1,economy,False,matched_iso,SP.POP.65UP.TO.ZS,Population ages 65 and above (% of total population),% of total population,2,World Development Indicators,2020,18.143207702,2026-07-13,\N,0,18.1432077015038,2026-07-29T18:04:35Z
wdi2-2019-2021-372906f371e0391f,MAF,MF,MAF,St. Martin (French part),ISO-3166-1,economy,False,matched_iso,SP.POP.65UP.TO.ZS,Population ages 65 and above (% of total population),% of total population,2,World Development Indicators,2021,15.855612296,2026-07-13,\N,0,15.8556122959848,2026-07-29T18:04:35Z
wdi2-2019-2021-372906f371e0391f,MAF,MF,MAF,St. Martin (French part),ISO-3166-1,economy,False,matched_iso,SP.POP.TOTL,"Population, total",people,2,World Development Indicators,2019,34267,2026-07-13,\N,0,34267,2026-07-29T18:04:35Z
wdi2-2019-2021-372906f371e0391f,MAF,MF,MAF,St. Martin (French part),ISO-3166-1,economy,False,matched_iso,SP.POP.TOTL,"Population, total",people,2,World Development Indicators,2020,31786,2026-07-13,\N,0,31786,2026-07-29T18:04:35Z
wdi2-2019-2021-372906f371e0391f,MAF,MF,MAF,St. Martin (French part),ISO-3166-1,economy,False,matched_iso,SP.POP.TOTL,"Population, total",people,2,World Development Indicators,2021,29961,2026-07-13,\N,0,29961,2026-07-29T18:04:35Z
wdi2-2019-2021-372906f371e0391f,MAR,MA,MAR,Morocco,ISO-3166-1,economy,False,matched_iso,EN.POP.DNST,Population density (people per sq. km of land area),people per sq. km of land area,2,World Development Indicators,2019,81.135778624,2026-07-13,\N,0,81.1357786242438,2026-07-29T18:04:35Z
wdi2-2019-2021-372906f371e0391f,MAR,MA,MAR,Morocco,ISO-3166-1,economy,False,matched_iso,EN.POP.DNST,Population density (people per sq. km of land area),people per sq. km of land area,2,World Development Indicators,2020,81.972233923,2026-07-13,\N,0,81.9722339233699,2026-07-29T18:04:35Z
wdi2-2019-2021-372906f371e0391f,MAR,MA,MAR,Morocco,ISO-3166-1,economy,False,matched_iso,EN.POP.DNST,Population density (people per sq. km of land area),people per sq. km of land area,2,World Development Indicators,2021,82.801796998,2026-07-13,\N,0,82.8017969975353,2026-07-29T18:04:35Z
wdi2-2019-2021-372906f371e0391f,MAR,MA,MAR,Morocco,ISO-3166-1,economy,False,matched_iso,NY.GDP.PCAP.KD,GDP per capita (constant 2015 US$),constant 2015 US$,2,World Development Indicators,2019,3364.739501953,2026-07-13,\N,1,3364.73950195313,2026-07-29T18:04:35Z
wdi2-2019-2021-372906f371e0391f,MAR,MA,MAR,Morocco,ISO-3166-1,economy,False,matched_iso,NY.GDP.PCAP.KD,GDP per capita (constant 2015 US$),constant 2015 US$,2,World Development Indicators,2020,3090.894287109,2026-07-13,\N,1,3090.89428710938,2026-07-29T18:04:35Z
wdi2-2019-2021-372906f371e0391f,MAR,MA,MAR,Morocco,ISO-3166-1,economy,False,matched_iso,NY.GDP.PCAP.KD,GDP per capita (constant 2015 US$),constant 2015 US$,2,World Development Indicators,2021,3309.130859375,2026-07-13,\N,1,3309.130859375,2026-07-29T18:04:35Z
wdi2-2019-2021-372906f371e0391f,MAR,MA,MAR,Morocco,ISO-3166-1,economy,False,matched_iso,SH.XPD.CHEX.PP.CD,"Current health expenditure per capita, PPP (current international $)",current international $,2,World Development Indicators,2019,409.959564651,2026-07-13,\N,2,409.959564651381,2026-07-29T18:04:35Z
wdi2-2019-2021-372906f371e0391f,MAR,MA,MAR,Morocco,ISO-3166-1,economy,False,matched_iso,SH.XPD.CHEX.PP.CD,"Current health expenditure per capita, PPP (current international $)",current international $,2,World Development Indicators,2020,452.762832338,2026-07-13,\N,2,452.762832337618,2026-07-29T18:04:35Z
wdi2-2019-2021-372906f371e0391f,MAR,MA,MAR,Morocco,ISO-3166-1,economy,False,matched_iso,SH.XPD.CHEX.PP.CD,"Current health expenditure per capita, PPP (current international $)",current international $,2,World Development Indicators,2021,477.347548141,2026-07-13,\N,2,477.347548141266,2026-07-29T18:04:35Z
wdi2-2019-2021-372906f371e0391f,MAR,MA,MAR,Morocco,ISO-3166-1,economy,False,matched_iso,SP.POP.65UP.TO.ZS,Population ages 65 and above (% of total population),% of total population,2,World Development Indicators,2019,6.720202023,2026-07-13,\N,0,6.72020202315888,2026-07-29T18:04:35Z
wdi2-2019-2021-372906f371e0391f,MAR,MA,MAR,Morocco,ISO-3166-1,economy,False,matched_iso,SP.POP.65UP.TO.ZS,Population ages 65 and above (% of total population),% of total population,2,World Development Indicators,2020,6.97052127,2026-07-13,\N,0,6.97052126972381,2026-07-29T18:04:35Z
wdi2-2019-2021-372906f371e0391f,MAR,MA,MAR,Morocco,ISO-3166-1,economy,False,matched_iso,SP.POP.65UP.TO.ZS,Population ages 65 and above (% of total population),% of total population,2,World Development Indicators,2021,7.218416297,2026-07-13,\N,0,7.21841629730986,2026-07-29T18:04:35Z
wdi2-2019-2021-372906f371e0391f,MAR,MA,MAR,Morocco,ISO-3166-1,economy,False,matched_iso,SP.POP.TOTL,"Population, total",people,2,World Development Indicators,2019,36210898,2026-07-13,\N,0,36210898,2026-07-29T18:04:35Z
wdi2-2019-2021-372906f371e0391f,MAR,MA,MAR,Morocco,ISO-3166-1,economy,False,matched_iso,SP.POP.TOTL,"Population, total",people,2,World Development Indicators,2020,36584208,2026-07-13,\N,0,36584208,2026-07-29T18:04:35Z
wdi2-2019-2021-372906f371e0391f,MAR,MA,MAR,Morocco,ISO-3166-1,economy,False,matched_iso,SP.POP.TOTL,"Population, total",people,2,World Development Indicators,2021,36954442,2026-07-13,\N,0,36954442,2026-07-29T18:04:35Z
wdi2-2019-2021-372906f371e0391f,MCO,MC,MCO,Monaco,ISO-3166-1,economy,False,matched_iso,EN.POP.DNST,Population density (people per sq. km of land area),people per sq. km of land area,2,World Development Indicators,2019,18800.690675876,2026-07-13,\N,0,18800.6906758757,2026-07-29T18:04:35Z
wdi2-2019-2021-372906f371e0391f,MCO,MC,MCO,Monaco,ISO-3166-1,economy,False,matched_iso,EN.POP.DNST,Population density (people per sq. km of land area),people per sq. km of land area,2,World Development Indicators,2020,18771.583621115,2026-07-13,\N,0,18771.583621115,2026-07-29T18:04:35Z
wdi2-2019-2021-372906f371e0391f,MCO,MC,MCO,Monaco,ISO-3166-1,economy,False,matched_iso,EN.POP.DNST,Population density (people per sq. km of land area),people per sq. km of land area,2,World Development Indicators,2021,18487.044145873,2026-07-13,\N,0,18487.0441458733,2026-07-29T18:04:35Z
wdi2-2019-2021-372906f371e0391f,MCO,MC,MCO,Monaco,ISO-3166-1,economy,False,matched_iso,NY.GDP.PCAP.KD,GDP per capita (constant 2015 US$),constant 2015 US$,2,World Development Indicators,2019,185582.66851648,2026-07-13,\N,1,185582.66851648,2026-07-29T18:04:35Z
wdi2-2019-2021-372906f371e0391f,MCO,MC,MCO,Monaco,ISO-3166-1,economy,False,matched_iso,NY.GDP.PCAP.KD,GDP per capita (constant 2015 US$),constant 2015 US$,2,World Development Indicators,2020,161262.850134167,2026-07-13,\N,1,161262.850134167,2026-07-29T18:04:35Z
wdi2-2019-2021-372906f371e0391f,MCO,MC,MCO,Monaco,ISO-3166-1,economy,False,matched_iso,NY.GDP.PCAP.KD,GDP per capita (constant 2015 US$),constant 2015 US$,2,World Development Indicators,2021,194674.686164262,2026-07-13,\N,1,194674.686164262,2026-07-29T18:04:35Z
wdi2-2019-2021-372906f371e0391f,MCO,MC,MCO,Monaco,ISO-3166-1,economy,False,matched_iso,SH.XPD.CHEX.PP.CD,"Current health expenditure per capita, PPP (current international $)",current international $,2,World Development Indicators,2019,8562.618970421,2026-07-13,\N,2,8562.61897042128,2026-07-29T18:04:35Z
wdi2-2019-2021-372906f371e0391f,MCO,MC,MCO,Monaco,ISO-3166-1,economy,False,matched_iso,SH.XPD.CHEX.PP.CD,"Current health expenditure per capita, PPP (current international $)",current international $,2,World Development Indicators,2020,8329.383589916,2026-07-13,\N,2,8329.38358991592,2026-07-29T18:04:35Z
wdi2-2019-2021-372906f371e0391f,MCO,MC,MCO,Monaco,ISO-3166-1,economy,False,matched_iso,SH.XPD.CHEX.PP.CD,"Current health expenditure per capita, PPP (current international $)",current international $,2,World Development Indicators,2021,9014.268742925,2026-07-13,\N,2,9014.26874292542,2026-07-29T18:04:35Z
wdi2-2019-2021-372906f371e0391f,MCO,MC,MCO,Monaco,ISO-3166-1,economy,False,matched_iso,SP.POP.65UP.TO.ZS,Population ages 65 and above (% of total population),% of total population,2,World Development Indicators,2019,36.285391902,2026-07-13,\N,0,36.2853919021753,2026-07-29T18:04:35Z
wdi2-2019-2021-372906f371e0391f,MCO,MC,MCO,Monaco,ISO-3166-1,economy,False,matched_iso,SP.POP.65UP.TO.ZS,Population ages 65 and above (% of total population),% of total population,2,World Development Indicators,2020,36.463384187,2026-07-13,\N,0,36.4633841868044,2026-07-29T18:04:35Z
wdi2-2019-2021-372906f371e0391f,MCO,MC,MCO,Monaco,ISO-3166-1,economy,False,matched_iso,SP.POP.65UP.TO.ZS,Population ages 65 and above (% of total population),% of total population,2,World Development Indicators,2021,37.319282581,2026-07-13,\N,0,37.3192825810471,2026-07-29T18:04:35Z
wdi2-2019-2021-372906f371e0391f,MCO,MC,MCO,Monaco,ISO-3166-1,economy,False,matched_iso,SP.POP.TOTL,"Population, total",people,2,World Development Indicators,2019,38109,2026-07-13,\N,0,38109,2026-07-29T18:04:35Z
wdi2-2019-2021-372906f371e0391f,MCO,MC,MCO,Monaco,ISO-3166-1,economy,False,matched_iso,SP.POP.TOTL,"Population, total",people,2,World Development Indicators,2020,38050,2026-07-13,\N,0,38050,2026-07-29T18:04:35Z
wdi2-2019-2021-372906f371e0391f,MCO,MC,MCO,Monaco,ISO-3166-1,economy,False,matched_iso,SP.POP.TOTL,"Population, total",people,2,World Development Indicators,2021,38527,2026-07-13,\N,0,38527,2026-07-29T18:04:35Z
wdi2-2019-2021-372906f371e0391f,MDA,MD,MDA,Moldova,ISO-3166-1,economy,False,matched_iso,EN.POP.DNST,Population density (people per sq. km of land area),people per sq. km of land area,2,World Development Indicators,2019,92.75609357,2026-07-13,\N,0,92.756093569939,2026-07-29T18:04:35Z
wdi2-2019-2021-372906f371e0391f,MDA,MD,MDA,Moldova,ISO-3166-1,economy,False,matched_iso,EN.POP.DNST,Population density (people per sq. km of land area),people per sq. km of land area,2,World Development Indicators,2020,91.747326054,2026-07-13,\N,0,91.7473260542588,2026-07-29T18:04:35Z
wdi2-2019-2021-372906f371e0391f,MDA,MD,MDA,Moldova,ISO-3166-1,economy,False,matched_iso,EN.POP.DNST,Population density (people per sq. km of land area),people per sq. km of land area,2,World Development Indicators,2021,90.361297734,2026-07-13,\N,0,90.3612977338393,2026-07-29T18:04:35Z
wdi2-2019-2021-372906f371e0391f,MDA,MD,MDA,Moldova,ISO-3166-1,economy,False,matched_iso,NY.GDP.PCAP.KD,GDP per capita (constant 2015 US$),constant 2015 US$,2,World Development Indicators,2019,3438.677326707,2026-07-13,\N,1,3438.67732670712,2026-07-29T18:04:35Z
wdi2-2019-2021-372906f371e0391f,MDA,MD,MDA,Moldova,ISO-3166-1,economy,False,matched_iso,NY.GDP.PCAP.KD,GDP per capita (constant 2015 US$),constant 2015 US$,2,World Development Indicators,2020,3188.916916027,2026-07-13,\N,1,3188.91691602699,2026-07-29T18:04:35Z
wdi2-2019-2021-372906f371e0391f,MDA,MD,MDA,Moldova,ISO-3166-1,economy,False,matched_iso,NY.GDP.PCAP.KD,GDP per capita (constant 2015 US$),constant 2015 US$,2,World Development Indicators,2021,3688.167294421,2026-07-13,\N,1,3688.16729442144,2026-07-29T18:04:35Z
wdi2-2019-2021-372906f371e0391f,MDA,MD,MDA,Moldova,ISO-3166-1,economy,False,matched_iso,SH.XPD.CHEX.PP.CD,"Current health expenditure per capita, PPP (current international $)",current international $,2,World Development Indicators,2019,864.662968866,2026-07-13,\N,2,864.662968865747,2026-07-29T18:04:35Z
wdi2-2019-2021-372906f371e0391f,MDA,MD,MDA,Moldova,ISO-3166-1,economy,False,matched_iso,SH.XPD.CHEX.PP.CD,"Current health expenditure per capita, PPP (current international $)",current international $,2,World Development Indicators,2020,944.398271281,2026-07-13,\N,2,944.398271281347,2026-07-29T18:04:35Z
wdi2-2019-2021-372906f371e0391f,MDA,MD,MDA,Moldova,ISO-3166-1,economy,False,matched_iso,SH.XPD.CHEX.PP.CD,"Current health expenditure per capita, PPP (current international $)",current international $,2,World Development Indicators,2021,1200.78340749,2026-07-13,\N,2,1200.78340748975,2026-07-29T18:04:35Z
wdi2-2019-2021-372906f371e0391f,MDA,MD,MDA,Moldova,ISO-3166-1,economy,False,matched_iso,SP.POP.65UP.TO.ZS,Population ages 65 and above (% of total population),% of total population,2,World Development Indicators,2019,13.801460019,2026-07-13,\N,0,13.8014600191097,2026-07-29T18:04:35Z
wdi2-2019-2021-372906f371e0391f,MDA,MD,MDA,Moldova,ISO-3166-1,economy,False,matched_iso,SP.POP.65UP.TO.ZS,Population ages 65 and above (% of total population),% of total population,2,World Development Indicators,2020,14.291178839,2026-07-13,\N,0,14.2911788385703,2026-07-29T18:04:35Z
wdi2-2019-2021-372906f371e0391f,MDA,MD,MDA,Moldova,ISO-3166-1,economy,False,matched_iso,SP.POP.65UP.TO.ZS,Population ages 65 and above (% of total population),% of total population,2,World Development Indicators,2021,14.697554732,2026-07-13,\N,0,14.6975547316048,2026-07-29T18:04:35Z
wdi2-2019-2021-372906f371e0391f,MDA,MD,MDA,Moldova,ISO-3166-1,economy,False,matched_iso,SP.POP.TOTL,"Population, total",people,2,World Development Indicators,2019,2664224,2026-07-13,\N,0,2664224,2026-07-29T18:04:35Z
wdi2-2019-2021-372906f371e0391f,MDA,MD,MDA,Moldova,ISO-3166-1,economy,False,matched_iso,SP.POP.TOTL,"Population, total",people,2,World Development Indicators,2020,2635130,2026-07-13,\N,0,2635130,2026-07-29T18:04:35Z
wdi2-2019-2021-372906f371e0391f,MDA,MD,MDA,Moldova,ISO-3166-1,economy,False,matched_iso,SP.POP.TOTL,"Population, total",people,2,World Development Indicators,2021,2595809,2026-07-13,\N,0,2595809,2026-07-29T18:04:35Z
wdi2-2019-2021-372906f371e0391f,MDG,MG,MDG,Madagascar,ISO-3166-1,economy,False,matched_iso,EN.POP.DNST,Population density (people per sq. km of land area),people per sq. km of land area,2,World Development Indicators,2019,48.503874184,2026-07-13,\N,0,48.5038741835682,2026-07-29T18:04:35Z
wdi2-2019-2021-372906f371e0391f,MDG,MG,MDG,Madagascar,ISO-3166-1,economy,False,matched_iso,EN.POP.DNST,Population density (people per sq. km of land area),people per sq. km of land area,2,World Development Indicators,2020,49.765479546,2026-07-13,\N,0,49.7654795462358,2026-07-29T18:04:35Z
wdi2-2019-2021-372906f371e0391f,MDG,MG,MDG,Madagascar,ISO-3166-1,economy,False,matched_iso,EN.POP.DNST,Population density (people per sq. km of land area),people per sq. km of land area,2,World Development Indicators,2021,51.033143692,2026-07-13,\N,0,51.0331436919904,2026-07-29T18:04:35Z
wdi2-2019-2021-372906f371e0391f,MDG,MG,MDG,Madagascar,ISO-3166-1,economy,False,matched_iso,NY.GDP.PCAP.KD,GDP per capita (constant 2015 US$),constant 2015 US$,2,World Development Indicators,2019,467.277413496,2026-07-13,\N,1,467.27741349648,2026-07-29T18:04:35Z
wdi2-2019-2021-372906f371e0391f,MDG,MG,MDG,Madagascar,ISO-3166-1,economy,False,matched_iso,NY.GDP.PCAP.KD,GDP per capita (constant 2015 US$),constant 2015 US$,2,World Development Indicators,2020,422.924255422,2026-07-13,\N,1,422.924255422319,2026-07-29T18:04:35Z
wdi2-2019-2021-372906f371e0391f,MDG,MG,MDG,Madagascar,ISO-3166-1,economy,False,matched_iso,NY.GDP.PCAP.KD,GDP per capita (constant 2015 US$),constant 2015 US$,2,World Development Indicators,2021,431.599103078,2026-07-13,\N,1,431.599103077746,2026-07-29T18:04:35Z
wdi2-2019-2021-372906f371e0391f,MDG,MG,MDG,Madagascar,ISO-3166-1,economy,False,matched_iso,SH.XPD.CHEX.PP.CD,"Current health expenditure per capita, PPP (current international $)",current international $,2,World Development Indicators,2019,50.002081384,2026-07-13,\N,2,50.0020813837951,2026-07-29T18:04:35Z
wdi2-2019-2021-372906f371e0391f,MDG,MG,MDG,Madagascar,ISO-3166-1,economy,False,matched_iso,SH.XPD.CHEX.PP.CD,"Current health expenditure per capita, PPP (current international $)",current international $,2,World Development Indicators,2020,55.487130252,2026-07-13,\N,2,55.4871302523983,2026-07-29T18:04:35Z
wdi2-2019-2021-372906f371e0391f,MDG,MG,MDG,Madagascar,ISO-3166-1,economy,False,matched_iso,SH.XPD.CHEX.PP.CD,"Current health expenditure per capita, PPP (current international $)",current international $,2,World Development Indicators,2021,56.051782649,2026-07-13,\N,2,56.0517826493822,2026-07-29T18:04:35Z
wdi2-2019-2021-372906f371e0391f,MDG,MG,MDG,Madagascar,ISO-3166-1,economy,False,matched_iso,SP.POP.65UP.TO.ZS,Population ages 65 and above (% of total population),% of total population,2,World Development Indicators,2019,3.091981893,2026-07-13,\N,0,3.09198189312276,2026-07-29T18:04:35Z
wdi2-2019-2021-372906f371e0391f,MDG,MG,MDG,Madagascar,ISO-3166-1,economy,False,matched_iso,SP.POP.65UP.TO.ZS,Population ages 65 and above (% of total population),% of total population,2,World Development Indicators,2020,3.153564226,2026-07-13,\N,0,3.15356422621173,2026-07-29T18:04:35Z
wdi2-2019-2021-372906f371e0391f,MDG,MG,MDG,Madagascar,ISO-3166-1,economy,False,matched_iso,SP.POP.65UP.TO.ZS,Population ages 65 and above (% of total population),% of total population,2,World Development Indicators,2021,3.207303014,2026-07-13,\N,0,3.20730301417432,2026-07-29T18:04:35Z
wdi2-2019-2021-372906f371e0391f,MDG,MG,MDG,Madagascar,ISO-3166-1,economy,False,matched_iso,SP.POP.TOTL,"Population, total",people,2,World Development Indicators,2019,28219554,2026-07-13,\N,0,28219554,2026-07-29T18:04:35Z
wdi2-2019-2021-372906f371e0391f,MDG,MG,MDG,Madagascar,ISO-3166-1,economy,False,matched_iso,SP.POP.TOTL,"Population, total",people,2,World Development Indicators,2020,28953556,2026-07-13,\N,0,28953556,2026-07-29T18:04:35Z
wdi2-2019-2021-372906f371e0391f,MDG,MG,MDG,Madagascar,ISO-3166-1,economy,False,matched_iso,SP.POP.TOTL,"Population, total",people,2,World Development Indicators,2021,29691083,2026-07-13,\N,0,29691083,2026-07-29T18:04:35Z
wdi2-2019-2021-372906f371e0391f,MDV,MV,MDV,Maldives,ISO-3166-1,economy,False,matched_iso,EN.POP.DNST,Population density (people per sq. km of land area),people per sq. km of land area,2,World Development Indicators,2019,1625.77,2026-07-13,\N,0,1625.77,2026-07-29T18:04:35Z
wdi2-2019-2021-372906f371e0391f,MDV,MV,MDV,Maldives,ISO-3166-1,economy,False,matched_iso,EN.POP.DNST,Population density (people per sq. km of land area),people per sq. km of land area,2,World Development Indicators,2020,1673.726666667,2026-07-13,\N,0,1673.72666666667,2026-07-29T18:04:35Z
wdi2-2019-2021-372906f371e0391f,MDV,MV,MDV,Maldives,ISO-3166-1,economy,False,matched_iso,EN.POP.DNST,Population density (people per sq. km of land area),people per sq. km of land area,2,World Development Indicators,2021,1720.513333333,2026-07-13,\N,0,1720.51333333333,2026-07-29T18:04:35Z
wdi2-2019-2021-372906f371e0391f,MDV,MV,MDV,Maldives,ISO-3166-1,economy,False,matched_iso,NY.GDP.PCAP.KD,GDP per capita (constant 2015 US$),constant 2015 US$,2,World Development Indicators,2019,11194.925374806,2026-07-13,\N,1,11194.9253748064,2026-07-29T18:04:35Z
wdi2-2019-2021-372906f371e0391f,MDV,MV,MDV,Maldives,ISO-3166-1,economy,False,matched_iso,NY.GDP.PCAP.KD,GDP per capita (constant 2015 US$),constant 2015 US$,2,World Development Indicators,2020,7295.602209565,2026-07-13,\N,1,7295.60220956454,2026-07-29T18:04:35Z
wdi2-2019-2021-372906f371e0391f,MDV,MV,MDV,Maldives,ISO-3166-1,economy,False,matched_iso,NY.GDP.PCAP.KD,GDP per capita (constant 2015 US$),constant 2015 US$,2,World Development Indicators,2021,9759.221936071,2026-07-13,\N,1,9759.2219360708,2026-07-29T18:04:35Z
wdi2-2019-2021-372906f371e0391f,MDV,MV,MDV,Maldives,ISO-3166-1,economy,False,matched_iso,SH.XPD.CHEX.PP.CD,"Current health expenditure per capita, PPP (current international $)",current international $,2,World Development Indicators,2019,1731.339657476,2026-07-13,\N,2,1731.33965747565,2026-07-29T18:04:35Z
wdi2-2019-2021-372906f371e0391f,MDV,MV,MDV,Maldives,ISO-3166-1,economy,False,matched_iso,SH.XPD.CHEX.PP.CD,"Current health expenditure per capita, PPP (current international $)",current international $,2,World Development Indicators,2020,1535.795755461,2026-07-13,\N,2,1535.79575546077,2026-07-29T18:04:35Z
wdi2-2019-2021-372906f371e0391f,MDV,MV,MDV,Maldives,ISO-3166-1,economy,False,matched_iso,SH.XPD.CHEX.PP.CD,"Current health expenditure per capita, PPP (current international $)",current international $,2,World Development Indicators,2021,1687.099066971,2026-07-13,\N,2,1687.09906697098,2026-07-29T18:04:35Z
wdi2-2019-2021-372906f371e0391f,MDV,MV,MDV,Maldives,ISO-3166-1,economy,False,matched_iso,SP.POP.65UP.TO.ZS,Population ages 65 and above (% of total population),% of total population,2,World Development Indicators,2019,3.832850485,2026-07-13,\N,0,3.83285048520598,2026-07-29T18:04:35Z
wdi2-2019-2021-372906f371e0391f,MDV,MV,MDV,Maldives,ISO-3166-1,economy,False,matched_iso,SP.POP.65UP.TO.ZS,Population ages 65 and above (% of total population),% of total population,2,World Development Indicators,2020,3.869704064,2026-07-13,\N,0,3.86970406388133,2026-07-29T18:04:35Z
wdi2-2019-2021-372906f371e0391f,MDV,MV,MDV,Maldives,ISO-3166-1,economy,False,matched_iso,SP.POP.65UP.TO.ZS,Population ages 65 and above (% of total population),% of total population,2,World Development Indicators,2021,3.927901293,2026-07-13,\N,0,3.92790129292933,2026-07-29T18:04:35Z
wdi2-2019-2021-372906f371e0391f,MDV,MV,MDV,Maldives,ISO-3166-1,economy,False,matched_iso,SP.POP.TOTL,"Population, total",people,2,World Development Indicators,2019,487731,2026-07-13,\N,0,487731,2026-07-29T18:04:35Z
wdi2-2019-2021-372906f371e0391f,MDV,MV,MDV,Maldives,ISO-3166-1,economy,False,matched_iso,SP.POP.TOTL,"Population, total",people,2,World Development Indicators,2020,502118,2026-07-13,\N,0,502118,2026-07-29T18:04:35Z
wdi2-2019-2021-372906f371e0391f,MDV,MV,MDV,Maldives,ISO-3166-1,economy,False,matched_iso,SP.POP.TOTL,"Population, total",people,2,World Development Indicators,2021,516154,2026-07-13,\N,0,516154,2026-07-29T18:04:35Z
wdi2-2019-2021-372906f371e0391f,MEX,MX,MEX,Mexico,ISO-3166-1,economy,False,matched_iso,EN.POP.DNST,Population density (people per sq. km of land area),people per sq. km of land area,2,World Development Indicators,2019,64.69455593,2026-07-13,\N,0,64.6945559299365,2026-07-29T18:04:35Z
wdi2-2019-2021-372906f371e0391f,MEX,MX,MEX,Mexico,ISO-3166-1,economy,False,matched_iso,EN.POP.DNST,Population density (people per sq. km of land area),people per sq. km of land area,2,World Development Indicators,2020,65.227528486,2026-07-13,\N,0,65.227528485815,2026-07-29T18:04:35Z
wdi2-2019-2021-372906f371e0391f,MEX,MX,MEX,Mexico,ISO-3166-1,economy,False,matched_iso,EN.POP.DNST,Population density (people per sq. km of land area),people per sq. km of land area,2,World Development Indicators,2021,65.664316469,2026-07-13,\N,0,65.664316469045,2026-07-29T18:04:35Z
wdi2-2019-2021-372906f371e0391f,MEX,MX,MEX,Mexico,ISO-3166-1,economy,False,matched_iso,NY.GDP.PCAP.KD,GDP per capita (constant 2015 US$),constant 2015 US$,2,World Development Indicators,2019,10159.44483677,2026-07-13,\N,1,10159.4448367696,2026-07-29T18:04:35Z
wdi2-2019-2021-372906f371e0391f,MEX,MX,MEX,Mexico,ISO-3166-1,economy,False,matched_iso,NY.GDP.PCAP.KD,GDP per capita (constant 2015 US$),constant 2015 US$,2,World Development Indicators,2020,9234.643622266,2026-07-13,\N,1,9234.64362226594,2026-07-29T18:04:35Z
wdi2-2019-2021-372906f371e0391f,MEX,MX,MEX,Mexico,ISO-3166-1,economy,False,matched_iso,NY.GDP.PCAP.KD,GDP per capita (constant 2015 US$),constant 2015 US$,2,World Development Indicators,2021,9728.056800245,2026-07-13,\N,1,9728.05680024504,2026-07-29T18:04:35Z
wdi2-2019-2021-372906f371e0391f,MEX,MX,MEX,Mexico,ISO-3166-1,economy,False,matched_iso,SH.XPD.CHEX.PP.CD,"Current health expenditure per capita, PPP (current international $)",current international $,2,World Development Indicators,2019,1111.388850164,2026-07-13,\N,2,1111.3888501635,2026-07-29T18:04:35Z
wdi2-2019-2021-372906f371e0391f,MEX,MX,MEX,Mexico,ISO-3166-1,economy,False,matched_iso,SH.XPD.CHEX.PP.CD,"Current health expenditure per capita, PPP (current international $)",current international $,2,World Development Indicators,2020,1171.405638509,2026-07-13,\N,2,1171.40563850852,2026-07-29T18:04:35Z
wdi2-2019-2021-372906f371e0391f,MEX,MX,MEX,Mexico,ISO-3166-1,economy,False,matched_iso,SH.XPD.CHEX.PP.CD,"Current health expenditure per capita, PPP (current international $)",current international $,2,World Development Indicators,2021,1221.347049443,2026-07-13,\N,2,1221.3470494428,2026-07-29T18:04:35Z
wdi2-2019-2021-372906f371e0391f,MEX,MX,MEX,Mexico,ISO-3166-1,economy,False,matched_iso,SP.POP.65UP.TO.ZS,Population ages 65 and above (% of total population),% of total population,2,World Development Indicators,2019,7.334641575,2026-07-13,\N,0,7.33464157467799,2026-07-29T18:04:35Z
wdi2-2019-2021-372906f371e0391f,MEX,MX,MEX,Mexico,ISO-3166-1,economy,False,matched_iso,SP.POP.65UP.TO.ZS,Population ages 65 and above (% of total population),% of total population,2,World Development Indicators,2020,7.486079875,2026-07-13,\N,0,7.48607987451515,2026-07-29T18:04:35Z
wdi2-2019-2021-372906f371e0391f,MEX,MX,MEX,Mexico,ISO-3166-1,economy,False,matched_iso,SP.POP.65UP.TO.ZS,Population ages 65 and above (% of total population),% of total population,2,World Development Indicators,2021,7.585758736,2026-07-13,\N,0,7.58575873574664,2026-07-29T18:04:35Z
wdi2-2019-2021-372906f371e0391f,MEX,MX,MEX,Mexico,ISO-3166-1,economy,False,matched_iso,SP.POP.TOTL,"Population, total",people,2,World Development Indicators,2019,125762982,2026-07-13,\N,0,125762982,2026-07-29T18:04:35Z
wdi2-2019-2021-372906f371e0391f,MEX,MX,MEX,Mexico,ISO-3166-1,economy,False,matched_iso,SP.POP.TOTL,"Population, total",people,2,World Development Indicators,2020,126799054,2026-07-13,\N,0,126799054,2026-07-29T18:04:35Z
wdi2-2019-2021-372906f371e0391f,MEX,MX,MEX,Mexico,ISO-3166-1,economy,False,matched_iso,SP.POP.TOTL,"Population, total",people,2,World Development Indicators,2021,127648148,2026-07-13,\N,0,127648148,2026-07-29T18:04:35Z
wdi2-2019-2021-372906f371e0391f,MHL,MH,MHL,Marshall Islands,ISO-3166-1,economy,False,matched_iso,EN.POP.DNST,Population density (people per sq. km of land area),people per sq. km of land area,2,World Development Indicators,2019,244.483333333,2026-07-13,\N,0,244.483333333333,2026-07-29T18:04:35Z
wdi2-2019-2021-372906f371e0391f,MHL,MH,MHL,Marshall Islands,ISO-3166-1,economy,False,matched_iso,EN.POP.DNST,Population density (people per sq. km of land area),people per sq. km of land area,2,World Development Indicators,2020,237.255555556,2026-07-13,\N,0,237.255555555556,2026-07-29T18:04:35Z
wdi2-2019-2021-372906f371e0391f,MHL,MH,MHL,Marshall Islands,ISO-3166-1,economy,False,matched_iso,EN.POP.DNST,Population density (people per sq. km of land area),people per sq. km of land area,2,World Development Indicators,2021,229.816666667,2026-07-13,\N,0,229.816666666667,2026-07-29T18:04:35Z
wdi2-2019-2021-372906f371e0391f,MHL,MH,MHL,Marshall Islands,ISO-3166-1,economy,False,matched_iso,NY.GDP.PCAP.KD,GDP per capita (constant 2015 US$),constant 2015 US$,2,World Development Indicators,2019,5162.815006703,2026-07-13,\N,1,5162.81500670348,2026-07-29T18:04:35Z
wdi2-2019-2021-372906f371e0391f,MHL,MH,MHL,Marshall Islands,ISO-3166-1,economy,False,matched_iso,NY.GDP.PCAP.KD,GDP per capita (constant 2015 US$),constant 2015 US$,2,World Development Indicators,2020,5172.575282162,2026-07-13,\N,1,5172.57528216176,2026-07-29T18:04:35Z
wdi2-2019-2021-372906f371e0391f,MHL,MH,MHL,Marshall Islands,ISO-3166-1,economy,False,matched_iso,NY.GDP.PCAP.KD,GDP per capita (constant 2015 US$),constant 2015 US$,2,World Development Indicators,2021,5455.317040153,2026-07-13,\N,1,5455.31704015278,2026-07-29T18:04:35Z
wdi2-2019-2021-372906f371e0391f,MHL,MH,MHL,Marshall Islands,ISO-3166-1,economy,False,matched_iso,SH.XPD.CHEX.PP.CD,"Current health expenditure per capita, PPP (current international $)",current international $,2,World Development Indicators,2019,785.810437994,2026-07-13,\N,2,785.810437994477,2026-07-29T18:04:35Z
wdi2-2019-2021-372906f371e0391f,MHL,MH,MHL,Marshall Islands,ISO-3166-1,economy,False,matched_iso,SH.XPD.CHEX.PP.CD,"Current health expenditure per capita, PPP (current international $)",current international $,2,World Development Indicators,2020,645.093266745,2026-07-13,\N,2,645.093266744972,2026-07-29T18:04:35Z
wdi2-2019-2021-372906f371e0391f,MHL,MH,MHL,Marshall Islands,ISO-3166-1,economy,False,matched_iso,SH.XPD.CHEX.PP.CD,"Current health expenditure per capita, PPP (current international $)",current international $,2,World Development Indicators,2021,726.242830246,2026-07-13,\N,2,726.242830245712,2026-07-29T18:04:35Z
wdi2-2019-2021-372906f371e0391f,MHL,MH,MHL,Marshall Islands,ISO-3166-1,economy,False,matched_iso,SP.POP.65UP.TO.ZS,Population ages 65 and above (% of total population),% of total population,2,World Development Indicators,2019,3.573335757,2026-07-13,\N,0,3.57333575721768,2026-07-29T18:04:35Z
wdi2-2019-2021-372906f371e0391f,MHL,MH,MHL,Marshall Islands,ISO-3166-1,economy,False,matched_iso,SP.POP.65UP.TO.ZS,Population ages 65 and above (% of total population),% of total population,2,World Development Indicators,2020,3.704354138,2026-07-13,\N,0,3.70435413812886,2026-07-29T18:04:35Z
wdi2-2019-2021-372906f371e0391f,MHL,MH,MHL,Marshall Islands,ISO-3166-1,economy,False,matched_iso,SP.POP.65UP.TO.ZS,Population ages 65 and above (% of total population),% of total population,2,World Development Indicators,2021,3.867817342,2026-07-13,\N,0,3.86781734232601,2026-07-29T18:04:35Z
wdi2-2019-2021-372906f371e0391f,MHL,MH,MHL,Marshall Islands,ISO-3166-1,economy,False,matched_iso,SP.POP.TOTL,"Population, total",people,2,World Development Indicators,2019,44007,2026-07-13,\N,0,44007,2026-07-29T18:04:35Z
wdi2-2019-2021-372906f371e0391f,MHL,MH,MHL,Marshall Islands,ISO-3166-1,economy,False,matched_iso,SP.POP.TOTL,"Population, total",people,2,World Development Indicators,2020,42706,2026-07-13,\N,0,42706,2026-07-29T18:04:35Z
wdi2-2019-2021-372906f371e0391f,MHL,MH,MHL,Marshall Islands,ISO-3166-1,economy,False,matched_iso,SP.POP.TOTL,"Population, total",people,2,World Development Indicators,2021,41367,2026-07-13,\N,0,41367,2026-07-29T18:04:35Z
wdi2-2019-2021-372906f371e0391f,MKD,MK,MKD,North Macedonia,ISO-3166-1,economy,False,matched_iso,EN.POP.DNST,Population density (people per sq. km of land area),people per sq. km of land area,2,World Development Indicators,2019,74.395796987,2026-07-13,\N,0,74.3957969865186,2026-07-29T18:04:35Z
wdi2-2019-2021-372906f371e0391f,MKD,MK,MKD,North Macedonia,ISO-3166-1,economy,False,matched_iso,EN.POP.DNST,Population density (people per sq. km of land area),people per sq. km of land area,2,World Development Indicators,2020,73.597303727,2026-07-13,\N,0,73.5973037272006,2026-07-29T18:04:35Z
wdi2-2019-2021-372906f371e0391f,MKD,MK,MKD,North Macedonia,ISO-3166-1,economy,False,matched_iso,EN.POP.DNST,Population density (people per sq. km of land area),people per sq. km of land area,2,World Development Indicators,2021,72.843536875,2026-07-13,\N,0,72.8435368754956,2026-07-29T18:04:35Z
wdi2-2019-2021-372906f371e0391f,MKD,MK,MKD,North Macedonia,ISO-3166-1,economy,False,matched_iso,NY.GDP.PCAP.KD,GDP per capita (constant 2015 US$),constant 2015 US$,2,World Development Indicators,2019,5961.584753992,2026-07-13,\N,1,5961.58475399191,2026-07-29T18:04:35Z
wdi2-2019-2021-372906f371e0391f,MKD,MK,MKD,North Macedonia,ISO-3166-1,economy,False,matched_iso,NY.GDP.PCAP.KD,GDP per capita (constant 2015 US$),constant 2015 US$,2,World Development Indicators,2020,5743.726494246,2026-07-13,\N,1,5743.72649424581,2026-07-29T18:04:35Z
wdi2-2019-2021-372906f371e0391f,MKD,MK,MKD,North Macedonia,ISO-3166-1,economy,False,matched_iso,NY.GDP.PCAP.KD,GDP per capita (constant 2015 US$),constant 2015 US$,2,World Development Indicators,2021,6064.9231512,2026-07-13,\N,1,6064.92315120022,2026-07-29T18:04:35Z
wdi2-2019-2021-372906f371e0391f,MKD,MK,MKD,North Macedonia,ISO-3166-1,economy,False,matched_iso,SH.XPD.CHEX.PP.CD,"Current health expenditure per capita, PPP (current international $)",current international $,2,World Development Indicators,2019,1412.935283455,2026-07-13,\N,2,1412.93528345454,2026-07-29T18:04:35Z
wdi2-2019-2021-372906f371e0391f,MKD,MK,MKD,North Macedonia,ISO-3166-1,economy,False,matched_iso,SH.XPD.CHEX.PP.CD,"Current health expenditure per capita, PPP (current international $)",current international $,2,World Development Indicators,2020,1530.395501388,2026-07-13,\N,2,1530.39550138846,2026-07-29T18:04:35Z
wdi2-2019-2021-372906f371e0391f,MKD,MK,MKD,North Macedonia,ISO-3166-1,economy,False,matched_iso,SH.XPD.CHEX.PP.CD,"Current health expenditure per capita, PPP (current international $)",current international $,2,World Development Indicators,2021,1850.126548412,2026-07-13,\N,2,1850.12654841187,2026-07-29T18:04:35Z
wdi2-2019-2021-372906f371e0391f,MKD,MK,MKD,North Macedonia,ISO-3166-1,economy,False,matched_iso,SP.POP.65UP.TO.ZS,Population ages 65 and above (% of total population),% of total population,2,World Development Indicators,2019,15.75880264,2026-07-13,\N,0,15.7588026396984,2026-07-29T18:04:35Z
wdi2-2019-2021-372906f371e0391f,MKD,MK,MKD,North Macedonia,ISO-3166-1,economy,False,matched_iso,SP.POP.65UP.TO.ZS,Population ages 65 and above (% of total population),% of total population,2,World Development Indicators,2020,16.346339013,2026-07-13,\N,0,16.3463390126845,2026-07-29T18:04:35Z
wdi2-2019-2021-372906f371e0391f,MKD,MK,MKD,North Macedonia,ISO-3166-1,economy,False,matched_iso,SP.POP.65UP.TO.ZS,Population ages 65 and above (% of total population),% of total population,2,World Development Indicators,2021,16.72439337,2026-07-13,\N,0,16.724393369915,2026-07-29T18:04:35Z
wdi2-2019-2021-372906f371e0391f,MKD,MK,MKD,North Macedonia,ISO-3166-1,economy,False,matched_iso,SP.POP.TOTL,"Population, total",people,2,World Development Indicators,2019,1876262,2026-07-13,\N,0,1876262,2026-07-29T18:04:35Z
wdi2-2019-2021-372906f371e0391f,MKD,MK,MKD,North Macedonia,ISO-3166-1,economy,False,matched_iso,SP.POP.TOTL,"Population, total",people,2,World Development Indicators,2020,1856124,2026-07-13,\N,0,1856124,2026-07-29T18:04:35Z
wdi2-2019-2021-372906f371e0391f,MKD,MK,MKD,North Macedonia,ISO-3166-1,economy,False,matched_iso,SP.POP.TOTL,"Population, total",people,2,World Development Indicators,2021,1837114,2026-07-13,\N,0,1837114,2026-07-29T18:04:35Z
wdi2-2019-2021-372906f371e0391f,MLI,ML,MLI,Mali,ISO-3166-1,economy,False,matched_iso,EN.POP.DNST,Population density (people per sq. km of land area),people per sq. km of land area,2,World Development Indicators,2019,17.266495382,2026-07-13,\N,0,17.2664953818668,2026-07-29T18:04:35Z
wdi2-2019-2021-372906f371e0391f,MLI,ML,MLI,Mali,ISO-3166-1,economy,False,matched_iso,EN.POP.DNST,Population density (people per sq. km of land area),people per sq. km of land area,2,World Development Indicators,2020,17.795454806,2026-07-13,\N,0,17.7954548062187,2026-07-29T18:04:35Z
wdi2-2019-2021-372906f371e0391f,MLI,ML,MLI,Mali,ISO-3166-1,economy,False,matched_iso,EN.POP.DNST,Population density (people per sq. km of land area),people per sq. km of land area,2,World Development Indicators,2021,18.348478516,2026-07-13,\N,0,18.348478515641,2026-07-29T18:04:35Z
wdi2-2019-2021-372906f371e0391f,MLI,ML,MLI,Mali,ISO-3166-1,economy,False,matched_iso,NY.GDP.PCAP.KD,GDP per capita (constant 2015 US$),constant 2015 US$,2,World Development Indicators,2019,909.751069707,2026-07-13,\N,1,909.751069706998,2026-07-29T18:04:35Z
wdi2-2019-2021-372906f371e0391f,MLI,ML,MLI,Mali,ISO-3166-1,economy,False,matched_iso,NY.GDP.PCAP.KD,GDP per capita (constant 2015 US$),constant 2015 US$,2,World Development Indicators,2020,872.389426815,2026-07-13,\N,1,872.389426815267,2026-07-29T18:04:35Z
wdi2-2019-2021-372906f371e0391f,MLI,ML,MLI,Mali,ISO-3166-1,economy,False,matched_iso,NY.GDP.PCAP.KD,GDP per capita (constant 2015 US$),constant 2015 US$,2,World Development Indicators,2021,872.332509422,2026-07-13,\N,1,872.332509422409,2026-07-29T18:04:35Z
wdi2-2019-2021-372906f371e0391f,MLI,ML,MLI,Mali,ISO-3166-1,economy,False,matched_iso,SH.XPD.CHEX.PP.CD,"Current health expenditure per capita, PPP (current international $)",current international $,2,World Development Indicators,2019,91.125148473,2026-07-13,\N,2,91.125148472922,2026-07-29T18:04:35Z
wdi2-2019-2021-372906f371e0391f,MLI,ML,MLI,Mali,ISO-3166-1,economy,False,matched_iso,SH.XPD.CHEX.PP.CD,"Current health expenditure per capita, PPP (current international $)",current international $,2,World Development Indicators,2020,80.581904431,2026-07-13,\N,2,80.581904430579,2026-07-29T18:04:35Z
wdi2-2019-2021-372906f371e0391f,MLI,ML,MLI,Mali,ISO-3166-1,economy,False,matched_iso,SH.XPD.CHEX.PP.CD,"Current health expenditure per capita, PPP (current international $)",current international $,2,World Development Indicators,2021,83.180830376,2026-07-13,\N,2,83.1808303762911,2026-07-29T18:04:35Z
wdi2-2019-2021-372906f371e0391f,MLI,ML,MLI,Mali,ISO-3166-1,economy,False,matched_iso,SP.POP.65UP.TO.ZS,Population ages 65 and above (% of total population),% of total population,2,World Development Indicators,2019,2.523010226,2026-07-13,\N,0,2.52301022604725,2026-07-29T18:04:35Z
wdi2-2019-2021-372906f371e0391f,MLI,ML,MLI,Mali,ISO-3166-1,economy,False,matched_iso,SP.POP.65UP.TO.ZS,Population ages 65 and above (% of total population),% of total population,2,World Development Indicators,2020,2.490598678,2026-07-13,\N,0,2.49059867843247,2026-07-29T18:04:35Z
wdi2-2019-2021-372906f371e0391f,MLI,ML,MLI,Mali,ISO-3166-1,economy,False,matched_iso,SP.POP.65UP.TO.ZS,Population ages 65 and above (% of total population),% of total population,2,World Development Indicators,2021,2.453714174,2026-07-13,\N,0,2.45371417425465,2026-07-29T18:04:35Z
wdi2-2019-2021-372906f371e0391f,MLI,ML,MLI,Mali,ISO-3166-1,economy,False,matched_iso,SP.POP.TOTL,"Population, total",people,2,World Development Indicators,2019,21068405,2026-07-13,\N,0,21068405,2026-07-29T18:04:35Z
wdi2-2019-2021-372906f371e0391f,MLI,ML,MLI,Mali,ISO-3166-1,economy,False,matched_iso,SP.POP.TOTL,"Population, total",people,2,World Development Indicators,2020,21713836,2026-07-13,\N,0,21713836,2026-07-29T18:04:35Z
wdi2-2019-2021-372906f371e0391f,MLI,ML,MLI,Mali,ISO-3166-1,economy,False,matched_iso,SP.POP.TOTL,"Population, total",people,2,World Development Indicators,2021,22388630,2026-07-13,\N,0,22388630,2026-07-29T18:04:35Z
wdi2-2019-2021-372906f371e0391f,MLT,MT,MLT,Malta,ISO-3166-1,economy,False,matched_iso,EN.POP.DNST,Population density (people per sq. km of land area),people per sq. km of land area,2,World Development Indicators,2019,1574.725,2026-07-13,\N,0,1574.725,2026-07-29T18:04:35Z
wdi2-2019-2021-372906f371e0391f,MLT,MT,MLT,Malta,ISO-3166-1,economy,False,matched_iso,EN.POP.DNST,Population density (people per sq. km of land area),people per sq. km of land area,2,World Development Indicators,2020,1610.90625,2026-07-13,\N,0,1610.90625,2026-07-29T18:04:35Z
wdi2-2019-2021-372906f371e0391f,MLT,MT,MLT,Malta,ISO-3166-1,economy,False,matched_iso,EN.POP.DNST,Population density (people per sq. km of land area),people per sq. km of land area,2,World Development Indicators,2021,1619.21875,2026-07-13,\N,0,1619.21875,2026-07-29T18:04:35Z
wdi2-2019-2021-372906f371e0391f,MLT,MT,MLT,Malta,ISO-3166-1,economy,False,matched_iso,NY.GDP.PCAP.KD,GDP per capita (constant 2015 US$),constant 2015 US$,2,World Development Indicators,2019,29522.648016503,2026-07-13,\N,1,29522.6480165028,2026-07-29T18:04:35Z
wdi2-2019-2021-372906f371e0391f,MLT,MT,MLT,Malta,ISO-3166-1,economy,False,matched_iso,NY.GDP.PCAP.KD,GDP per capita (constant 2015 US$),constant 2015 US$,2,World Development Indicators,2020,27861.80732148,2026-07-13,\N,1,27861.80732148,2026-07-29T18:04:35Z
wdi2-2019-2021-372906f371e0391f,MLT,MT,MLT,Malta,ISO-3166-1,economy,False,matched_iso,NY.GDP.PCAP.KD,GDP per capita (constant 2015 US$),constant 2015 US$,2,World Development Indicators,2021,31419.503171469,2026-07-13,\N,1,31419.5031714693,2026-07-29T18:04:35Z
wdi2-2019-2021-372906f371e0391f,MLT,MT,MLT,Malta,ISO-3166-1,economy,False,matched_iso,SH.XPD.CHEX.PP.CD,"Current health expenditure per capita, PPP (current international $)",current international $,2,World Development Indicators,2019,4671.732585584,2026-07-13,\N,2,4671.73258558382,2026-07-29T18:04:35Z
wdi2-2019-2021-372906f371e0391f,MLT,MT,MLT,Malta,ISO-3166-1,economy,False,matched_iso,SH.XPD.CHEX.PP.CD,"Current health expenditure per capita, PPP (current international $)",current international $,2,World Development Indicators,2020,4931.894861328,2026-07-13,\N,2,4931.8948613276,2026-07-29T18:04:35Z
wdi2-2019-2021-372906f371e0391f,MLT,MT,MLT,Malta,ISO-3166-1,economy,False,matched_iso,SH.XPD.CHEX.PP.CD,"Current health expenditure per capita, PPP (current international $)",current international $,2,World Development Indicators,2021,5198.925399678,2026-07-13,\N,2,5198.92539967781,2026-07-29T18:04:35Z
wdi2-2019-2021-372906f371e0391f,MLT,MT,MLT,Malta,ISO-3166-1,economy,False,matched_iso,SP.POP.65UP.TO.ZS,Population ages 65 and above (% of total population),% of total population,2,World Development Indicators,2019,18.5815714,2026-07-13,\N,0,18.5815714000859,2026-07-29T18:04:35Z
wdi2-2019-2021-372906f371e0391f,MLT,MT,MLT,Malta,ISO-3166-1,economy,False,matched_iso,SP.POP.65UP.TO.ZS,Population ages 65 and above (% of total population),% of total population,2,World Development Indicators,2020,18.49976795,2026-07-13,\N,0,18.4997679496494,2026-07-29T18:04:35Z
wdi2-2019-2021-372906f371e0391f,MLT,MT,MLT,Malta,ISO-3166-1,economy,False,matched_iso,SP.POP.65UP.TO.ZS,Population ages 65 and above (% of total population),% of total population,2,World Development Indicators,2021,18.772103632,2026-07-13,\N,0,18.7721036316463,2026-07-29T18:04:35Z
wdi2-2019-2021-372906f371e0391f,MLT,MT,MLT,Malta,ISO-3166-1,economy,False,matched_iso,SP.POP.TOTL,"Population, total",people,2,World Development Indicators,2019,503912,2026-07-13,\N,0,503912,2026-07-29T18:04:35Z
wdi2-2019-2021-372906f371e0391f,MLT,MT,MLT,Malta,ISO-3166-1,economy,False,matched_iso,SP.POP.TOTL,"Population, total",people,2,World Development Indicators,2020,515490,2026-07-13,\N,0,515490,2026-07-29T18:04:35Z
wdi2-2019-2021-372906f371e0391f,MLT,MT,MLT,Malta,ISO-3166-1,economy,False,matched_iso,SP.POP.TOTL,"Population, total",people,2,World Development Indicators,2021,518150,2026-07-13,\N,0,518150,2026-07-29T18:04:35Z
wdi2-2019-2021-372906f371e0391f,MMR,MM,MMR,Myanmar,ISO-3166-1,economy,False,matched_iso,EN.POP.DNST,Population density (people per sq. km of land area),people per sq. km of land area,2,World Development Indicators,2019,80.650701701,2026-07-13,\N,0,80.6507017006282,2026-07-29T18:04:35Z
wdi2-2019-2021-372906f371e0391f,MMR,MM,MMR,Myanmar,ISO-3166-1,economy,False,matched_iso,EN.POP.DNST,Population density (people per sq. km of land area),people per sq. km of land area,2,World Development Indicators,2020,81.230211286,2026-07-13,\N,0,81.2302112859485,2026-07-29T18:04:35Z
wdi2-2019-2021-372906f371e0391f,MMR,MM,MMR,Myanmar,ISO-3166-1,economy,False,matched_iso,EN.POP.DNST,Population density (people per sq. km of land area),people per sq. km of land area,2,World Development Indicators,2021,81.798002053,2026-07-13,\N,0,81.7980020531049,2026-07-29T18:04:35Z
wdi2-2019-2021-372906f371e0391f,MMR,MM,MMR,Myanmar,ISO-3166-1,economy,False,matched_iso,NY.GDP.PCAP.KD,GDP per capita (constant 2015 US$),constant 2015 US$,2,World Development Indicators,2019,1440.989882367,2026-07-13,\N,1,1440.98988236734,2026-07-29T18:04:35Z
wdi2-2019-2021-372906f371e0391f,MMR,MM,MMR,Myanmar,ISO-3166-1,economy,False,matched_iso,NY.GDP.PCAP.KD,GDP per capita (constant 2015 US$),constant 2015 US$,2,World Development Indicators,2020,1301.313863507,2026-07-13,\N,1,1301.31386350667,2026-07-29T18:04:35Z
wdi2-2019-2021-372906f371e0391f,MMR,MM,MMR,Myanmar,ISO-3166-1,economy,False,matched_iso,NY.GDP.PCAP.KD,GDP per capita (constant 2015 US$),constant 2015 US$,2,World Development Indicators,2021,1136.995660541,2026-07-13,\N,1,1136.9956605414,2026-07-29T18:04:35Z
wdi2-2019-2021-372906f371e0391f,MMR,MM,MMR,Myanmar,ISO-3166-1,economy,False,matched_iso,SH.XPD.CHEX.PP.CD,"Current health expenditure per capita, PPP (current international $)",current international $,2,World Development Indicators,2019,232.581456277,2026-07-13,\N,2,232.581456277481,2026-07-29T18:04:35Z
wdi2-2019-2021-372906f371e0391f,MMR,MM,MMR,Myanmar,ISO-3166-1,economy,False,matched_iso,SH.XPD.CHEX.PP.CD,"Current health expenditure per capita, PPP (current international $)",current international $,2,World Development Indicators,2020,257.27220154,2026-07-13,\N,2,257.272201540423,2026-07-29T18:04:35Z
wdi2-2019-2021-372906f371e0391f,MMR,MM,MMR,Myanmar,ISO-3166-1,economy,False,matched_iso,SH.XPD.CHEX.PP.CD,"Current health expenditure per capita, PPP (current international $)",current international $,2,World Development Indicators,2021,274.398869692,2026-07-13,\N,2,274.398869692102,2026-07-29T18:04:35Z
wdi2-2019-2021-372906f371e0391f,MMR,MM,MMR,Myanmar,ISO-3166-1,economy,False,matched_iso,SP.POP.65UP.TO.ZS,Population ages 65 and above (% of total population),% of total population,2,World Development Indicators,2019,6.318253136,2026-07-13,\N,0,6.31825313612298,2026-07-29T18:04:35Z
wdi2-2019-2021-372906f371e0391f,MMR,MM,MMR,Myanmar,ISO-3166-1,economy,False,matched_iso,SP.POP.65UP.TO.ZS,Population ages 65 and above (% of total population),% of total population,2,World Development Indicators,2020,6.507815682,2026-07-13,\N,0,6.50781568157013,2026-07-29T18:04:35Z
wdi2-2019-2021-372906f371e0391f,MMR,MM,MMR,Myanmar,ISO-3166-1,economy,False,matched_iso,SP.POP.65UP.TO.ZS,Population ages 65 and above (% of total population),% of total population,2,World Development Indicators,2021,6.686449285,2026-07-13,\N,0,6.68644928507264,2026-07-29T18:04:35Z
wdi2-2019-2021-372906f371e0391f,MMR,MM,MMR,Myanmar,ISO-3166-1,economy,False,matched_iso,SP.POP.TOTL,"Population, total",people,2,World Development Indicators,2019,52640713,2026-07-13,\N,0,52640713,2026-07-29T18:04:35Z
wdi2-2019-2021-372906f371e0391f,MMR,MM,MMR,Myanmar,ISO-3166-1,economy,False,matched_iso,SP.POP.TOTL,"Population, total",people,2,World Development Indicators,2020,53016522,2026-07-13,\N,0,53016522,2026-07-29T18:04:35Z
wdi2-2019-2021-372906f371e0391f,MMR,MM,MMR,Myanmar,ISO-3166-1,economy,False,matched_iso,SP.POP.TOTL,"Population, total",people,2,World Development Indicators,2021,53387102,2026-07-13,\N,0,53387102,2026-07-29T18:04:35Z
wdi2-2019-2021-372906f371e0391f,MNE,ME,MNE,Montenegro,ISO-3166-1,economy,False,matched_iso,EN.POP.DNST,Population density (people per sq. km of land area),people per sq. km of land area,2,World Development Indicators,2019,46.598736059,2026-07-13,\N,0,46.5987360594796,2026-07-29T18:04:35Z
wdi2-2019-2021-372906f371e0391f,MNE,ME,MNE,Montenegro,ISO-3166-1,economy,False,matched_iso,EN.POP.DNST,Population density (people per sq. km of land area),people per sq. km of land area,2,World Development Indicators,2020,46.5866171,2026-07-13,\N,0,46.5866171003717,2026-07-29T18:04:35Z
wdi2-2019-2021-372906f371e0391f,MNE,ME,MNE,Montenegro,ISO-3166-1,economy,False,matched_iso,EN.POP.DNST,Population density (people per sq. km of land area),people per sq. km of land area,2,World Development Indicators,2021,46.472342007,2026-07-13,\N,0,46.4723420074349,2026-07-29T18:04:35Z
wdi2-2019-2021-372906f371e0391f,MNE,ME,MNE,Montenegro,ISO-3166-1,economy,False,matched_iso,NY.GDP.PCAP.KD,GDP per capita (constant 2015 US$),constant 2015 US$,2,World Development Indicators,2019,7470.292375686,2026-07-13,\N,1,7470.29237568568,2026-07-29T18:04:35Z
wdi2-2019-2021-372906f371e0391f,MNE,ME,MNE,Montenegro,ISO-3166-1,economy,False,matched_iso,NY.GDP.PCAP.KD,GDP per capita (constant 2015 US$),constant 2015 US$,2,World Development Indicators,2020,6351.951879493,2026-07-13,\N,1,6351.95187949313,2026-07-29T18:04:35Z
wdi2-2019-2021-372906f371e0391f,MNE,ME,MNE,Montenegro,ISO-3166-1,economy,False,matched_iso,NY.GDP.PCAP.KD,GDP per capita (constant 2015 US$),constant 2015 US$,2,World Development Indicators,2021,7198.301226544,2026-07-13,\N,1,7198.3012265441,2026-07-29T18:04:35Z
wdi2-2019-2021-372906f371e0391f,MNE,ME,MNE,Montenegro,ISO-3166-1,economy,False,matched_iso,SH.XPD.CHEX.PP.CD,"Current health expenditure per capita, PPP (current international $)",current international $,2,World Development Indicators,2019,2045.059656018,2026-07-13,\N,2,2045.05965601786,2026-07-29T18:04:35Z
wdi2-2019-2021-372906f371e0391f,MNE,ME,MNE,Montenegro,ISO-3166-1,economy,False,matched_iso,SH.XPD.CHEX.PP.CD,"Current health expenditure per capita, PPP (current international $)",current international $,2,World Development Indicators,2020,2452.121073306,2026-07-13,\N,2,2452.12107330568,2026-07-29T18:04:35Z
wdi2-2019-2021-372906f371e0391f,MNE,ME,MNE,Montenegro,ISO-3166-1,economy,False,matched_iso,SH.XPD.CHEX.PP.CD,"Current health expenditure per capita, PPP (current international $)",current international $,2,World Development Indicators,2021,2604.376040204,2026-07-13,\N,2,2604.37604020427,2026-07-29T18:04:35Z
wdi2-2019-2021-372906f371e0391f,MNE,ME,MNE,Montenegro,ISO-3166-1,economy,False,matched_iso,SP.POP.65UP.TO.ZS,Population ages 65 and above (% of total population),% of total population,2,World Development Indicators,2019,16.201312316,2026-07-13,\N,0,16.2013123164339,2026-07-29T18:04:35Z
wdi2-2019-2021-372906f371e0391f,MNE,ME,MNE,Montenegro,ISO-3166-1,economy,False,matched_iso,SP.POP.65UP.TO.ZS,Population ages 65 and above (% of total population),% of total population,2,World Development Indicators,2020,16.640677046,2026-07-13,\N,0,16.6406770460658,2026-07-29T18:04:35Z
wdi2-2019-2021-372906f371e0391f,MNE,ME,MNE,Montenegro,ISO-3166-1,economy,False,matched_iso,SP.POP.65UP.TO.ZS,Population ages 65 and above (% of total population),% of total population,2,World Development Indicators,2021,16.91287827,2026-07-13,\N,0,16.9128782703666,2026-07-29T18:04:35Z
wdi2-2019-2021-372906f371e0391f,MNE,ME,MNE,Montenegro,ISO-3166-1,economy,False,matched_iso,SP.POP.TOTL,"Population, total",people,2,World Development Indicators,2019,626753,2026-07-13,\N,0,626753,2026-07-29T18:04:35Z
wdi2-2019-2021-372906f371e0391f,MNE,ME,MNE,Montenegro,ISO-3166-1,economy,False,matched_iso,SP.POP.TOTL,"Population, total",people,2,World Development Indicators,2020,626590,2026-07-13,\N,0,626590,2026-07-29T18:04:35Z
wdi2-2019-2021-372906f371e0391f,MNE,ME,MNE,Montenegro,ISO-3166-1,economy,False,matched_iso,SP.POP.TOTL,"Population, total",people,2,World Development Indicators,2021,625053,2026-07-13,\N,0,625053,2026-07-29T18:04:35Z
wdi2-2019-2021-372906f371e0391f,MNG,MN,MNG,Mongolia,ISO-3166-1,economy,False,matched_iso,EN.POP.DNST,Population density (people per sq. km of land area),people per sq. km of land area,2,World Development Indicators,2019,2.098350434,2026-07-13,\N,0,2.09835043390369,2026-07-29T18:04:35Z
wdi2-2019-2021-372906f371e0391f,MNG,MN,MNG,Mongolia,ISO-3166-1,economy,False,matched_iso,EN.POP.DNST,Population density (people per sq. km of land area),people per sq. km of land area,2,World Development Indicators,2020,2.136237218,2026-07-13,\N,0,2.13623721809195,2026-07-29T18:04:35Z
wdi2-2019-2021-372906f371e0391f,MNG,MN,MNG,Mongolia,ISO-3166-1,economy,False,matched_iso,EN.POP.DNST,Population density (people per sq. km of land area),people per sq. km of land area,2,World Development Indicators,2021,2.172536624,2026-07-13,\N,0,2.17253662423347,2026-07-29T18:04:35Z
wdi2-2019-2021-372906f371e0391f,MNG,MN,MNG,Mongolia,ISO-3166-1,economy,False,matched_iso,NY.GDP.PCAP.KD,GDP per capita (constant 2015 US$),constant 2015 US$,2,World Development Indicators,2019,4337.816708543,2026-07-13,\N,1,4337.8167085432,2026-07-29T18:04:35Z
wdi2-2019-2021-372906f371e0391f,MNG,MN,MNG,Mongolia,ISO-3166-1,economy,False,matched_iso,NY.GDP.PCAP.KD,GDP per capita (constant 2015 US$),constant 2015 US$,2,World Development Indicators,2020,4066.034108828,2026-07-13,\N,1,4066.03410882791,2026-07-29T18:04:35Z
wdi2-2019-2021-372906f371e0391f,MNG,MN,MNG,Mongolia,ISO-3166-1,economy,False,matched_iso,NY.GDP.PCAP.KD,GDP per capita (constant 2015 US$),constant 2015 US$,2,World Development Indicators,2021,4063.536698492,2026-07-13,\N,1,4063.53669849245,2026-07-29T18:04:35Z
wdi2-2019-2021-372906f371e0391f,MNG,MN,MNG,Mongolia,ISO-3166-1,economy,False,matched_iso,SH.XPD.CHEX.PP.CD,"Current health expenditure per capita, PPP (current international $)",current international $,2,World Development Indicators,2019,618.269176528,2026-07-13,\N,2,618.269176527698,2026-07-29T18:04:35Z
wdi2-2019-2021-372906f371e0391f,MNG,MN,MNG,Mongolia,ISO-3166-1,economy,False,matched_iso,SH.XPD.CHEX.PP.CD,"Current health expenditure per capita, PPP (current international $)",current international $,2,World Development Indicators,2020,646.029106133,2026-07-13,\N,2,646.029106133253,2026-07-29T18:04:35Z
wdi2-2019-2021-372906f371e0391f,MNG,MN,MNG,Mongolia,ISO-3166-1,economy,False,matched_iso,SH.XPD.CHEX.PP.CD,"Current health expenditure per capita, PPP (current international $)",current international $,2,World Development Indicators,2021,1080.658067559,2026-07-13,\N,2,1080.65806755941,2026-07-29T18:04:35Z
wdi2-2019-2021-372906f371e0391f,MNG,MN,MNG,Mongolia,ISO-3166-1,economy,False,matched_iso,SP.POP.65UP.TO.ZS,Population ages 65 and above (% of total population),% of total population,2,World Development Indicators,2019,4.17415725,2026-07-13,\N,0,4.17415725035646,2026-07-29T18:04:35Z
wdi2-2019-2021-372906f371e0391f,MNG,MN,MNG,Mongolia,ISO-3166-1,economy,False,matched_iso,SP.POP.65UP.TO.ZS,Population ages 65 and above (% of total population),% of total population,2,World Development Indicators,2020,4.306357859,2026-07-13,\N,0,4.30635785893672,2026-07-29T18:04:35Z
wdi2-2019-2021-372906f371e0391f,MNG,MN,MNG,Mongolia,ISO-3166-1,economy,False,matched_iso,SP.POP.65UP.TO.ZS,Population ages 65 and above (% of total population),% of total population,2,World Development Indicators,2021,4.434923888,2026-07-13,\N,0,4.43492388778066,2026-07-29T18:04:35Z
wdi2-2019-2021-372906f371e0391f,MNG,MN,MNG,Mongolia,ISO-3166-1,economy,False,matched_iso,SP.POP.TOTL,"Population, total",people,2,World Development Indicators,2019,3267673,2026-07-13,\N,0,3267673,2026-07-29T18:04:35Z
wdi2-2019-2021-372906f371e0391f,MNG,MN,MNG,Mongolia,ISO-3166-1,economy,False,matched_iso,SP.POP.TOTL,"Population, total",people,2,World Development Indicators,2020,3327204,2026-07-13,\N,0,3327204,2026-07-29T18:04:35Z
wdi2-2019-2021-372906f371e0391f,MNG,MN,MNG,Mongolia,ISO-3166-1,economy,False,matched_iso,SP.POP.TOTL,"Population, total",people,2,World Development Indicators,2021,3383741,2026-07-13,\N,0,3383741,2026-07-29T18:04:35Z
wdi2-2019-2021-372906f371e0391f,MNP,MP,MNP,Northern Mariana Islands,ISO-3166-1,economy,False,matched_iso,EN.POP.DNST,Population density (people per sq. km of land area),people per sq. km of land area,2,World Development Indicators,2019,104.62826087,2026-07-13,\N,0,104.628260869565,2026-07-29T18:04:35Z
wdi2-2019-2021-372906f371e0391f,MNP,MP,MNP,Northern Mariana Islands,ISO-3166-1,economy,False,matched_iso,EN.POP.DNST,Population density (people per sq. km of land area),people per sq. km of land area,2,World Development Indicators,2020,103.32173913,2026-07-13,\N,0,103.321739130435,2026-07-29T18:04:35Z
wdi2-2019-2021-372906f371e0391f,MNP,MP,MNP,Northern Mariana Islands,ISO-3166-1,economy,False,matched_iso,EN.POP.DNST,Population density (people per sq. km of land area),people per sq. km of land area,2,World Development Indicators,2021,102.12826087,2026-07-13,\N,0,102.128260869565,2026-07-29T18:04:35Z
wdi2-2019-2021-372906f371e0391f,MNP,MP,MNP,Northern Mariana Islands,ISO-3166-1,economy,False,matched_iso,NY.GDP.PCAP.KD,GDP per capita (constant 2015 US$),constant 2015 US$,2,World Development Indicators,2019,21451.440163651,2026-07-13,\N,1,21451.4401636511,2026-07-29T18:04:35Z
wdi2-2019-2021-372906f371e0391f,MNP,MP,MNP,Northern Mariana Islands,ISO-3166-1,economy,False,matched_iso,NY.GDP.PCAP.KD,GDP per capita (constant 2015 US$),constant 2015 US$,2,World Development Indicators,2020,15410.118692394,2026-07-13,\N,1,15410.1186923944,2026-07-29T18:04:35Z
wdi2-2019-2021-372906f371e0391f,MNP,MP,MNP,Northern Mariana Islands,ISO-3166-1,economy,False,matched_iso,NY.GDP.PCAP.KD,GDP per capita (constant 2015 US$),constant 2015 US$,2,World Development Indicators,2021,16365.016735395,2026-07-13,\N,1,16365.016735395,2026-07-29T18:04:35Z
wdi2-2019-2021-372906f371e0391f,MNP,MP,MNP,Northern Mariana Islands,ISO-3166-1,economy,False,matched_iso,SH.XPD.CHEX.PP.CD,"Current health expenditure per capita, PPP (current international $)",current international $,2,World Development Indicators,2019,\N,2026-07-13,\N,2,\N,2026-07-29T18:04:35Z
wdi2-2019-2021-372906f371e0391f,MNP,MP,MNP,Northern Mariana Islands,ISO-3166-1,economy,False,matched_iso,SH.XPD.CHEX.PP.CD,"Current health expenditure per capita, PPP (current international $)",current international $,2,World Development Indicators,2020,\N,2026-07-13,\N,2,\N,2026-07-29T18:04:35Z
wdi2-2019-2021-372906f371e0391f,MNP,MP,MNP,Northern Mariana Islands,ISO-3166-1,economy,False,matched_iso,SH.XPD.CHEX.PP.CD,"Current health expenditure per capita, PPP (current international $)",current international $,2,World Development Indicators,2021,\N,2026-07-13,\N,2,\N,2026-07-29T18:04:35Z
wdi2-2019-2021-372906f371e0391f,MNP,MP,MNP,Northern Mariana Islands,ISO-3166-1,economy,False,matched_iso,SP.POP.65UP.TO.ZS,Population ages 65 and above (% of total population),% of total population,2,World Development Indicators,2019,5.712771925,2026-07-13,\N,0,5.71277192545035,2026-07-29T18:04:35Z
wdi2-2019-2021-372906f371e0391f,MNP,MP,MNP,Northern Mariana Islands,ISO-3166-1,economy,False,matched_iso,SP.POP.65UP.TO.ZS,Population ages 65 and above (% of total population),% of total population,2,World Development Indicators,2020,6.187931325,2026-07-13,\N,0,6.18793132469281,2026-07-29T18:04:35Z
wdi2-2019-2021-372906f371e0391f,MNP,MP,MNP,Northern Mariana Islands,ISO-3166-1,economy,False,matched_iso,SP.POP.65UP.TO.ZS,Population ages 65 and above (% of total population),% of total population,2,World Development Indicators,2021,6.927563379,2026-07-13,\N,0,6.92756337938228,2026-07-29T18:04:35Z
wdi2-2019-2021-372906f371e0391f,MNP,MP,MNP,Northern Mariana Islands,ISO-3166-1,economy,False,matched_iso,SP.POP.TOTL,"Population, total",people,2,World Development Indicators,2019,48129,2026-07-13,\N,0,48129,2026-07-29T18:04:35Z
wdi2-2019-2021-372906f371e0391f,MNP,MP,MNP,Northern Mariana Islands,ISO-3166-1,economy,False,matched_iso,SP.POP.TOTL,"Population, total",people,2,World Development Indicators,2020,47528,2026-07-13,\N,0,47528,2026-07-29T18:04:35Z
wdi2-2019-2021-372906f371e0391f,MNP,MP,MNP,Northern Mariana Islands,ISO-3166-1,economy,False,matched_iso,SP.POP.TOTL,"Population, total",people,2,World Development Indicators,2021,46979,2026-07-13,\N,0,46979,2026-07-29T18:04:35Z
wdi2-2019-2021-372906f371e0391f,MOZ,MZ,MOZ,Mozambique,ISO-3166-1,economy,False,matched_iso,EN.POP.DNST,Population density (people per sq. km of land area),people per sq. km of land area,2,World Development Indicators,2019,38.002467001,2026-07-13,\N,0,38.0024670006867,2026-07-29T18:04:35Z
wdi2-2019-2021-372906f371e0391f,MOZ,MZ,MOZ,Mozambique,ISO-3166-1,economy,False,matched_iso,EN.POP.DNST,Population density (people per sq. km of land area),people per sq. km of land area,2,World Development Indicators,2020,39.146071874,2026-07-13,\N,0,39.1460718736489,2026-07-29T18:04:35Z
wdi2-2019-2021-372906f371e0391f,MOZ,MZ,MOZ,Mozambique,ISO-3166-1,economy,False,matched_iso,EN.POP.DNST,Population density (people per sq. km of land area),people per sq. km of land area,2,World Development Indicators,2021,40.321218749,2026-07-13,\N,0,40.3212187492052,2026-07-29T18:04:35Z
wdi2-2019-2021-372906f371e0391f,MOZ,MZ,MOZ,Mozambique,ISO-3166-1,economy,False,matched_iso,NY.GDP.PCAP.KD,GDP per capita (constant 2015 US$),constant 2015 US$,2,World Development Indicators,2019,617.139320002,2026-07-13,\N,1,617.13932000195,2026-07-29T18:04:35Z
wdi2-2019-2021-372906f371e0391f,MOZ,MZ,MOZ,Mozambique,ISO-3166-1,economy,False,matched_iso,NY.GDP.PCAP.KD,GDP per capita (constant 2015 US$),constant 2015 US$,2,World Development Indicators,2020,591.804059986,2026-07-13,\N,1,591.804059985932,2026-07-29T18:04:35Z
wdi2-2019-2021-372906f371e0391f,MOZ,MZ,MOZ,Mozambique,ISO-3166-1,economy,False,matched_iso,NY.GDP.PCAP.KD,GDP per capita (constant 2015 US$),constant 2015 US$,2,World Development Indicators,2021,588.215854695,2026-07-13,\N,1,588.215854695416,2026-07-29T18:04:35Z
wdi2-2019-2021-372906f371e0391f,MOZ,MZ,MOZ,Mozambique,ISO-3166-1,economy,False,matched_iso,SH.XPD.CHEX.PP.CD,"Current health expenditure per capita, PPP (current international $)",current international $,2,World Development Indicators,2019,109.743746035,2026-07-13,\N,2,109.743746034701,2026-07-29T18:04:35Z
wdi2-2019-2021-372906f371e0391f,MOZ,MZ,MOZ,Mozambique,ISO-3166-1,economy,False,matched_iso,SH.XPD.CHEX.PP.CD,"Current health expenditure per capita, PPP (current international $)",current international $,2,World Development Indicators,2020,106.604111888,2026-07-13,\N,2,106.604111887793,2026-07-29T18:04:35Z
wdi2-2019-2021-372906f371e0391f,MOZ,MZ,MOZ,Mozambique,ISO-3166-1,economy,False,matched_iso,SH.XPD.CHEX.PP.CD,"Current health expenditure per capita, PPP (current international $)",current international $,2,World Development Indicators,2021,126.027779637,2026-07-13,\N,2,126.027779636603,2026-07-29T18:04:35Z
wdi2-2019-2021-372906f371e0391f,MOZ,MZ,MOZ,Mozambique,ISO-3166-1,economy,False,matched_iso,SP.POP.65UP.TO.ZS,Population ages 65 and above (% of total population),% of total population,2,World Development Indicators,2019,2.80919999,2026-07-13,\N,0,2.80919999009516,2026-07-29T18:04:35Z
wdi2-2019-2021-372906f371e0391f,MOZ,MZ,MOZ,Mozambique,ISO-3166-1,economy,False,matched_iso,SP.POP.65UP.TO.ZS,Population ages 65 and above (% of total population),% of total population,2,World Development Indicators,2020,2.811069941,2026-07-13,\N,0,2.81106994067767,2026-07-29T18:04:35Z
wdi2-2019-2021-372906f371e0391f,MOZ,MZ,MOZ,Mozambique,ISO-3166-1,economy,False,matched_iso,SP.POP.65UP.TO.ZS,Population ages 65 and above (% of total population),% of total population,2,World Development Indicators,2021,2.790641419,2026-07-13,\N,0,2.79064141946146,2026-07-29T18:04:35Z
wdi2-2019-2021-372906f371e0391f,MOZ,MZ,MOZ,Mozambique,ISO-3166-1,economy,False,matched_iso,SP.POP.TOTL,"Population, total",people,2,World Development Indicators,2019,29884380,2026-07-13,\N,0,29884380,2026-07-29T18:04:35Z
wdi2-2019-2021-372906f371e0391f,MOZ,MZ,MOZ,Mozambique,ISO-3166-1,economy,False,matched_iso,SP.POP.TOTL,"Population, total",people,2,World Development Indicators,2020,30783688,2026-07-13,\N,0,30783688,2026-07-29T18:04:35Z
wdi2-2019-2021-372906f371e0391f,MOZ,MZ,MOZ,Mozambique,ISO-3166-1,economy,False,matched_iso,SP.POP.TOTL,"Population, total",people,2,World Development Indicators,2021,31707800,2026-07-13,\N,0,31707800,2026-07-29T18:04:35Z
wdi2-2019-2021-372906f371e0391f,MRT,MR,MRT,Mauritania,ISO-3166-1,economy,False,matched_iso,EN.POP.DNST,Population density (people per sq. km of land area),people per sq. km of land area,2,World Development Indicators,2019,4.334634714,2026-07-13,\N,0,4.33463471427185,2026-07-29T18:04:35Z
wdi2-2019-2021-372906f371e0391f,MRT,MR,MRT,Mauritania,ISO-3166-1,economy,False,matched_iso,EN.POP.DNST,Population density (people per sq. km of land area),people per sq. km of land area,2,World Development Indicators,2020,4.463113418,2026-07-13,\N,0,4.46311341806539,2026-07-29T18:04:35Z
wdi2-2019-2021-372906f371e0391f,MRT,MR,MRT,Mauritania,ISO-3166-1,economy,False,matched_iso,EN.POP.DNST,Population density (people per sq. km of land area),people per sq. km of land area,2,World Development Indicators,2021,4.593843019,2026-07-13,\N,0,4.59384301930727,2026-07-29T18:04:35Z
wdi2-2019-2021-372906f371e0391f,MRT,MR,MRT,Mauritania,ISO-3166-1,economy,False,matched_iso,NY.GDP.PCAP.KD,GDP per capita (constant 2015 US$),constant 2015 US$,2,World Development Indicators,2019,1609.153961706,2026-07-13,\N,1,1609.15396170643,2026-07-29T18:04:35Z
wdi2-2019-2021-372906f371e0391f,MRT,MR,MRT,Mauritania,ISO-3166-1,economy,False,matched_iso,NY.GDP.PCAP.KD,GDP per capita (constant 2015 US$),constant 2015 US$,2,World Development Indicators,2020,1557.195118752,2026-07-13,\N,1,1557.19511875153,2026-07-29T18:04:35Z
wdi2-2019-2021-372906f371e0391f,MRT,MR,MRT,Mauritania,ISO-3166-1,economy,False,matched_iso,NY.GDP.PCAP.KD,GDP per capita (constant 2015 US$),constant 2015 US$,2,World Development Indicators,2021,1524.117535023,2026-07-13,\N,1,1524.11753502309,2026-07-29T18:04:35Z
wdi2-2019-2021-372906f371e0391f,MRT,MR,MRT,Mauritania,ISO-3166-1,economy,False,matched_iso,SH.XPD.CHEX.PP.CD,"Current health expenditure per capita, PPP (current international $)",current international $,2,World Development Indicators,2019,173.451859652,2026-07-13,\N,2,173.451859651611,2026-07-29T18:04:35Z
wdi2-2019-2021-372906f371e0391f,MRT,MR,MRT,Mauritania,ISO-3166-1,economy,False,matched_iso,SH.XPD.CHEX.PP.CD,"Current health expenditure per capita, PPP (current international $)",current international $,2,World Development Indicators,2020,172.30789182,2026-07-13,\N,2,172.307891820478,2026-07-29T18:04:35Z
wdi2-2019-2021-372906f371e0391f,MRT,MR,MRT,Mauritania,ISO-3166-1,economy,False,matched_iso,SH.XPD.CHEX.PP.CD,"Current health expenditure per capita, PPP (current international $)",current international $,2,World Development Indicators,2021,220.635708397,2026-07-13,\N,2,220.635708396719,2026-07-29T18:04:35Z
wdi2-2019-2021-372906f371e0391f,MRT,MR,MRT,Mauritania,ISO-3166-1,economy,False,matched_iso,SP.POP.65UP.TO.ZS,Population ages 65 and above (% of total population),% of total population,2,World Development Indicators,2019,3.299130113,2026-07-13,\N,0,3.29913011324822,2026-07-29T18:04:35Z
wdi2-2019-2021-372906f371e0391f,MRT,MR,MRT,Mauritania,ISO-3166-1,economy,False,matched_iso,SP.POP.65UP.TO.ZS,Population ages 65 and above (% of total population),% of total population,2,World Development Indicators,2020,3.260113679,2026-07-13,\N,0,3.2601136793713,2026-07-29T18:04:35Z
wdi2-2019-2021-372906f371e0391f,MRT,MR,MRT,Mauritania,ISO-3166-1,economy,False,matched_iso,SP.POP.65UP.TO.ZS,Population ages 65 and above (% of total population),% of total population,2,World Development Indicators,2021,3.2214687,2026-07-13,\N,0,3.22146869996237,2026-07-29T18:04:35Z
wdi2-2019-2021-372906f371e0391f,MRT,MR,MRT,Mauritania,ISO-3166-1,economy,False,matched_iso,SP.POP.TOTL,"Population, total",people,2,World Development Indicators,2019,4467708,2026-07-13,\N,0,4467708,2026-07-29T18:04:35Z
wdi2-2019-2021-372906f371e0391f,MRT,MR,MRT,Mauritania,ISO-3166-1,economy,False,matched_iso,SP.POP.TOTL,"Population, total",people,2,World Development Indicators,2020,4600131,2026-07-13,\N,0,4600131,2026-07-29T18:04:35Z
wdi2-2019-2021-372906f371e0391f,MRT,MR,MRT,Mauritania,ISO-3166-1,economy,False,matched_iso,SP.POP.TOTL,"Population, total",people,2,World Development Indicators,2021,4734874,2026-07-13,\N,0,4734874,2026-07-29T18:04:35Z
wdi2-2019-2021-372906f371e0391f,MUS,MU,MUS,Mauritius,ISO-3166-1,economy,False,matched_iso,EN.POP.DNST,Population density (people per sq. km of land area),people per sq. km of land area,2,World Development Indicators,2019,633.943415123,2026-07-13,\N,0,633.943415122684,2026-07-29T18:04:35Z
wdi2-2019-2021-372906f371e0391f,MUS,MU,MUS,Mauritius,ISO-3166-1,economy,False,matched_iso,EN.POP.DNST,Population density (people per sq. km of land area),people per sq. km of land area,2,World Development Indicators,2020,633.957936905,2026-07-13,\N,0,633.957936905358,2026-07-29T18:04:35Z
wdi2-2019-2021-372906f371e0391f,MUS,MU,MUS,Mauritius,ISO-3166-1,economy,False,matched_iso,EN.POP.DNST,Population density (people per sq. km of land area),people per sq. km of land area,2,World Development Indicators,2021,634.118177266,2026-07-13,\N,0,634.118177265899,2026-07-29T18:04:35Z
wdi2-2019-2021-372906f371e0391f,MUS,MU,MUS,Mauritius,ISO-3166-1,economy,False,matched_iso,NY.GDP.PCAP.KD,GDP per capita (constant 2015 US$),constant 2015 US$,2,World Development Indicators,2019,11111.342366953,2026-07-13,\N,1,11111.3423669526,2026-07-29T18:04:35Z
wdi2-2019-2021-372906f371e0391f,MUS,MU,MUS,Mauritius,ISO-3166-1,economy,False,matched_iso,NY.GDP.PCAP.KD,GDP per capita (constant 2015 US$),constant 2015 US$,2,World Development Indicators,2020,9533.598279605,2026-07-13,\N,1,9533.5982796049,2026-07-29T18:04:35Z
wdi2-2019-2021-372906f371e0391f,MUS,MU,MUS,Mauritius,ISO-3166-1,economy,False,matched_iso,NY.GDP.PCAP.KD,GDP per capita (constant 2015 US$),constant 2015 US$,2,World Development Indicators,2021,9849.348911218,2026-07-13,\N,1,9849.34891121846,2026-07-29T18:04:35Z
wdi2-2019-2021-372906f371e0391f,MUS,MU,MUS,Mauritius,ISO-3166-1,economy,False,matched_iso,SH.XPD.CHEX.PP.CD,"Current health expenditure per capita, PPP (current international $)",current international $,2,World Development Indicators,2019,1346.784385816,2026-07-13,\N,2,1346.78438581637,2026-07-29T18:04:35Z
wdi2-2019-2021-372906f371e0391f,MUS,MU,MUS,Mauritius,ISO-3166-1,economy,False,matched_iso,SH.XPD.CHEX.PP.CD,"Current health expenditure per capita, PPP (current international $)",current international $,2,World Development Indicators,2020,1282.624762531,2026-07-13,\N,2,1282.62476253103,2026-07-29T18:04:35Z
wdi2-2019-2021-372906f371e0391f,MUS,MU,MUS,Mauritius,ISO-3166-1,economy,False,matched_iso,SH.XPD.CHEX.PP.CD,"Current health expenditure per capita, PPP (current international $)",current international $,2,World Development Indicators,2021,1488.713675288,2026-07-13,\N,2,1488.71367528824,2026-07-29T18:04:35Z
wdi2-2019-2021-372906f371e0391f,MUS,MU,MUS,Mauritius,ISO-3166-1,economy,False,matched_iso,SP.POP.65UP.TO.ZS,Population ages 65 and above (% of total population),% of total population,2,World Development Indicators,2019,10.89475771,2026-07-13,\N,0,10.8947577102786,2026-07-29T18:04:35Z
wdi2-2019-2021-372906f371e0391f,MUS,MU,MUS,Mauritius,ISO-3166-1,economy,False,matched_iso,SP.POP.65UP.TO.ZS,Population ages 65 and above (% of total population),% of total population,2,World Development Indicators,2020,11.40117501,2026-07-13,\N,0,11.4011750101113,2026-07-29T18:04:35Z
wdi2-2019-2021-372906f371e0391f,MUS,MU,MUS,Mauritius,ISO-3166-1,economy,False,matched_iso,SP.POP.65UP.TO.ZS,Population ages 65 and above (% of total population),% of total population,2,World Development Indicators,2021,11.90150853,2026-07-13,\N,0,11.9015085296574,2026-07-29T18:04:35Z
wdi2-2019-2021-372906f371e0391f,MUS,MU,MUS,Mauritius,ISO-3166-1,economy,False,matched_iso,SP.POP.TOTL,"Population, total",people,2,World Development Indicators,2019,1265985,2026-07-13,\N,0,1265985,2026-07-29T18:04:35Z
wdi2-2019-2021-372906f371e0391f,MUS,MU,MUS,Mauritius,ISO-3166-1,economy,False,matched_iso,SP.POP.TOTL,"Population, total",people,2,World Development Indicators,2020,1266014,2026-07-13,\N,0,1266014,2026-07-29T18:04:35Z
wdi2-2019-2021-372906f371e0391f,MUS,MU,MUS,Mauritius,ISO-3166-1,economy,False,matched_iso,SP.POP.TOTL,"Population, total",people,2,World Development Indicators,2021,1266334,2026-07-13,\N,0,1266334,2026-07-29T18:04:35Z
wdi2-2019-2021-372906f371e0391f,MWI,MW,MWI,Malawi,ISO-3166-1,economy,False,matched_iso,EN.POP.DNST,Population density (people per sq. km of land area),people per sq. km of land area,2,World Development Indicators,2019,201.800509122,2026-07-13,\N,0,201.800509121765,2026-07-29T18:04:35Z
wdi2-2019-2021-372906f371e0391f,MWI,MW,MWI,Malawi,ISO-3166-1,economy,False,matched_iso,EN.POP.DNST,Population density (people per sq. km of land area),people per sq. km of land area,2,World Development Indicators,2020,207.190156979,2026-07-13,\N,0,207.190156979211,2026-07-29T18:04:35Z
wdi2-2019-2021-372906f371e0391f,MWI,MW,MWI,Malawi,ISO-3166-1,economy,False,matched_iso,EN.POP.DNST,Population density (people per sq. km of land area),people per sq. km of land area,2,World Development Indicators,2021,212.635320322,2026-07-13,\N,0,212.635320322444,2026-07-29T18:04:35Z
wdi2-2019-2021-372906f371e0391f,MWI,MW,MWI,Malawi,ISO-3166-1,economy,False,matched_iso,NY.GDP.PCAP.KD,GDP per capita (constant 2015 US$),constant 2015 US$,2,World Development Indicators,2019,569.866249372,2026-07-13,\N,1,569.866249371948,2026-07-29T18:04:35Z
wdi2-2019-2021-372906f371e0391f,MWI,MW,MWI,Malawi,ISO-3166-1,economy,False,matched_iso,NY.GDP.PCAP.KD,GDP per capita (constant 2015 US$),constant 2015 US$,2,World Development Indicators,2020,559.447086086,2026-07-13,\N,1,559.447086086067,2026-07-29T18:04:35Z
wdi2-2019-2021-372906f371e0391f,MWI,MW,MWI,Malawi,ISO-3166-1,economy,False,matched_iso,NY.GDP.PCAP.KD,GDP per capita (constant 2015 US$),constant 2015 US$,2,World Development Indicators,2021,569.968967322,2026-07-13,\N,1,569.968967322435,2026-07-29T18:04:35Z
wdi2-2019-2021-372906f371e0391f,MWI,MW,MWI,Malawi,ISO-3166-1,economy,False,matched_iso,SH.XPD.CHEX.PP.CD,"Current health expenditure per capita, PPP (current international $)",current international $,2,World Development Indicators,2019,92.147359393,2026-07-13,\N,2,92.1473593931542,2026-07-29T18:04:35Z
wdi2-2019-2021-372906f371e0391f,MWI,MW,MWI,Malawi,ISO-3166-1,economy,False,matched_iso,SH.XPD.CHEX.PP.CD,"Current health expenditure per capita, PPP (current international $)",current international $,2,World Development Indicators,2020,106.45285269,2026-07-13,\N,2,106.452852690425,2026-07-29T18:04:35Z
wdi2-2019-2021-372906f371e0391f,MWI,MW,MWI,Malawi,ISO-3166-1,economy,False,matched_iso,SH.XPD.CHEX.PP.CD,"Current health expenditure per capita, PPP (current international $)",current international $,2,World Development Indicators,2021,126.847340408,2026-07-13,\N,2,126.847340407645,2026-07-29T18:04:35Z
wdi2-2019-2021-372906f371e0391f,MWI,MW,MWI,Malawi,ISO-3166-1,economy,False,matched_iso,SP.POP.65UP.TO.ZS,Population ages 65 and above (% of total population),% of total population,2,World Development Indicators,2019,2.765175852,2026-07-13,\N,0,2.76517585218182,2026-07-29T18:04:35Z
wdi2-2019-2021-372906f371e0391f,MWI,MW,MWI,Malawi,ISO-3166-1,economy,False,matched_iso,SP.POP.65UP.TO.ZS,Population ages 65 and above (% of total population),% of total population,2,World Development Indicators,2020,2.707650999,2026-07-13,\N,0,2.70765099880912,2026-07-29T18:04:35Z
wdi2-2019-2021-372906f371e0391f,MWI,MW,MWI,Malawi,ISO-3166-1,economy,False,matched_iso,SP.POP.65UP.TO.ZS,Population ages 65 and above (% of total population),% of total population,2,World Development Indicators,2021,2.653761926,2026-07-13,\N,0,2.65376192594518,2026-07-29T18:04:35Z
wdi2-2019-2021-372906f371e0391f,MWI,MW,MWI,Malawi,ISO-3166-1,economy,False,matched_iso,SP.POP.TOTL,"Population, total",people,2,World Development Indicators,2019,19025752,2026-07-13,\N,0,19025752,2026-07-29T18:04:35Z
wdi2-2019-2021-372906f371e0391f,MWI,MW,MWI,Malawi,ISO-3166-1,economy,False,matched_iso,SP.POP.TOTL,"Population, total",people,2,World Development Indicators,2020,19533888,2026-07-13,\N,0,19533888,2026-07-29T18:04:35Z
wdi2-2019-2021-372906f371e0391f,MWI,MW,MWI,Malawi,ISO-3166-1,economy,False,matched_iso,SP.POP.TOTL,"Population, total",people,2,World Development Indicators,2021,20047258,2026-07-13,\N,0,20047258,2026-07-29T18:04:35Z
wdi2-2019-2021-372906f371e0391f,MYS,MY,MYS,Malaysia,ISO-3166-1,economy,False,matched_iso,EN.POP.DNST,Population density (people per sq. km of land area),people per sq. km of land area,2,World Development Indicators,2019,101.782364937,2026-07-13,\N,0,101.782364936844,2026-07-29T18:04:35Z
wdi2-2019-2021-372906f371e0391f,MYS,MY,MYS,Malaysia,ISO-3166-1,economy,False,matched_iso,EN.POP.DNST,Population density (people per sq. km of land area),people per sq. km of land area,2,World Development Indicators,2020,103.148860143,2026-07-13,\N,0,103.148860143053,2026-07-29T18:04:35Z
wdi2-2019-2021-372906f371e0391f,MYS,MY,MYS,Malaysia,ISO-3166-1,economy,False,matched_iso,EN.POP.DNST,Population density (people per sq. km of land area),people per sq. km of land area,2,World Development Indicators,2021,104.344541166,2026-07-13,\N,0,104.344541165728,2026-07-29T18:04:35Z
wdi2-2019-2021-372906f371e0391f,MYS,MY,MYS,Malaysia,ISO-3166-1,economy,False,matched_iso,NY.GDP.PCAP.KD,GDP per capita (constant 2015 US$),constant 2015 US$,2,World Development Indicators,2019,10902.983485586,2026-07-13,\N,1,10902.9834855856,2026-07-29T18:04:35Z
wdi2-2019-2021-372906f371e0391f,MYS,MY,MYS,Malaysia,ISO-3166-1,economy,False,matched_iso,NY.GDP.PCAP.KD,GDP per capita (constant 2015 US$),constant 2015 US$,2,World Development Indicators,2020,10171.465784276,2026-07-13,\N,1,10171.4657842762,2026-07-29T18:04:35Z
wdi2-2019-2021-372906f371e0391f,MYS,MY,MYS,Malaysia,ISO-3166-1,economy,False,matched_iso,NY.GDP.PCAP.KD,GDP per capita (constant 2015 US$),constant 2015 US$,2,World Development Indicators,2021,10388.266712086,2026-07-13,\N,1,10388.2667120857,2026-07-29T18:04:35Z
wdi2-2019-2021-372906f371e0391f,MYS,MY,MYS,Malaysia,ISO-3166-1,economy,False,matched_iso,SH.XPD.CHEX.PP.CD,"Current health expenditure per capita, PPP (current international $)",current international $,2,World Development Indicators,2019,1111.037145819,2026-07-13,\N,2,1111.03714581917,2026-07-29T18:04:35Z
wdi2-2019-2021-372906f371e0391f,MYS,MY,MYS,Malaysia,ISO-3166-1,economy,False,matched_iso,SH.XPD.CHEX.PP.CD,"Current health expenditure per capita, PPP (current international $)",current international $,2,World Development Indicators,2020,1121.667269836,2026-07-13,\N,2,1121.66726983617,2026-07-29T18:04:35Z
wdi2-2019-2021-372906f371e0391f,MYS,MY,MYS,Malaysia,ISO-3166-1,economy,False,matched_iso,SH.XPD.CHEX.PP.CD,"Current health expenditure per capita, PPP (current international $)",current international $,2,World Development Indicators,2021,1304.56591532,2026-07-13,\N,2,1304.56591532032,2026-07-29T18:04:35Z
wdi2-2019-2021-372906f371e0391f,MYS,MY,MYS,Malaysia,ISO-3166-1,economy,False,matched_iso,SP.POP.65UP.TO.ZS,Population ages 65 and above (% of total population),% of total population,2,World Development Indicators,2019,6.482321764,2026-07-13,\N,0,6.48232176367792,2026-07-29T18:04:35Z
wdi2-2019-2021-372906f371e0391f,MYS,MY,MYS,Malaysia,ISO-3166-1,economy,False,matched_iso,SP.POP.65UP.TO.ZS,Population ages 65 and above (% of total population),% of total population,2,World Development Indicators,2020,6.724906139,2026-07-13,\N,0,6.7249061388628,2026-07-29T18:04:35Z
wdi2-2019-2021-372906f371e0391f,MYS,MY,MYS,Malaysia,ISO-3166-1,economy,False,matched_iso,SP.POP.65UP.TO.ZS,Population ages 65 and above (% of total population),% of total population,2,World Development Indicators,2021,6.958605886,2026-07-13,\N,0,6.95860588634135,2026-07-29T18:04:35Z
wdi2-2019-2021-372906f371e0391f,MYS,MY,MYS,Malaysia,ISO-3166-1,economy,False,matched_iso,SP.POP.TOTL,"Population, total",people,2,World Development Indicators,2019,33440596,2026-07-13,\N,0,33440596,2026-07-29T18:04:35Z
wdi2-2019-2021-372906f371e0391f,MYS,MY,MYS,Malaysia,ISO-3166-1,economy,False,matched_iso,SP.POP.TOTL,"Population, total",people,2,World Development Indicators,2020,33889558,2026-07-13,\N,0,33889558,2026-07-29T18:04:35Z
wdi2-2019-2021-372906f371e0391f,MYS,MY,MYS,Malaysia,ISO-3166-1,economy,False,matched_iso,SP.POP.TOTL,"Population, total",people,2,World Development Indicators,2021,34282399,2026-07-13,\N,0,34282399,2026-07-29T18:04:35Z
wdi2-2019-2021-372906f371e0391f,NAM,NA,NAM,Namibia,ISO-3166-1,economy,False,matched_iso,EN.POP.DNST,Population density (people per sq. km of land area),people per sq. km of land area,2,World Development Indicators,2019,3.219392924,2026-07-13,\N,0,3.21939292351419,2026-07-29T18:04:35Z
wdi2-2019-2021-372906f371e0391f,NAM,NA,NAM,Namibia,ISO-3166-1,economy,False,matched_iso,EN.POP.DNST,Population density (people per sq. km of land area),people per sq. km of land area,2,World Development Indicators,2020,3.314460275,2026-07-13,\N,0,3.31446027523716,2026-07-29T18:04:35Z
wdi2-2019-2021-372906f371e0391f,NAM,NA,NAM,Namibia,ISO-3166-1,economy,False,matched_iso,EN.POP.DNST,Population density (people per sq. km of land area),people per sq. km of land area,2,World Development Indicators,2021,3.413800726,2026-07-13,\N,0,3.41380072635402,2026-07-29T18:04:35Z
wdi2-2019-2021-372906f371e0391f,NAM,NA,NAM,Namibia,ISO-3166-1,economy,False,matched_iso,NY.GDP.PCAP.KD,GDP per capita (constant 2015 US$),constant 2015 US$,2,World Development Indicators,2019,4243.09274482,2026-07-13,\N,1,4243.09274481966,2026-07-29T18:04:35Z
wdi2-2019-2021-372906f371e0391f,NAM,NA,NAM,Namibia,ISO-3166-1,economy,False,matched_iso,NY.GDP.PCAP.KD,GDP per capita (constant 2015 US$),constant 2015 US$,2,World Development Indicators,2020,3787.499439733,2026-07-13,\N,1,3787.49943973286,2026-07-29T18:04:35Z
wdi2-2019-2021-372906f371e0391f,NAM,NA,NAM,Namibia,ISO-3166-1,economy,False,matched_iso,NY.GDP.PCAP.KD,GDP per capita (constant 2015 US$),constant 2015 US$,2,World Development Indicators,2021,3809.807533597,2026-07-13,\N,1,3809.80753359714,2026-07-29T18:04:35Z
wdi2-2019-2021-372906f371e0391f,NAM,NA,NAM,Namibia,ISO-3166-1,economy,False,matched_iso,SH.XPD.CHEX.PP.CD,"Current health expenditure per capita, PPP (current international $)",current international $,2,World Development Indicators,2019,851.214593143,2026-07-13,\N,2,851.214593142513,2026-07-29T18:04:35Z
wdi2-2019-2021-372906f371e0391f,NAM,NA,NAM,Namibia,ISO-3166-1,economy,False,matched_iso,SH.XPD.CHEX.PP.CD,"Current health expenditure per capita, PPP (current international $)",current international $,2,World Development Indicators,2020,894.311030174,2026-07-13,\N,2,894.311030174257,2026-07-29T18:04:35Z
wdi2-2019-2021-372906f371e0391f,NAM,NA,NAM,Namibia,ISO-3166-1,economy,False,matched_iso,SH.XPD.CHEX.PP.CD,"Current health expenditure per capita, PPP (current international $)",current international $,2,World Development Indicators,2021,989.981644528,2026-07-13,\N,2,989.981644527768,2026-07-29T18:04:35Z
wdi2-2019-2021-372906f371e0391f,NAM,NA,NAM,Namibia,ISO-3166-1,economy,False,matched_iso,SP.POP.65UP.TO.ZS,Population ages 65 and above (% of total population),% of total population,2,World Development Indicators,2019,3.570994016,2026-07-13,\N,0,3.57099401639958,2026-07-29T18:04:35Z
wdi2-2019-2021-372906f371e0391f,NAM,NA,NAM,Namibia,ISO-3166-1,economy,False,matched_iso,SP.POP.65UP.TO.ZS,Population ages 65 and above (% of total population),% of total population,2,World Development Indicators,2020,3.575211685,2026-07-13,\N,0,3.57521168486143,2026-07-29T18:04:35Z
wdi2-2019-2021-372906f371e0391f,NAM,NA,NAM,Namibia,ISO-3166-1,economy,False,matched_iso,SP.POP.65UP.TO.ZS,Population ages 65 and above (% of total population),% of total population,2,World Development Indicators,2021,3.545287884,2026-07-13,\N,0,3.54528788430012,2026-07-29T18:04:35Z
wdi2-2019-2021-372906f371e0391f,NAM,NA,NAM,Namibia,ISO-3166-1,economy,False,matched_iso,SP.POP.TOTL,"Population, total",people,2,World Development Indicators,2019,2650494,2026-07-13,\N,0,2650494,2026-07-29T18:04:35Z
wdi2-2019-2021-372906f371e0391f,NAM,NA,NAM,Namibia,ISO-3166-1,economy,False,matched_iso,SP.POP.TOTL,"Population, total",people,2,World Development Indicators,2020,2728762,2026-07-13,\N,0,2728762,2026-07-29T18:04:35Z
wdi2-2019-2021-372906f371e0391f,NAM,NA,NAM,Namibia,ISO-3166-1,economy,False,matched_iso,SP.POP.TOTL,"Population, total",people,2,World Development Indicators,2021,2810548,2026-07-13,\N,0,2810548,2026-07-29T18:04:35Z
wdi2-2019-2021-372906f371e0391f,NCL,NC,NCL,New Caledonia,ISO-3166-1,economy,False,matched_iso,EN.POP.DNST,Population density (people per sq. km of land area),people per sq. km of land area,2,World Development Indicators,2019,15.514551422,2026-07-13,\N,0,15.5145514223195,2026-07-29T18:04:35Z
wdi2-2019-2021-372906f371e0391f,NCL,NC,NCL,New Caledonia,ISO-3166-1,economy,False,matched_iso,EN.POP.DNST,Population density (people per sq. km of land area),people per sq. km of land area,2,World Development Indicators,2020,15.545733042,2026-07-13,\N,0,15.5457330415755,2026-07-29T18:04:35Z
wdi2-2019-2021-372906f371e0391f,NCL,NC,NCL,New Caledonia,ISO-3166-1,economy,False,matched_iso,EN.POP.DNST,Population density (people per sq. km of land area),people per sq. km of land area,2,World Development Indicators,2021,15.602516411,2026-07-13,\N,0,15.6025164113786,2026-07-29T18:04:35Z
wdi2-2019-2021-372906f371e0391f,NCL,NC,NCL,New Caledonia,ISO-3166-1,economy,False,matched_iso,NY.GDP.PCAP.KD,GDP per capita (constant 2015 US$),constant 2015 US$,2,World Development Indicators,2019,\N,2026-07-13,\N,1,\N,2026-07-29T18:04:35Z
wdi2-2019-2021-372906f371e0391f,NCL,NC,NCL,New Caledonia,ISO-3166-1,economy,False,matched_iso,NY.GDP.PCAP.KD,GDP per capita (constant 2015 US$),constant 2015 US$,2,World Development Indicators,2020,\N,2026-07-13,\N,1,\N,2026-07-29T18:04:35Z
wdi2-2019-2021-372906f371e0391f,NCL,NC,NCL,New Caledonia,ISO-3166-1,economy,False,matched_iso,NY.GDP.PCAP.KD,GDP per capita (constant 2015 US$),constant 2015 US$,2,World Development Indicators,2021,\N,2026-07-13,\N,1,\N,2026-07-29T18:04:35Z
wdi2-2019-2021-372906f371e0391f,NCL,NC,NCL,New Caledonia,ISO-3166-1,economy,False,matched_iso,SH.XPD.CHEX.PP.CD,"Current health expenditure per capita, PPP (current international $)",current international $,2,World Development Indicators,2019,\N,2026-07-13,\N,2,\N,2026-07-29T18:04:35Z
wdi2-2019-2021-372906f371e0391f,NCL,NC,NCL,New Caledonia,ISO-3166-1,economy,False,matched_iso,SH.XPD.CHEX.PP.CD,"Current health expenditure per capita, PPP (current international $)",current international $,2,World Development Indicators,2020,\N,2026-07-13,\N,2,\N,2026-07-29T18:04:35Z
wdi2-2019-2021-372906f371e0391f,NCL,NC,NCL,New Caledonia,ISO-3166-1,economy,False,matched_iso,SH.XPD.CHEX.PP.CD,"Current health expenditure per capita, PPP (current international $)",current international $,2,World Development Indicators,2021,\N,2026-07-13,\N,2,\N,2026-07-29T18:04:35Z
wdi2-2019-2021-372906f371e0391f,NCL,NC,NCL,New Caledonia,ISO-3166-1,economy,False,matched_iso,SP.POP.65UP.TO.ZS,Population ages 65 and above (% of total population),% of total population,2,World Development Indicators,2019,9.991854897,2026-07-13,\N,0,9.99185489728708,2026-07-29T18:04:35Z
wdi2-2019-2021-372906f371e0391f,NCL,NC,NCL,New Caledonia,ISO-3166-1,economy,False,matched_iso,SP.POP.65UP.TO.ZS,Population ages 65 and above (% of total population),% of total population,2,World Development Indicators,2020,10.254718458,2026-07-13,\N,0,10.2547184584228,2026-07-29T18:04:35Z
wdi2-2019-2021-372906f371e0391f,NCL,NC,NCL,New Caledonia,ISO-3166-1,economy,False,matched_iso,SP.POP.65UP.TO.ZS,Population ages 65 and above (% of total population),% of total population,2,World Development Indicators,2021,10.508775867,2026-07-13,\N,0,10.5087758665423,2026-07-29T18:04:35Z
wdi2-2019-2021-372906f371e0391f,NCL,NC,NCL,New Caledonia,ISO-3166-1,economy,False,matched_iso,SP.POP.TOTL,"Population, total",people,2,World Development Indicators,2019,283606,2026-07-13,\N,0,283606,2026-07-29T18:04:35Z
wdi2-2019-2021-372906f371e0391f,NCL,NC,NCL,New Caledonia,ISO-3166-1,economy,False,matched_iso,SP.POP.TOTL,"Population, total",people,2,World Development Indicators,2020,284176,2026-07-13,\N,0,284176,2026-07-29T18:04:35Z
wdi2-2019-2021-372906f371e0391f,NCL,NC,NCL,New Caledonia,ISO-3166-1,economy,False,matched_iso,SP.POP.TOTL,"Population, total",people,2,World Development Indicators,2021,285214,2026-07-13,\N,0,285214,2026-07-29T18:04:35Z
wdi2-2019-2021-372906f371e0391f,NER,NE,NER,Niger,ISO-3166-1,economy,False,matched_iso,EN.POP.DNST,Population density (people per sq. km of land area),people per sq. km of land area,2,World Development Indicators,2019,18.116173522,2026-07-13,\N,0,18.1161735217494,2026-07-29T18:04:35Z
wdi2-2019-2021-372906f371e0391f,NER,NE,NER,Niger,ISO-3166-1,economy,False,matched_iso,EN.POP.DNST,Population density (people per sq. km of land area),people per sq. km of land area,2,World Development Indicators,2020,18.723938581,2026-07-13,\N,0,18.7239385805637,2026-07-29T18:04:35Z
wdi2-2019-2021-372906f371e0391f,NER,NE,NER,Niger,ISO-3166-1,economy,False,matched_iso,EN.POP.DNST,Population density (people per sq. km of land area),people per sq. km of land area,2,World Development Indicators,2021,19.343285703,2026-07-13,\N,0,19.3432857030078,2026-07-29T18:04:35Z
wdi2-2019-2021-372906f371e0391f,NER,NE,NER,Niger,ISO-3166-1,economy,False,matched_iso,NY.GDP.PCAP.KD,GDP per capita (constant 2015 US$),constant 2015 US$,2,World Development Indicators,2019,526.603617461,2026-07-13,\N,1,526.60361746086,2026-07-29T18:04:35Z
wdi2-2019-2021-372906f371e0391f,NER,NE,NER,Niger,ISO-3166-1,economy,False,matched_iso,NY.GDP.PCAP.KD,GDP per capita (constant 2015 US$),constant 2015 US$,2,World Development Indicators,2020,532.208221197,2026-07-13,\N,1,532.208221196997,2026-07-29T18:04:35Z
wdi2-2019-2021-372906f371e0391f,NER,NE,NER,Niger,ISO-3166-1,economy,False,matched_iso,NY.GDP.PCAP.KD,GDP per capita (constant 2015 US$),constant 2015 US$,2,World Development Indicators,2021,520.912751008,2026-07-13,\N,1,520.912751008043,2026-07-29T18:04:35Z
wdi2-2019-2021-372906f371e0391f,NER,NE,NER,Niger,ISO-3166-1,economy,False,matched_iso,SH.XPD.CHEX.PP.CD,"Current health expenditure per capita, PPP (current international $)",current international $,2,World Development Indicators,2019,80.583926054,2026-07-13,\N,2,80.5839260541877,2026-07-29T18:04:35Z
wdi2-2019-2021-372906f371e0391f,NER,NE,NER,Niger,ISO-3166-1,economy,False,matched_iso,SH.XPD.CHEX.PP.CD,"Current health expenditure per capita, PPP (current international $)",current international $,2,World Development Indicators,2020,92.353203315,2026-07-13,\N,2,92.3532033154183,2026-07-29T18:04:35Z
wdi2-2019-2021-372906f371e0391f,NER,NE,NER,Niger,ISO-3166-1,economy,False,matched_iso,SH.XPD.CHEX.PP.CD,"Current health expenditure per capita, PPP (current international $)",current international $,2,World Development Indicators,2021,92.194394824,2026-07-13,\N,2,92.1943948237305,2026-07-29T18:04:35Z
wdi2-2019-2021-372906f371e0391f,NER,NE,NER,Niger,ISO-3166-1,economy,False,matched_iso,SP.POP.65UP.TO.ZS,Population ages 65 and above (% of total population),% of total population,2,World Development Indicators,2019,2.51074642,2026-07-13,\N,0,2.5107464204291,2026-07-29T18:04:35Z
wdi2-2019-2021-372906f371e0391f,NER,NE,NER,Niger,ISO-3166-1,economy,False,matched_iso,SP.POP.65UP.TO.ZS,Population ages 65 and above (% of total population),% of total population,2,World Development Indicators,2020,2.52637349,2026-07-13,\N,0,2.52637349031765,2026-07-29T18:04:35Z
wdi2-2019-2021-372906f371e0391f,NER,NE,NER,Niger,ISO-3166-1,economy,False,matched_iso,SP.POP.65UP.TO.ZS,Population ages 65 and above (% of total population),% of total population,2,World Development Indicators,2021,2.537053906,2026-07-13,\N,0,2.53705390631186,2026-07-29T18:04:35Z
wdi2-2019-2021-372906f371e0391f,NER,NE,NER,Niger,ISO-3166-1,economy,False,matched_iso,SP.POP.TOTL,"Population, total",people,2,World Development Indicators,2019,22947757,2026-07-13,\N,0,22947757,2026-07-29T18:04:35Z
wdi2-2019-2021-372906f371e0391f,NER,NE,NER,Niger,ISO-3166-1,economy,False,matched_iso,SP.POP.TOTL,"Population, total",people,2,World Development Indicators,2020,23717613,2026-07-13,\N,0,23717613,2026-07-29T18:04:35Z
wdi2-2019-2021-372906f371e0391f,NER,NE,NER,Niger,ISO-3166-1,economy,False,matched_iso,SP.POP.TOTL,"Population, total",people,2,World Development Indicators,2021,24502140,2026-07-13,\N,0,24502140,2026-07-29T18:04:35Z
wdi2-2019-2021-372906f371e0391f,NGA,NG,NGA,Nigeria,ISO-3166-1,economy,False,matched_iso,EN.POP.DNST,Population density (people per sq. km of land area),people per sq. km of land area,2,World Development Indicators,2019,230.009377779,2026-07-13,\N,0,230.009377779242,2026-07-29T18:04:35Z
wdi2-2019-2021-372906f371e0391f,NGA,NG,NGA,Nigeria,ISO-3166-1,economy,False,matched_iso,EN.POP.DNST,Population density (people per sq. km of land area),people per sq. km of land area,2,World Development Indicators,2020,234.96182461,2026-07-13,\N,0,234.961824609945,2026-07-29T18:04:35Z
wdi2-2019-2021-372906f371e0391f,NGA,NG,NGA,Nigeria,ISO-3166-1,economy,False,matched_iso,EN.POP.DNST,Population density (people per sq. km of land area),people per sq. km of land area,2,World Development Indicators,2021,239.93904718,2026-07-13,\N,0,239.939047179859,2026-07-29T18:04:35Z
wdi2-2019-2021-372906f371e0391f,NGA,NG,NGA,Nigeria,ISO-3166-1,economy,False,matched_iso,NY.GDP.PCAP.KD,GDP per capita (constant 2015 US$),constant 2015 US$,2,World Development Indicators,2019,2431.535284759,2026-07-13,\N,1,2431.53528475874,2026-07-29T18:04:35Z
wdi2-2019-2021-372906f371e0391f,NGA,NG,NGA,Nigeria,ISO-3166-1,economy,False,matched_iso,NY.GDP.PCAP.KD,GDP per capita (constant 2015 US$),constant 2015 US$,2,World Development Indicators,2020,2228.686314265,2026-07-13,\N,1,2228.68631426529,2026-07-29T18:04:35Z
wdi2-2019-2021-372906f371e0391f,NGA,NG,NGA,Nigeria,ISO-3166-1,economy,False,matched_iso,NY.GDP.PCAP.KD,GDP per capita (constant 2015 US$),constant 2015 US$,2,World Development Indicators,2021,2206.664062556,2026-07-13,\N,1,2206.66406255564,2026-07-29T18:04:35Z
wdi2-2019-2021-372906f371e0391f,NGA,NG,NGA,Nigeria,ISO-3166-1,economy,False,matched_iso,SH.XPD.CHEX.PP.CD,"Current health expenditure per capita, PPP (current international $)",current international $,2,World Development Indicators,2019,160.09311654,2026-07-13,\N,2,160.09311654049,2026-07-29T18:04:35Z
wdi2-2019-2021-372906f371e0391f,NGA,NG,NGA,Nigeria,ISO-3166-1,economy,False,matched_iso,SH.XPD.CHEX.PP.CD,"Current health expenditure per capita, PPP (current international $)",current international $,2,World Development Indicators,2020,180.989195655,2026-07-13,\N,2,180.989195655141,2026-07-29T18:04:35Z
wdi2-2019-2021-372906f371e0391f,NGA,NG,NGA,Nigeria,ISO-3166-1,economy,False,matched_iso,SH.XPD.CHEX.PP.CD,"Current health expenditure per capita, PPP (current international $)",current international $,2,World Development Indicators,2021,223.855835573,2026-07-13,\N,2,223.855835573472,2026-07-29T18:04:35Z
wdi2-2019-2021-372906f371e0391f,NGA,NG,NGA,Nigeria,ISO-3166-1,economy,False,matched_iso,SP.POP.65UP.TO.ZS,Population ages 65 and above (% of total population),% of total population,2,World Development Indicators,2019,2.974885042,2026-07-13,\N,0,2.97488504235954,2026-07-29T18:04:35Z
wdi2-2019-2021-372906f371e0391f,NGA,NG,NGA,Nigeria,ISO-3166-1,economy,False,matched_iso,SP.POP.65UP.TO.ZS,Population ages 65 and above (% of total population),% of total population,2,World Development Indicators,2020,2.981311381,2026-07-13,\N,0,2.98131138144003,2026-07-29T18:04:35Z
wdi2-2019-2021-372906f371e0391f,NGA,NG,NGA,Nigeria,ISO-3166-1,economy,False,matched_iso,SP.POP.65UP.TO.ZS,Population ages 65 and above (% of total population),% of total population,2,World Development Indicators,2021,2.990339009,2026-07-13,\N,0,2.99033900886324,2026-07-29T18:04:35Z
wdi2-2019-2021-372906f371e0391f,NGA,NG,NGA,Nigeria,ISO-3166-1,economy,False,matched_iso,SP.POP.TOTL,"Population, total",people,2,World Development Indicators,2019,209485641,2026-07-13,\N,0,209485641,2026-07-29T18:04:35Z
wdi2-2019-2021-372906f371e0391f,NGA,NG,NGA,Nigeria,ISO-3166-1,economy,False,matched_iso,SP.POP.TOTL,"Population, total",people,2,World Development Indicators,2020,213996181,2026-07-13,\N,0,213996181,2026-07-29T18:04:35Z
wdi2-2019-2021-372906f371e0391f,NGA,NG,NGA,Nigeria,ISO-3166-1,economy,False,matched_iso,SP.POP.TOTL,"Population, total",people,2,World Development Indicators,2021,218529286,2026-07-13,\N,0,218529286,2026-07-29T18:04:35Z
wdi2-2019-2021-372906f371e0391f,NIC,NI,NIC,Nicaragua,ISO-3166-1,economy,False,matched_iso,EN.POP.DNST,Population density (people per sq. km of land area),people per sq. km of land area,2,World Development Indicators,2019,53.877821173,2026-07-13,\N,0,53.8778211733422,2026-07-29T18:04:35Z
wdi2-2019-2021-372906f371e0391f,NIC,NI,NIC,Nicaragua,ISO-3166-1,economy,False,matched_iso,EN.POP.DNST,Population density (people per sq. km of land area),people per sq. km of land area,2,World Development Indicators,2020,54.555983048,2026-07-13,\N,0,54.5559830480306,2026-07-29T18:04:35Z
wdi2-2019-2021-372906f371e0391f,NIC,NI,NIC,Nicaragua,ISO-3166-1,economy,False,matched_iso,EN.POP.DNST,Population density (people per sq. km of land area),people per sq. km of land area,2,World Development Indicators,2021,55.216395214,2026-07-13,\N,0,55.2163952135616,2026-07-29T18:04:35Z
wdi2-2019-2021-372906f371e0391f,NIC,NI,NIC,Nicaragua,ISO-3166-1,economy,False,matched_iso,NY.GDP.PCAP.KD,GDP per capita (constant 2015 US$),constant 2015 US$,2,World Development Indicators,2019,2019.9151862,2026-07-13,\N,1,2019.91518620044,2026-07-29T18:04:35Z
wdi2-2019-2021-372906f371e0391f,NIC,NI,NIC,Nicaragua,ISO-3166-1,economy,False,matched_iso,NY.GDP.PCAP.KD,GDP per capita (constant 2015 US$),constant 2015 US$,2,World Development Indicators,2020,1950.191812185,2026-07-13,\N,1,1950.19181218473,2026-07-29T18:04:35Z
wdi2-2019-2021-372906f371e0391f,NIC,NI,NIC,Nicaragua,ISO-3166-1,economy,False,matched_iso,NY.GDP.PCAP.KD,GDP per capita (constant 2015 US$),constant 2015 US$,2,World Development Indicators,2021,2128.308800413,2026-07-13,\N,1,2128.30880041334,2026-07-29T18:04:35Z
wdi2-2019-2021-372906f371e0391f,NIC,NI,NIC,Nicaragua,ISO-3166-1,economy,False,matched_iso,SH.XPD.CHEX.PP.CD,"Current health expenditure per capita, PPP (current international $)",current international $,2,World Development Indicators,2019,508.416699073,2026-07-13,\N,2,508.41669907259,2026-07-29T18:04:35Z
wdi2-2019-2021-372906f371e0391f,NIC,NI,NIC,Nicaragua,ISO-3166-1,economy,False,matched_iso,SH.XPD.CHEX.PP.CD,"Current health expenditure per capita, PPP (current international $)",current international $,2,World Development Indicators,2020,536.898505397,2026-07-13,\N,2,536.898505397354,2026-07-29T18:04:35Z
wdi2-2019-2021-372906f371e0391f,NIC,NI,NIC,Nicaragua,ISO-3166-1,economy,False,matched_iso,SH.XPD.CHEX.PP.CD,"Current health expenditure per capita, PPP (current international $)",current international $,2,World Development Indicators,2021,679.870322722,2026-07-13,\N,2,679.870322722145,2026-07-29T18:04:35Z
wdi2-2019-2021-372906f371e0391f,NIC,NI,NIC,Nicaragua,ISO-3166-1,economy,False,matched_iso,SP.POP.65UP.TO.ZS,Population ages 65 and above (% of total population),% of total population,2,World Development Indicators,2019,5.115469557,2026-07-13,\N,0,5.11546955676403,2026-07-29T18:04:35Z
wdi2-2019-2021-372906f371e0391f,NIC,NI,NIC,Nicaragua,ISO-3166-1,economy,False,matched_iso,SP.POP.65UP.TO.ZS,Population ages 65 and above (% of total population),% of total population,2,World Development Indicators,2020,5.160696435,2026-07-13,\N,0,5.16069643473754,2026-07-29T18:04:35Z
wdi2-2019-2021-372906f371e0391f,NIC,NI,NIC,Nicaragua,ISO-3166-1,economy,False,matched_iso,SP.POP.65UP.TO.ZS,Population ages 65 and above (% of total population),% of total population,2,World Development Indicators,2021,5.163948452,2026-07-13,\N,0,5.16394845186592,2026-07-29T18:04:35Z
wdi2-2019-2021-372906f371e0391f,NIC,NI,NIC,Nicaragua,ISO-3166-1,economy,False,matched_iso,SP.POP.TOTL,"Population, total",people,2,World Development Indicators,2019,6483657,2026-07-13,\N,0,6483657,2026-07-29T18:04:35Z
wdi2-2019-2021-372906f371e0391f,NIC,NI,NIC,Nicaragua,ISO-3166-1,economy,False,matched_iso,SP.POP.TOTL,"Population, total",people,2,World Development Indicators,2020,6565267,2026-07-13,\N,0,6565267,2026-07-29T18:04:35Z
wdi2-2019-2021-372906f371e0391f,NIC,NI,NIC,Nicaragua,ISO-3166-1,economy,False,matched_iso,SP.POP.TOTL,"Population, total",people,2,World Development Indicators,2021,6644741,2026-07-13,\N,0,6644741,2026-07-29T18:04:35Z
wdi2-2019-2021-372906f371e0391f,NLD,NL,NLD,Netherlands,ISO-3166-1,economy,False,matched_iso,EN.POP.DNST,Population density (people per sq. km of land area),people per sq. km of land area,2,World Development Indicators,2019,515.143272943,2026-07-13,\N,0,515.143272943273,2026-07-29T18:04:35Z
wdi2-2019-2021-372906f371e0391f,NLD,NL,NLD,Netherlands,ISO-3166-1,economy,False,matched_iso,EN.POP.DNST,Population density (people per sq. km of land area),people per sq. km of land area,2,World Development Indicators,2020,518.013068013,2026-07-13,\N,0,518.013068013068,2026-07-29T18:04:35Z
wdi2-2019-2021-372906f371e0391f,NLD,NL,NLD,Netherlands,ISO-3166-1,economy,False,matched_iso,EN.POP.DNST,Population density (people per sq. km of land area),people per sq. km of land area,2,World Development Indicators,2021,520.731927532,2026-07-13,\N,0,520.731927531928,2026-07-29T18:04:35Z
wdi2-2019-2021-372906f371e0391f,NLD,NL,NLD,Netherlands,ISO-3166-1,economy,False,matched_iso,NY.GDP.PCAP.KD,GDP per capita (constant 2015 US$),constant 2015 US$,2,World Development Indicators,2019,49254.024789064,2026-07-13,\N,1,49254.024789064,2026-07-29T18:04:35Z
wdi2-2019-2021-372906f371e0391f,NLD,NL,NLD,Netherlands,ISO-3166-1,economy,False,matched_iso,NY.GDP.PCAP.KD,GDP per capita (constant 2015 US$),constant 2015 US$,2,World Development Indicators,2020,47086.56747555,2026-07-13,\N,1,47086.5674755497,2026-07-29T18:04:35Z
wdi2-2019-2021-372906f371e0391f,NLD,NL,NLD,Netherlands,ISO-3166-1,economy,False,matched_iso,NY.GDP.PCAP.KD,GDP per capita (constant 2015 US$),constant 2015 US$,2,World Development Indicators,2021,49780.832835254,2026-07-13,\N,1,49780.8328352542,2026-07-29T18:04:35Z
wdi2-2019-2021-372906f371e0391f,NLD,NL,NLD,Netherlands,ISO-3166-1,economy,False,matched_iso,SH.XPD.CHEX.PP.CD,"Current health expenditure per capita, PPP (current international $)",current international $,2,World Development Indicators,2019,6217.204442333,2026-07-13,\N,2,6217.20444233328,2026-07-29T18:04:35Z
wdi2-2019-2021-372906f371e0391f,NLD,NL,NLD,Netherlands,ISO-3166-1,economy,False,matched_iso,SH.XPD.CHEX.PP.CD,"Current health expenditure per capita, PPP (current international $)",current international $,2,World Development Indicators,2020,6867.401113144,2026-07-13,\N,2,6867.40111314407,2026-07-29T18:04:35Z
wdi2-2019-2021-372906f371e0391f,NLD,NL,NLD,Netherlands,ISO-3166-1,economy,False,matched_iso,SH.XPD.CHEX.PP.CD,"Current health expenditure per capita, PPP (current international $)",current international $,2,World Development Indicators,2021,7660.839589935,2026-07-13,\N,2,7660.83958993544,2026-07-29T18:04:35Z
wdi2-2019-2021-372906f371e0391f,NLD,NL,NLD,Netherlands,ISO-3166-1,economy,False,matched_iso,SP.POP.65UP.TO.ZS,Population ages 65 and above (% of total population),% of total population,2,World Development Indicators,2019,19.064853402,2026-07-13,\N,0,19.0648534024819,2026-07-29T18:04:35Z
wdi2-2019-2021-372906f371e0391f,NLD,NL,NLD,Netherlands,ISO-3166-1,economy,False,matched_iso,SP.POP.65UP.TO.ZS,Population ages 65 and above (% of total population),% of total population,2,World Development Indicators,2020,19.370395228,2026-07-13,\N,0,19.3703952280046,2026-07-29T18:04:35Z
wdi2-2019-2021-372906f371e0391f,NLD,NL,NLD,Netherlands,ISO-3166-1,economy,False,matched_iso,SP.POP.65UP.TO.ZS,Population ages 65 and above (% of total population),% of total population,2,World Development Indicators,2021,19.661808831,2026-07-13,\N,0,19.6618088308361,2026-07-29T18:04:35Z
wdi2-2019-2021-372906f371e0391f,NLD,NL,NLD,Netherlands,ISO-3166-1,economy,False,matched_iso,SP.POP.TOTL,"Population, total",people,2,World Development Indicators,2019,17344874,2026-07-13,\N,0,17344874,2026-07-29T18:04:35Z
wdi2-2019-2021-372906f371e0391f,NLD,NL,NLD,Netherlands,ISO-3166-1,economy,False,matched_iso,SP.POP.TOTL,"Population, total",people,2,World Development Indicators,2020,17441500,2026-07-13,\N,0,17441500,2026-07-29T18:04:35Z
wdi2-2019-2021-372906f371e0391f,NLD,NL,NLD,Netherlands,ISO-3166-1,economy,False,matched_iso,SP.POP.TOTL,"Population, total",people,2,World Development Indicators,2021,17533044,2026-07-13,\N,0,17533044,2026-07-29T18:04:35Z
wdi2-2019-2021-372906f371e0391f,NOR,NO,NOR,Norway,ISO-3166-1,economy,False,matched_iso,EN.POP.DNST,Population density (people per sq. km of land area),people per sq. km of land area,2,World Development Indicators,2019,14.647997502,2026-07-13,\N,0,14.6479975020132,2026-07-29T18:04:35Z
wdi2-2019-2021-372906f371e0391f,NOR,NO,NOR,Norway,ISO-3166-1,economy,False,matched_iso,EN.POP.DNST,Population density (people per sq. km of land area),people per sq. km of land area,2,World Development Indicators,2020,14.76721523,2026-07-13,\N,0,14.7672152298338,2026-07-29T18:04:35Z
wdi2-2019-2021-372906f371e0391f,NOR,NO,NOR,Norway,ISO-3166-1,economy,False,matched_iso,EN.POP.DNST,Population density (people per sq. km of land area),people per sq. km of land area,2,World Development Indicators,2021,14.847009087,2026-07-13,\N,0,14.8470090866665,2026-07-29T18:04:35Z
wdi2-2019-2021-372906f371e0391f,NOR,NO,NOR,Norway,ISO-3166-1,economy,False,matched_iso,NY.GDP.PCAP.KD,GDP per capita (constant 2015 US$),constant 2015 US$,2,World Development Indicators,2019,79937.509788591,2026-07-13,\N,1,79937.5097885912,2026-07-29T18:04:35Z
wdi2-2019-2021-372906f371e0391f,NOR,NO,NOR,Norway,ISO-3166-1,economy,False,matched_iso,NY.GDP.PCAP.KD,GDP per capita (constant 2015 US$),constant 2015 US$,2,World Development Indicators,2020,78387.04350231,2026-07-13,\N,1,78387.0435023102,2026-07-29T18:04:35Z
wdi2-2019-2021-372906f371e0391f,NOR,NO,NOR,Norway,ISO-3166-1,economy,False,matched_iso,NY.GDP.PCAP.KD,GDP per capita (constant 2015 US$),constant 2015 US$,2,World Development Indicators,2021,81199.339149214,2026-07-13,\N,1,81199.3391492139,2026-07-29T18:04:35Z
wdi2-2019-2021-372906f371e0391f,NOR,NO,NOR,Norway,ISO-3166-1,economy,False,matched_iso,SH.XPD.CHEX.PP.CD,"Current health expenditure per capita, PPP (current international $)",current international $,2,World Development Indicators,2019,7432.085191215,2026-07-13,\N,2,7432.08519121522,2026-07-29T18:04:35Z
wdi2-2019-2021-372906f371e0391f,NOR,NO,NOR,Norway,ISO-3166-1,economy,False,matched_iso,SH.XPD.CHEX.PP.CD,"Current health expenditure per capita, PPP (current international $)",current international $,2,World Development Indicators,2020,7683.816077004,2026-07-13,\N,2,7683.81607700436,2026-07-29T18:04:35Z
wdi2-2019-2021-372906f371e0391f,NOR,NO,NOR,Norway,ISO-3166-1,economy,False,matched_iso,SH.XPD.CHEX.PP.CD,"Current health expenditure per capita, PPP (current international $)",current international $,2,World Development Indicators,2021,8760.596050223,2026-07-13,\N,2,8760.59605022262,2026-07-29T18:04:35Z
wdi2-2019-2021-372906f371e0391f,NOR,NO,NOR,Norway,ISO-3166-1,economy,False,matched_iso,SP.POP.65UP.TO.ZS,Population ages 65 and above (% of total population),% of total population,2,World Development Indicators,2019,17.394855631,2026-07-13,\N,0,17.3948556308139,2026-07-29T18:04:35Z
wdi2-2019-2021-372906f371e0391f,NOR,NO,NOR,Norway,ISO-3166-1,economy,False,matched_iso,SP.POP.65UP.TO.ZS,Population ages 65 and above (% of total population),% of total population,2,World Development Indicators,2020,17.728183927,2026-07-13,\N,0,17.7281839266957,2026-07-29T18:04:35Z
wdi2-2019-2021-372906f371e0391f,NOR,NO,NOR,Norway,ISO-3166-1,economy,False,matched_iso,SP.POP.65UP.TO.ZS,Population ages 65 and above (% of total population),% of total population,2,World Development Indicators,2021,18.074022615,2026-07-13,\N,0,18.0740226148213,2026-07-29T18:04:35Z
wdi2-2019-2021-372906f371e0391f,NOR,NO,NOR,Norway,ISO-3166-1,economy,False,matched_iso,SP.POP.TOTL,"Population, total",people,2,World Development Indicators,2019,5347896,2026-07-13,\N,0,5347896,2026-07-29T18:04:35Z
wdi2-2019-2021-372906f371e0391f,NOR,NO,NOR,Norway,ISO-3166-1,economy,False,matched_iso,SP.POP.TOTL,"Population, total",people,2,World Development Indicators,2020,5379475,2026-07-13,\N,0,5379475,2026-07-29T18:04:35Z
wdi2-2019-2021-372906f371e0391f,NOR,NO,NOR,Norway,ISO-3166-1,economy,False,matched_iso,SP.POP.TOTL,"Population, total",people,2,World Development Indicators,2021,5408320,2026-07-13,\N,0,5408320,2026-07-29T18:04:35Z
wdi2-2019-2021-372906f371e0391f,NPL,NP,NPL,Nepal,ISO-3166-1,economy,False,matched_iso,EN.POP.DNST,Population density (people per sq. km of land area),people per sq. km of land area,2,World Development Indicators,2019,198.214607604,2026-07-13,\N,0,198.214607603767,2026-07-29T18:04:35Z
wdi2-2019-2021-372906f371e0391f,NPL,NP,NPL,Nepal,ISO-3166-1,economy,False,matched_iso,EN.POP.DNST,Population density (people per sq. km of land area),people per sq. km of land area,2,World Development Indicators,2020,202.068880363,2026-07-13,\N,0,202.068880362749,2026-07-29T18:04:35Z
wdi2-2019-2021-372906f371e0391f,NPL,NP,NPL,Nepal,ISO-3166-1,economy,False,matched_iso,EN.POP.DNST,Population density (people per sq. km of land area),people per sq. km of land area,2,World Development Indicators,2021,205.615695849,2026-07-13,\N,0,205.61569584932,2026-07-29T18:04:35Z
wdi2-2019-2021-372906f371e0391f,NPL,NP,NPL,Nepal,ISO-3166-1,economy,False,matched_iso,NY.GDP.PCAP.KD,GDP per capita (constant 2015 US$),constant 2015 US$,2,World Development Indicators,2019,1077.117964982,2026-07-13,\N,1,1077.11796498188,2026-07-29T18:04:35Z
wdi2-2019-2021-372906f371e0391f,NPL,NP,NPL,Nepal,ISO-3166-1,economy,False,matched_iso,NY.GDP.PCAP.KD,GDP per capita (constant 2015 US$),constant 2015 US$,2,World Development Indicators,2020,1031.536187839,2026-07-13,\N,1,1031.53618783934,2026-07-29T18:04:35Z
wdi2-2019-2021-372906f371e0391f,NPL,NP,NPL,Nepal,ISO-3166-1,economy,False,matched_iso,NY.GDP.PCAP.KD,GDP per capita (constant 2015 US$),constant 2015 US$,2,World Development Indicators,2021,1062.788843063,2026-07-13,\N,1,1062.7888430629,2026-07-29T18:04:35Z
wdi2-2019-2021-372906f371e0391f,NPL,NP,NPL,Nepal,ISO-3166-1,economy,False,matched_iso,SH.XPD.CHEX.PP.CD,"Current health expenditure per capita, PPP (current international $)",current international $,2,World Development Indicators,2019,189.397470625,2026-07-13,\N,2,189.397470625068,2026-07-29T18:04:35Z
wdi2-2019-2021-372906f371e0391f,NPL,NP,NPL,Nepal,ISO-3166-1,economy,False,matched_iso,SH.XPD.CHEX.PP.CD,"Current health expenditure per capita, PPP (current international $)",current international $,2,World Development Indicators,2020,220.59284256,2026-07-13,\N,2,220.592842559729,2026-07-29T18:04:35Z
wdi2-2019-2021-372906f371e0391f,NPL,NP,NPL,Nepal,ISO-3166-1,economy,False,matched_iso,SH.XPD.CHEX.PP.CD,"Current health expenditure per capita, PPP (current international $)",current international $,2,World Development Indicators,2021,251.633030946,2026-07-13,\N,2,251.63303094647,2026-07-29T18:04:35Z
wdi2-2019-2021-372906f371e0391f,NPL,NP,NPL,Nepal,ISO-3166-1,economy,False,matched_iso,SP.POP.65UP.TO.ZS,Population ages 65 and above (% of total population),% of total population,2,World Development Indicators,2019,6.048200392,2026-07-13,\N,0,6.04820039203474,2026-07-29T18:04:35Z
wdi2-2019-2021-372906f371e0391f,NPL,NP,NPL,Nepal,ISO-3166-1,economy,False,matched_iso,SP.POP.65UP.TO.ZS,Population ages 65 and above (% of total population),% of total population,2,World Development Indicators,2020,6.088524551,2026-07-13,\N,0,6.08852455094405,2026-07-29T18:04:35Z
wdi2-2019-2021-372906f371e0391f,NPL,NP,NPL,Nepal,ISO-3166-1,economy,False,matched_iso,SP.POP.65UP.TO.ZS,Population ages 65 and above (% of total population),% of total population,2,World Development Indicators,2021,6.110869852,2026-07-13,\N,0,6.11086985212219,2026-07-29T18:04:35Z
wdi2-2019-2021-372906f371e0391f,NPL,NP,NPL,Nepal,ISO-3166-1,economy,False,matched_iso,SP.POP.TOTL,"Population, total",people,2,World Development Indicators,2019,28414064,2026-07-13,\N,0,28414064,2026-07-29T18:04:35Z
wdi2-2019-2021-372906f371e0391f,NPL,NP,NPL,Nepal,ISO-3166-1,economy,False,matched_iso,SP.POP.TOTL,"Population, total",people,2,World Development Indicators,2020,28966574,2026-07-13,\N,0,28966574,2026-07-29T18:04:35Z
wdi2-2019-2021-372906f371e0391f,NPL,NP,NPL,Nepal,ISO-3166-1,economy,False,matched_iso,SP.POP.TOTL,"Population, total",people,2,World Development Indicators,2021,29475010,2026-07-13,\N,0,29475010,2026-07-29T18:04:35Z
wdi2-2019-2021-372906f371e0391f,NRU,NR,NRU,Naoero,ISO-3166-1,economy,False,matched_iso,EN.POP.DNST,Population density (people per sq. km of land area),people per sq. km of land area,2,World Development Indicators,2019,579.35,2026-07-13,\N,0,579.35,2026-07-29T18:04:35Z
wdi2-2019-2021-372906f371e0391f,NRU,NR,NRU,Naoero,ISO-3166-1,economy,False,matched_iso,EN.POP.DNST,Population density (people per sq. km of land area),people per sq. km of land area,2,World Development Indicators,2020,582.15,2026-07-13,\N,0,582.15,2026-07-29T18:04:35Z
wdi2-2019-2021-372906f371e0391f,NRU,NR,NRU,Naoero,ISO-3166-1,economy,False,matched_iso,EN.POP.DNST,Population density (people per sq. km of land area),people per sq. km of land area,2,World Development Indicators,2021,585.45,2026-07-13,\N,0,585.45,2026-07-29T18:04:35Z
wdi2-2019-2021-372906f371e0391f,NRU,NR,NRU,Naoero,ISO-3166-1,economy,False,matched_iso,NY.GDP.PCAP.KD,GDP per capita (constant 2015 US$),constant 2015 US$,2,World Development Indicators,2019,7687.196433225,2026-07-13,\N,1,7687.19643322519,2026-07-29T18:04:35Z
wdi2-2019-2021-372906f371e0391f,NRU,NR,NRU,Naoero,ISO-3166-1,economy,False,matched_iso,NY.GDP.PCAP.KD,GDP per capita (constant 2015 US$),constant 2015 US$,2,World Development Indicators,2020,7770.69883784,2026-07-13,\N,1,7770.69883784016,2026-07-29T18:04:35Z
wdi2-2019-2021-372906f371e0391f,NRU,NR,NRU,Naoero,ISO-3166-1,economy,False,matched_iso,NY.GDP.PCAP.KD,GDP per capita (constant 2015 US$),constant 2015 US$,2,World Development Indicators,2021,8325.882146634,2026-07-13,\N,1,8325.88214663427,2026-07-29T18:04:35Z
wdi2-2019-2021-372906f371e0391f,NRU,NR,NRU,Naoero,ISO-3166-1,economy,False,matched_iso,SH.XPD.CHEX.PP.CD,"Current health expenditure per capita, PPP (current international $)",current international $,2,World Development Indicators,2019,1232.939389769,2026-07-13,\N,2,1232.93938976916,2026-07-29T18:04:35Z
wdi2-2019-2021-372906f371e0391f,NRU,NR,NRU,Naoero,ISO-3166-1,economy,False,matched_iso,SH.XPD.CHEX.PP.CD,"Current health expenditure per capita, PPP (current international $)",current international $,2,World Development Indicators,2020,1266.054188469,2026-07-13,\N,2,1266.05418846908,2026-07-29T18:04:35Z
wdi2-2019-2021-372906f371e0391f,NRU,NR,NRU,Naoero,ISO-3166-1,economy,False,matched_iso,SH.XPD.CHEX.PP.CD,"Current health expenditure per capita, PPP (current international $)",current international $,2,World Development Indicators,2021,1322.94616582,2026-07-13,\N,2,1322.94616582041,2026-07-29T18:04:35Z
wdi2-2019-2021-372906f371e0391f,NRU,NR,NRU,Naoero,ISO-3166-1,economy,False,matched_iso,SP.POP.65UP.TO.ZS,Population ages 65 and above (% of total population),% of total population,2,World Development Indicators,2019,2.041080521,2026-07-13,\N,0,2.04108052127384,2026-07-29T18:04:35Z
wdi2-2019-2021-372906f371e0391f,NRU,NR,NRU,Naoero,ISO-3166-1,economy,False,matched_iso,SP.POP.65UP.TO.ZS,Population ages 65 and above (% of total population),% of total population,2,World Development Indicators,2020,2.117151937,2026-07-13,\N,0,2.11715193678605,2026-07-29T18:04:35Z
wdi2-2019-2021-372906f371e0391f,NRU,NR,NRU,Naoero,ISO-3166-1,economy,False,matched_iso,SP.POP.65UP.TO.ZS,Population ages 65 and above (% of total population),% of total population,2,World Development Indicators,2021,2.220608959,2026-07-13,\N,0,2.22060895930307,2026-07-29T18:04:35Z
wdi2-2019-2021-372906f371e0391f,NRU,NR,NRU,Naoero,ISO-3166-1,economy,False,matched_iso,SP.POP.TOTL,"Population, total",people,2,World Development Indicators,2019,11587,2026-07-13,\N,0,11587,2026-07-29T18:04:35Z
wdi2-2019-2021-372906f371e0391f,NRU,NR,NRU,Naoero,ISO-3166-1,economy,False,matched_iso,SP.POP.TOTL,"Population, total",people,2,World Development Indicators,2020,11643,2026-07-13,\N,0,11643,2026-07-29T18:04:35Z
wdi2-2019-2021-372906f371e0391f,NRU,NR,NRU,Naoero,ISO-3166-1,economy,False,matched_iso,SP.POP.TOTL,"Population, total",people,2,World Development Indicators,2021,11709,2026-07-13,\N,0,11709,2026-07-29T18:04:35Z
wdi2-2019-2021-372906f371e0391f,NZL,NZ,NZL,New Zealand,ISO-3166-1,economy,False,matched_iso,EN.POP.DNST,Population density (people per sq. km of land area),people per sq. km of land area,2,World Development Indicators,2019,18.876229539,2026-07-13,\N,0,18.8762295393263,2026-07-29T18:04:35Z
wdi2-2019-2021-372906f371e0391f,NZL,NZ,NZL,New Zealand,ISO-3166-1,economy,False,matched_iso,EN.POP.DNST,Population density (people per sq. km of land area),people per sq. km of land area,2,World Development Indicators,2020,19.263985416,2026-07-13,\N,0,19.2639854164293,2026-07-29T18:04:35Z
wdi2-2019-2021-372906f371e0391f,NZL,NZ,NZL,New Zealand,ISO-3166-1,economy,False,matched_iso,EN.POP.DNST,Population density (people per sq. km of land area),people per sq. km of land area,2,World Development Indicators,2021,19.310318636,2026-07-13,\N,0,19.3103186358285,2026-07-29T18:04:35Z
wdi2-2019-2021-372906f371e0391f,NZL,NZ,NZL,New Zealand,ISO-3166-1,economy,False,matched_iso,NY.GDP.PCAP.KD,GDP per capita (constant 2015 US$),constant 2015 US$,2,World Development Indicators,2019,40615.726694654,2026-07-13,\N,1,40615.7266946543,2026-07-29T18:04:35Z
wdi2-2019-2021-372906f371e0391f,NZL,NZ,NZL,New Zealand,ISO-3166-1,economy,False,matched_iso,NY.GDP.PCAP.KD,GDP per capita (constant 2015 US$),constant 2015 US$,2,World Development Indicators,2020,39702.311209042,2026-07-13,\N,1,39702.3112090418,2026-07-29T18:04:35Z
wdi2-2019-2021-372906f371e0391f,NZL,NZ,NZL,New Zealand,ISO-3166-1,economy,False,matched_iso,NY.GDP.PCAP.KD,GDP per capita (constant 2015 US$),constant 2015 US$,2,World Development Indicators,2021,41309.819845134,2026-07-13,\N,1,41309.8198451344,2026-07-29T18:04:35Z
wdi2-2019-2021-372906f371e0391f,NZL,NZ,NZL,New Zealand,ISO-3166-1,economy,False,matched_iso,SH.XPD.CHEX.PP.CD,"Current health expenditure per capita, PPP (current international $)",current international $,2,World Development Indicators,2019,3887.60313149,2026-07-13,\N,2,3887.60313149013,2026-07-29T18:04:35Z
wdi2-2019-2021-372906f371e0391f,NZL,NZ,NZL,New Zealand,ISO-3166-1,economy,False,matched_iso,SH.XPD.CHEX.PP.CD,"Current health expenditure per capita, PPP (current international $)",current international $,2,World Development Indicators,2020,4213.142290077,2026-07-13,\N,2,4213.14229007728,2026-07-29T18:04:35Z
wdi2-2019-2021-372906f371e0391f,NZL,NZ,NZL,New Zealand,ISO-3166-1,economy,False,matched_iso,SH.XPD.CHEX.PP.CD,"Current health expenditure per capita, PPP (current international $)",current international $,2,World Development Indicators,2021,4587.251427055,2026-07-13,\N,2,4587.2514270549,2026-07-29T18:04:35Z
wdi2-2019-2021-372906f371e0391f,NZL,NZ,NZL,New Zealand,ISO-3166-1,economy,False,matched_iso,SP.POP.65UP.TO.ZS,Population ages 65 and above (% of total population),% of total population,2,World Development Indicators,2019,15.301611766,2026-07-13,\N,0,15.3016117661383,2026-07-29T18:04:35Z
wdi2-2019-2021-372906f371e0391f,NZL,NZ,NZL,New Zealand,ISO-3166-1,economy,False,matched_iso,SP.POP.65UP.TO.ZS,Population ages 65 and above (% of total population),% of total population,2,World Development Indicators,2020,15.620717983,2026-07-13,\N,0,15.6207179833113,2026-07-29T18:04:35Z
wdi2-2019-2021-372906f371e0391f,NZL,NZ,NZL,New Zealand,ISO-3166-1,economy,False,matched_iso,SP.POP.65UP.TO.ZS,Population ages 65 and above (% of total population),% of total population,2,World Development Indicators,2021,16.046577944,2026-07-13,\N,0,16.0465779436973,2026-07-29T18:04:35Z
wdi2-2019-2021-372906f371e0391f,NZL,NZ,NZL,New Zealand,ISO-3166-1,economy,False,matched_iso,SP.POP.TOTL,"Population, total",people,2,World Development Indicators,2019,4970300,2026-07-13,\N,0,4970300,2026-07-29T18:04:35Z
wdi2-2019-2021-372906f371e0391f,NZL,NZ,NZL,New Zealand,ISO-3166-1,economy,False,matched_iso,SP.POP.TOTL,"Population, total",people,2,World Development Indicators,2020,5072400,2026-07-13,\N,0,5072400,2026-07-29T18:04:35Z
wdi2-2019-2021-372906f371e0391f,NZL,NZ,NZL,New Zealand,ISO-3166-1,economy,False,matched_iso,SP.POP.TOTL,"Population, total",people,2,World Development Indicators,2021,5084600,2026-07-13,\N,0,5084600,2026-07-29T18:04:35Z
wdi2-2019-2021-372906f371e0391f,OMN,OM,OMN,Oman,ISO-3166-1,economy,False,matched_iso,EN.POP.DNST,Population density (people per sq. km of land area),people per sq. km of land area,2,World Development Indicators,2019,14.83438126,2026-07-13,\N,0,14.8343812600969,2026-07-29T18:04:35Z
wdi2-2019-2021-372906f371e0391f,OMN,OM,OMN,Oman,ISO-3166-1,economy,False,matched_iso,EN.POP.DNST,Population density (people per sq. km of land area),people per sq. km of land area,2,World Development Indicators,2020,14.612268174,2026-07-13,\N,0,14.612268174475,2026-07-29T18:04:35Z
wdi2-2019-2021-372906f371e0391f,OMN,OM,OMN,Oman,ISO-3166-1,economy,False,matched_iso,EN.POP.DNST,Population density (people per sq. km of land area),people per sq. km of land area,2,World Development Indicators,2021,14.540949919,2026-07-13,\N,0,14.5409499192246,2026-07-29T18:04:35Z
wdi2-2019-2021-372906f371e0391f,OMN,OM,OMN,Oman,ISO-3166-1,economy,False,matched_iso,NY.GDP.PCAP.KD,GDP per capita (constant 2015 US$),constant 2015 US$,2,World Development Indicators,2019,18089.586668488,2026-07-13,\N,1,18089.586668488,2026-07-29T18:04:35Z
wdi2-2019-2021-372906f371e0391f,OMN,OM,OMN,Oman,ISO-3166-1,economy,False,matched_iso,NY.GDP.PCAP.KD,GDP per capita (constant 2015 US$),constant 2015 US$,2,World Development Indicators,2020,17743.885880048,2026-07-13,\N,1,17743.8858800477,2026-07-29T18:04:35Z
wdi2-2019-2021-372906f371e0391f,OMN,OM,OMN,Oman,ISO-3166-1,economy,False,matched_iso,NY.GDP.PCAP.KD,GDP per capita (constant 2015 US$),constant 2015 US$,2,World Development Indicators,2021,18291.338798389,2026-07-13,\N,1,18291.3387983888,2026-07-29T18:04:35Z
wdi2-2019-2021-372906f371e0391f,OMN,OM,OMN,Oman,ISO-3166-1,economy,False,matched_iso,SH.XPD.CHEX.PP.CD,"Current health expenditure per capita, PPP (current international $)",current international $,2,World Development Indicators,2019,1417.923920057,2026-07-13,\N,2,1417.92392005672,2026-07-29T18:04:35Z
wdi2-2019-2021-372906f371e0391f,OMN,OM,OMN,Oman,ISO-3166-1,economy,False,matched_iso,SH.XPD.CHEX.PP.CD,"Current health expenditure per capita, PPP (current international $)",current international $,2,World Development Indicators,2020,1800.079358929,2026-07-13,\N,2,1800.07935892882,2026-07-29T18:04:35Z
wdi2-2019-2021-372906f371e0391f,OMN,OM,OMN,Oman,ISO-3166-1,economy,False,matched_iso,SH.XPD.CHEX.PP.CD,"Current health expenditure per capita, PPP (current international $)",current international $,2,World Development Indicators,2021,1682.239162627,2026-07-13,\N,2,1682.23916262747,2026-07-29T18:04:35Z
wdi2-2019-2021-372906f371e0391f,OMN,OM,OMN,Oman,ISO-3166-1,economy,False,matched_iso,SP.POP.65UP.TO.ZS,Population ages 65 and above (% of total population),% of total population,2,World Development Indicators,2019,2.610742934,2026-07-13,\N,0,2.61074293420886,2026-07-29T18:04:35Z
wdi2-2019-2021-372906f371e0391f,OMN,OM,OMN,Oman,ISO-3166-1,economy,False,matched_iso,SP.POP.65UP.TO.ZS,Population ages 65 and above (% of total population),% of total population,2,World Development Indicators,2020,2.607022471,2026-07-13,\N,0,2.60702247088527,2026-07-29T18:04:35Z
wdi2-2019-2021-372906f371e0391f,OMN,OM,OMN,Oman,ISO-3166-1,economy,False,matched_iso,SP.POP.65UP.TO.ZS,Population ages 65 and above (% of total population),% of total population,2,World Development Indicators,2021,2.615964629,2026-07-13,\N,0,2.6159646291105,2026-07-29T18:04:35Z
wdi2-2019-2021-372906f371e0391f,OMN,OM,OMN,Oman,ISO-3166-1,economy,False,matched_iso,SP.POP.TOTL,"Population, total",people,2,World Development Indicators,2019,4591241,2026-07-13,\N,0,4591241,2026-07-29T18:04:35Z
wdi2-2019-2021-372906f371e0391f,OMN,OM,OMN,Oman,ISO-3166-1,economy,False,matched_iso,SP.POP.TOTL,"Population, total",people,2,World Development Indicators,2020,4522497,2026-07-13,\N,0,4522497,2026-07-29T18:04:35Z
wdi2-2019-2021-372906f371e0391f,OMN,OM,OMN,Oman,ISO-3166-1,economy,False,matched_iso,SP.POP.TOTL,"Population, total",people,2,World Development Indicators,2021,4500424,2026-07-13,\N,0,4500424,2026-07-29T18:04:35Z
wdi2-2019-2021-372906f371e0391f,PAK,PK,PAK,Pakistan,ISO-3166-1,economy,False,matched_iso,EN.POP.DNST,Population density (people per sq. km of land area),people per sq. km of land area,2,World Development Indicators,2019,299.399256694,2026-07-13,\N,0,299.399256693649,2026-07-29T18:04:35Z
wdi2-2019-2021-372906f371e0391f,PAK,PK,PAK,Pakistan,ISO-3166-1,economy,False,matched_iso,EN.POP.DNST,Population density (people per sq. km of land area),people per sq. km of land area,2,World Development Indicators,2020,304.848674242,2026-07-13,\N,0,304.848674242424,2026-07-29T18:04:35Z
wdi2-2019-2021-372906f371e0391f,PAK,PK,PAK,Pakistan,ISO-3166-1,economy,False,matched_iso,EN.POP.DNST,Population density (people per sq. km of land area),people per sq. km of land area,2,World Development Indicators,2021,310.655096773,2026-07-13,\N,0,310.65509677252,2026-07-29T18:04:35Z
wdi2-2019-2021-372906f371e0391f,PAK,PK,PAK,Pakistan,ISO-3166-1,economy,False,matched_iso,NY.GDP.PCAP.KD,GDP per capita (constant 2015 US$),constant 2015 US$,2,World Development Indicators,2019,1573.833082694,2026-07-13,\N,1,1573.8330826937,2026-07-29T18:04:35Z
wdi2-2019-2021-372906f371e0391f,PAK,PK,PAK,Pakistan,ISO-3166-1,economy,False,matched_iso,NY.GDP.PCAP.KD,GDP per capita (constant 2015 US$),constant 2015 US$,2,World Development Indicators,2020,1526.005974863,2026-07-13,\N,1,1526.00597486307,2026-07-29T18:04:35Z
wdi2-2019-2021-372906f371e0391f,PAK,PK,PAK,Pakistan,ISO-3166-1,economy,False,matched_iso,NY.GDP.PCAP.KD,GDP per capita (constant 2015 US$),constant 2015 US$,2,World Development Indicators,2021,1595.027921754,2026-07-13,\N,1,1595.02792175422,2026-07-29T18:04:35Z
wdi2-2019-2021-372906f371e0391f,PAK,PK,PAK,Pakistan,ISO-3166-1,economy,False,matched_iso,SH.XPD.CHEX.PP.CD,"Current health expenditure per capita, PPP (current international $)",current international $,2,World Development Indicators,2019,143.43720036,2026-07-13,\N,2,143.437200359894,2026-07-29T18:04:35Z
wdi2-2019-2021-372906f371e0391f,PAK,PK,PAK,Pakistan,ISO-3166-1,economy,False,matched_iso,SH.XPD.CHEX.PP.CD,"Current health expenditure per capita, PPP (current international $)",current international $,2,World Development Indicators,2020,149.054448169,2026-07-13,\N,2,149.054448169153,2026-07-29T18:04:35Z
wdi2-2019-2021-372906f371e0391f,PAK,PK,PAK,Pakistan,ISO-3166-1,economy,False,matched_iso,SH.XPD.CHEX.PP.CD,"Current health expenditure per capita, PPP (current international $)",current international $,2,World Development Indicators,2021,160.489977215,2026-07-13,\N,2,160.48997721451,2026-07-29T18:04:35Z
wdi2-2019-2021-372906f371e0391f,PAK,PK,PAK,Pakistan,ISO-3166-1,economy,False,matched_iso,SP.POP.65UP.TO.ZS,Population ages 65 and above (% of total population),% of total population,2,World Development Indicators,2019,3.984474956,2026-07-13,\N,0,3.98447495645256,2026-07-29T18:04:35Z
wdi2-2019-2021-372906f371e0391f,PAK,PK,PAK,Pakistan,ISO-3166-1,economy,False,matched_iso,SP.POP.65UP.TO.ZS,Population ages 65 and above (% of total population),% of total population,2,World Development Indicators,2020,4.022657772,2026-07-13,\N,0,4.02265777208311,2026-07-29T18:04:35Z
wdi2-2019-2021-372906f371e0391f,PAK,PK,PAK,Pakistan,ISO-3166-1,economy,False,matched_iso,SP.POP.65UP.TO.ZS,Population ages 65 and above (% of total population),% of total population,2,World Development Indicators,2021,4.05217393,2026-07-13,\N,0,4.05217393000066,2026-07-29T18:04:35Z
wdi2-2019-2021-372906f371e0391f,PAK,PK,PAK,Pakistan,ISO-3166-1,economy,False,matched_iso,SP.POP.TOTL,"Population, total",people,2,World Development Indicators,2019,230800899,2026-07-13,\N,0,230800899,2026-07-29T18:04:35Z
wdi2-2019-2021-372906f371e0391f,PAK,PK,PAK,Pakistan,ISO-3166-1,economy,False,matched_iso,SP.POP.TOTL,"Population, total",people,2,World Development Indicators,2020,235001746,2026-07-13,\N,0,235001746,2026-07-29T18:04:35Z
wdi2-2019-2021-372906f371e0391f,PAK,PK,PAK,Pakistan,ISO-3166-1,economy,False,matched_iso,SP.POP.TOTL,"Population, total",people,2,World Development Indicators,2021,239477801,2026-07-13,\N,0,239477801,2026-07-29T18:04:35Z
wdi2-2019-2021-372906f371e0391f,PAN,PA,PAN,Panama,ISO-3166-1,economy,False,matched_iso,EN.POP.DNST,Population density (people per sq. km of land area),people per sq. km of land area,2,World Development Indicators,2019,57.086815853,2026-07-13,\N,0,57.0868158533297,2026-07-29T18:04:35Z
wdi2-2019-2021-372906f371e0391f,PAN,PA,PAN,Panama,ISO-3166-1,economy,False,matched_iso,EN.POP.DNST,Population density (people per sq. km of land area),people per sq. km of land area,2,World Development Indicators,2020,57.876260448,2026-07-13,\N,0,57.87626044756,2026-07-29T18:04:35Z
wdi2-2019-2021-372906f371e0391f,PAN,PA,PAN,Panama,ISO-3166-1,economy,False,matched_iso,EN.POP.DNST,Population density (people per sq. km of land area),people per sq. km of land area,2,World Development Indicators,2021,58.579199245,2026-07-13,\N,0,58.5791992450795,2026-07-29T18:04:35Z
wdi2-2019-2021-372906f371e0391f,PAN,PA,PAN,Panama,ISO-3166-1,economy,False,matched_iso,NY.GDP.PCAP.KD,GDP per capita (constant 2015 US$),constant 2015 US$,2,World Development Indicators,2019,15602.531520971,2026-07-13,\N,1,15602.5315209709,2026-07-29T18:04:35Z
wdi2-2019-2021-372906f371e0391f,PAN,PA,PAN,Panama,ISO-3166-1,economy,False,matched_iso,NY.GDP.PCAP.KD,GDP per capita (constant 2015 US$),constant 2015 US$,2,World Development Indicators,2020,12647.091422728,2026-07-13,\N,1,12647.0914227279,2026-07-29T18:04:35Z
wdi2-2019-2021-372906f371e0391f,PAN,PA,PAN,Panama,ISO-3166-1,economy,False,matched_iso,NY.GDP.PCAP.KD,GDP per capita (constant 2015 US$),constant 2015 US$,2,World Development Indicators,2021,14552.934527177,2026-07-13,\N,1,14552.9345271768,2026-07-29T18:04:35Z
wdi2-2019-2021-372906f371e0391f,PAN,PA,PAN,Panama,ISO-3166-1,economy,False,matched_iso,SH.XPD.CHEX.PP.CD,"Current health expenditure per capita, PPP (current international $)",current international $,2,World Development Indicators,2019,2701.982355605,2026-07-13,\N,2,2701.98235560497,2026-07-29T18:04:35Z
wdi2-2019-2021-372906f371e0391f,PAN,PA,PAN,Panama,ISO-3166-1,economy,False,matched_iso,SH.XPD.CHEX.PP.CD,"Current health expenditure per capita, PPP (current international $)",current international $,2,World Development Indicators,2020,2761.451824705,2026-07-13,\N,2,2761.45182470466,2026-07-29T18:04:35Z
wdi2-2019-2021-372906f371e0391f,PAN,PA,PAN,Panama,ISO-3166-1,economy,False,matched_iso,SH.XPD.CHEX.PP.CD,"Current health expenditure per capita, PPP (current international $)",current international $,2,World Development Indicators,2021,2826.372652956,2026-07-13,\N,2,2826.37265295582,2026-07-29T18:04:35Z
wdi2-2019-2021-372906f371e0391f,PAN,PA,PAN,Panama,ISO-3166-1,economy,False,matched_iso,SP.POP.65UP.TO.ZS,Population ages 65 and above (% of total population),% of total population,2,World Development Indicators,2019,8.069543525,2026-07-13,\N,0,8.06954352497892,2026-07-29T18:04:35Z
wdi2-2019-2021-372906f371e0391f,PAN,PA,PAN,Panama,ISO-3166-1,economy,False,matched_iso,SP.POP.65UP.TO.ZS,Population ages 65 and above (% of total population),% of total population,2,World Development Indicators,2020,8.293416124,2026-07-13,\N,0,8.29341612354804,2026-07-29T18:04:35Z
wdi2-2019-2021-372906f371e0391f,PAN,PA,PAN,Panama,ISO-3166-1,economy,False,matched_iso,SP.POP.65UP.TO.ZS,Population ages 65 and above (% of total population),% of total population,2,World Development Indicators,2021,8.50886166,2026-07-13,\N,0,8.50886165961516,2026-07-29T18:04:35Z
wdi2-2019-2021-372906f371e0391f,PAN,PA,PAN,Panama,ISO-3166-1,economy,False,matched_iso,SP.POP.TOTL,"Population, total",people,2,World Development Indicators,2019,4234700,2026-07-13,\N,0,4234700,2026-07-29T18:04:35Z
wdi2-2019-2021-372906f371e0391f,PAN,PA,PAN,Panama,ISO-3166-1,economy,False,matched_iso,SP.POP.TOTL,"Population, total",people,2,World Development Indicators,2020,4293261,2026-07-13,\N,0,4293261,2026-07-29T18:04:35Z
wdi2-2019-2021-372906f371e0391f,PAN,PA,PAN,Panama,ISO-3166-1,economy,False,matched_iso,SP.POP.TOTL,"Population, total",people,2,World Development Indicators,2021,4345405,2026-07-13,\N,0,4345405,2026-07-29T18:04:35Z
wdi2-2019-2021-372906f371e0391f,PER,PE,PER,Peru,ISO-3166-1,economy,False,matched_iso,EN.POP.DNST,Population density (people per sq. km of land area),people per sq. km of land area,2,World Development Indicators,2019,25.351017969,2026-07-13,\N,0,25.35101796875,2026-07-29T18:04:35Z
wdi2-2019-2021-372906f371e0391f,PER,PE,PER,Peru,ISO-3166-1,economy,False,matched_iso,EN.POP.DNST,Population density (people per sq. km of land area),people per sq. km of land area,2,World Development Indicators,2020,25.655139844,2026-07-13,\N,0,25.65513984375,2026-07-29T18:04:35Z
wdi2-2019-2021-372906f371e0391f,PER,PE,PER,Peru,ISO-3166-1,economy,False,matched_iso,EN.POP.DNST,Population density (people per sq. km of land area),people per sq. km of land area,2,World Development Indicators,2021,25.903032812,2026-07-13,\N,0,25.9030328125,2026-07-29T18:04:35Z
wdi2-2019-2021-372906f371e0391f,PER,PE,PER,Peru,ISO-3166-1,economy,False,matched_iso,NY.GDP.PCAP.KD,GDP per capita (constant 2015 US$),constant 2015 US$,2,World Development Indicators,2019,6626.26083495,2026-07-13,\N,1,6626.26083494969,2026-07-29T18:04:35Z
wdi2-2019-2021-372906f371e0391f,PER,PE,PER,Peru,ISO-3166-1,economy,False,matched_iso,NY.GDP.PCAP.KD,GDP per capita (constant 2015 US$),constant 2015 US$,2,World Development Indicators,2020,5831.830247585,2026-07-13,\N,1,5831.83024758521,2026-07-29T18:04:35Z
wdi2-2019-2021-372906f371e0391f,PER,PE,PER,Peru,ISO-3166-1,economy,False,matched_iso,NY.GDP.PCAP.KD,GDP per capita (constant 2015 US$),constant 2015 US$,2,World Development Indicators,2021,6550.967475439,2026-07-13,\N,1,6550.96747543872,2026-07-29T18:04:35Z
wdi2-2019-2021-372906f371e0391f,PER,PE,PER,Peru,ISO-3166-1,economy,False,matched_iso,SH.XPD.CHEX.PP.CD,"Current health expenditure per capita, PPP (current international $)",current international $,2,World Development Indicators,2019,709.342868059,2026-07-13,\N,2,709.342868059496,2026-07-29T18:04:35Z
wdi2-2019-2021-372906f371e0391f,PER,PE,PER,Peru,ISO-3166-1,economy,False,matched_iso,SH.XPD.CHEX.PP.CD,"Current health expenditure per capita, PPP (current international $)",current international $,2,World Development Indicators,2020,817.58133035,2026-07-13,\N,2,817.581330350486,2026-07-29T18:04:35Z
wdi2-2019-2021-372906f371e0391f,PER,PE,PER,Peru,ISO-3166-1,economy,False,matched_iso,SH.XPD.CHEX.PP.CD,"Current health expenditure per capita, PPP (current international $)",current international $,2,World Development Indicators,2021,1019.321046243,2026-07-13,\N,2,1019.321046243,2026-07-29T18:04:35Z
wdi2-2019-2021-372906f371e0391f,PER,PE,PER,Peru,ISO-3166-1,economy,False,matched_iso,SP.POP.65UP.TO.ZS,Population ages 65 and above (% of total population),% of total population,2,World Development Indicators,2019,8.606973777,2026-07-13,\N,0,8.60697377690978,2026-07-29T18:04:35Z
wdi2-2019-2021-372906f371e0391f,PER,PE,PER,Peru,ISO-3166-1,economy,False,matched_iso,SP.POP.65UP.TO.ZS,Population ages 65 and above (% of total population),% of total population,2,World Development Indicators,2020,8.718075031,2026-07-13,\N,0,8.71807503122965,2026-07-29T18:04:35Z
wdi2-2019-2021-372906f371e0391f,PER,PE,PER,Peru,ISO-3166-1,economy,False,matched_iso,SP.POP.65UP.TO.ZS,Population ages 65 and above (% of total population),% of total population,2,World Development Indicators,2021,8.75409226,2026-07-13,\N,0,8.75409226031146,2026-07-29T18:04:35Z
wdi2-2019-2021-372906f371e0391f,PER,PE,PER,Peru,ISO-3166-1,economy,False,matched_iso,SP.POP.TOTL,"Population, total",people,2,World Development Indicators,2019,32449303,2026-07-13,\N,0,32449303,2026-07-29T18:04:35Z
wdi2-2019-2021-372906f371e0391f,PER,PE,PER,Peru,ISO-3166-1,economy,False,matched_iso,SP.POP.TOTL,"Population, total",people,2,World Development Indicators,2020,32838579,2026-07-13,\N,0,32838579,2026-07-29T18:04:35Z
wdi2-2019-2021-372906f371e0391f,PER,PE,PER,Peru,ISO-3166-1,economy,False,matched_iso,SP.POP.TOTL,"Population, total",people,2,World Development Indicators,2021,33155882,2026-07-13,\N,0,33155882,2026-07-29T18:04:35Z
wdi2-2019-2021-372906f371e0391f,PHL,PH,PHL,Philippines,ISO-3166-1,economy,False,matched_iso,EN.POP.DNST,Population density (people per sq. km of land area),people per sq. km of land area,2,World Development Indicators,2019,371.615799712,2026-07-13,\N,0,371.615799711574,2026-07-29T18:04:35Z
wdi2-2019-2021-372906f371e0391f,PHL,PH,PHL,Philippines,ISO-3166-1,economy,False,matched_iso,EN.POP.DNST,Population density (people per sq. km of land area),people per sq. km of land area,2,World Development Indicators,2020,375.897186169,2026-07-13,\N,0,375.897186168964,2026-07-29T18:04:35Z
wdi2-2019-2021-372906f371e0391f,PHL,PH,PHL,Philippines,ISO-3166-1,economy,False,matched_iso,EN.POP.DNST,Population density (people per sq. km of land area),people per sq. km of land area,2,World Development Indicators,2021,379.317000369,2026-07-13,\N,0,379.317000368917,2026-07-29T18:04:35Z
wdi2-2019-2021-372906f371e0391f,PHL,PH,PHL,Philippines,ISO-3166-1,economy,False,matched_iso,NY.GDP.PCAP.KD,GDP per capita (constant 2015 US$),constant 2015 US$,2,World Development Indicators,2019,3575.881709229,2026-07-13,\N,1,3575.88170922922,2026-07-29T18:04:35Z
wdi2-2019-2021-372906f371e0391f,PHL,PH,PHL,Philippines,ISO-3166-1,economy,False,matched_iso,NY.GDP.PCAP.KD,GDP per capita (constant 2015 US$),constant 2015 US$,2,World Development Indicators,2020,3198.666900084,2026-07-13,\N,1,3198.66690008413,2026-07-29T18:04:35Z
wdi2-2019-2021-372906f371e0391f,PHL,PH,PHL,Philippines,ISO-3166-1,economy,False,matched_iso,NY.GDP.PCAP.KD,GDP per capita (constant 2015 US$),constant 2015 US$,2,World Development Indicators,2021,3350.975875878,2026-07-13,\N,1,3350.97587587776,2026-07-29T18:04:35Z
wdi2-2019-2021-372906f371e0391f,PHL,PH,PHL,Philippines,ISO-3166-1,economy,False,matched_iso,SH.XPD.CHEX.PP.CD,"Current health expenditure per capita, PPP (current international $)",current international $,2,World Development Indicators,2019,371.819121077,2026-07-13,\N,2,371.819121076887,2026-07-29T18:04:35Z
wdi2-2019-2021-372906f371e0391f,PHL,PH,PHL,Philippines,ISO-3166-1,economy,False,matched_iso,SH.XPD.CHEX.PP.CD,"Current health expenditure per capita, PPP (current international $)",current international $,2,World Development Indicators,2020,425.276155233,2026-07-13,\N,2,425.276155233165,2026-07-29T18:04:35Z
wdi2-2019-2021-372906f371e0391f,PHL,PH,PHL,Philippines,ISO-3166-1,economy,False,matched_iso,SH.XPD.CHEX.PP.CD,"Current health expenditure per capita, PPP (current international $)",current international $,2,World Development Indicators,2021,529.253478722,2026-07-13,\N,2,529.25347872163,2026-07-29T18:04:35Z
wdi2-2019-2021-372906f371e0391f,PHL,PH,PHL,Philippines,ISO-3166-1,economy,False,matched_iso,SP.POP.65UP.TO.ZS,Population ages 65 and above (% of total population),% of total population,2,World Development Indicators,2019,4.519426744,2026-07-13,\N,0,4.51942674426754,2026-07-29T18:04:35Z
wdi2-2019-2021-372906f371e0391f,PHL,PH,PHL,Philippines,ISO-3166-1,economy,False,matched_iso,SP.POP.65UP.TO.ZS,Population ages 65 and above (% of total population),% of total population,2,World Development Indicators,2020,4.725674311,2026-07-13,\N,0,4.72567431073939,2026-07-29T18:04:35Z
wdi2-2019-2021-372906f371e0391f,PHL,PH,PHL,Philippines,ISO-3166-1,economy,False,matched_iso,SP.POP.65UP.TO.ZS,Population ages 65 and above (% of total population),% of total population,2,World Development Indicators,2021,4.880730445,2026-07-13,\N,0,4.8807304447929,2026-07-29T18:04:35Z
wdi2-2019-2021-372906f371e0391f,PHL,PH,PHL,Philippines,ISO-3166-1,economy,False,matched_iso,SP.POP.TOTL,"Population, total",people,2,World Development Indicators,2019,110804683,2026-07-13,\N,0,110804683,2026-07-29T18:04:35Z
wdi2-2019-2021-372906f371e0391f,PHL,PH,PHL,Philippines,ISO-3166-1,economy,False,matched_iso,SP.POP.TOTL,"Population, total",people,2,World Development Indicators,2020,112081264,2026-07-13,\N,0,112081264,2026-07-29T18:04:35Z
wdi2-2019-2021-372906f371e0391f,PHL,PH,PHL,Philippines,ISO-3166-1,economy,False,matched_iso,SP.POP.TOTL,"Population, total",people,2,World Development Indicators,2021,113100950,2026-07-13,\N,0,113100950,2026-07-29T18:04:35Z
wdi2-2019-2021-372906f371e0391f,PLW,PW,PLW,Palau,ISO-3166-1,economy,False,matched_iso,EN.POP.DNST,Population density (people per sq. km of land area),people per sq. km of land area,2,World Development Indicators,2019,38.691304348,2026-07-13,\N,0,38.6913043478261,2026-07-29T18:04:35Z
wdi2-2019-2021-372906f371e0391f,PLW,PW,PLW,Palau,ISO-3166-1,economy,False,matched_iso,EN.POP.DNST,Population density (people per sq. km of land area),people per sq. km of land area,2,World Development Indicators,2020,38.67826087,2026-07-13,\N,0,38.6782608695652,2026-07-29T18:04:35Z
wdi2-2019-2021-372906f371e0391f,PLW,PW,PLW,Palau,ISO-3166-1,economy,False,matched_iso,EN.POP.DNST,Population density (people per sq. km of land area),people per sq. km of land area,2,World Development Indicators,2021,38.658695652,2026-07-13,\N,0,38.6586956521739,2026-07-29T18:04:35Z
wdi2-2019-2021-372906f371e0391f,PLW,PW,PLW,Palau,ISO-3166-1,economy,False,matched_iso,NY.GDP.PCAP.KD,GDP per capita (constant 2015 US$),constant 2015 US$,2,World Development Indicators,2019,15606.482763437,2026-07-13,\N,1,15606.4827634374,2026-07-29T18:04:35Z
wdi2-2019-2021-372906f371e0391f,PLW,PW,PLW,Palau,ISO-3166-1,economy,False,matched_iso,NY.GDP.PCAP.KD,GDP per capita (constant 2015 US$),constant 2015 US$,2,World Development Indicators,2020,14673.884597578,2026-07-13,\N,1,14673.8845975778,2026-07-29T18:04:35Z
wdi2-2019-2021-372906f371e0391f,PLW,PW,PLW,Palau,ISO-3166-1,economy,False,matched_iso,NY.GDP.PCAP.KD,GDP per capita (constant 2015 US$),constant 2015 US$,2,World Development Indicators,2021,12932.085706023,2026-07-13,\N,1,12932.0857060233,2026-07-29T18:04:35Z
wdi2-2019-2021-372906f371e0391f,PLW,PW,PLW,Palau,ISO-3166-1,economy,False,matched_iso,SH.XPD.CHEX.PP.CD,"Current health expenditure per capita, PPP (current international $)",current international $,2,World Development Indicators,2019,2219.457886485,2026-07-13,\N,2,2219.45788648548,2026-07-29T18:04:35Z
wdi2-2019-2021-372906f371e0391f,PLW,PW,PLW,Palau,ISO-3166-1,economy,False,matched_iso,SH.XPD.CHEX.PP.CD,"Current health expenditure per capita, PPP (current international $)",current international $,2,World Development Indicators,2020,2312.605172088,2026-07-13,\N,2,2312.60517208754,2026-07-29T18:04:35Z
wdi2-2019-2021-372906f371e0391f,PLW,PW,PLW,Palau,ISO-3166-1,economy,False,matched_iso,SH.XPD.CHEX.PP.CD,"Current health expenditure per capita, PPP (current international $)",current international $,2,World Development Indicators,2021,2281.813213812,2026-07-13,\N,2,2281.8132138125,2026-07-29T18:04:35Z
wdi2-2019-2021-372906f371e0391f,PLW,PW,PLW,Palau,ISO-3166-1,economy,False,matched_iso,SP.POP.65UP.TO.ZS,Population ages 65 and above (% of total population),% of total population,2,World Development Indicators,2019,9.093718395,2026-07-13,\N,0,9.09371839532532,2026-07-29T18:04:35Z
wdi2-2019-2021-372906f371e0391f,PLW,PW,PLW,Palau,ISO-3166-1,economy,False,matched_iso,SP.POP.65UP.TO.ZS,Population ages 65 and above (% of total population),% of total population,2,World Development Indicators,2020,9.521133094,2026-07-13,\N,0,9.52113309352518,2026-07-29T18:04:35Z
wdi2-2019-2021-372906f371e0391f,PLW,PW,PLW,Palau,ISO-3166-1,economy,False,matched_iso,SP.POP.65UP.TO.ZS,Population ages 65 and above (% of total population),% of total population,2,World Development Indicators,2021,9.936456166,2026-07-13,\N,0,9.93645616600124,2026-07-29T18:04:35Z
wdi2-2019-2021-372906f371e0391f,PLW,PW,PLW,Palau,ISO-3166-1,economy,False,matched_iso,SP.POP.TOTL,"Population, total",people,2,World Development Indicators,2019,17798,2026-07-13,\N,0,17798,2026-07-29T18:04:35Z
wdi2-2019-2021-372906f371e0391f,PLW,PW,PLW,Palau,ISO-3166-1,economy,False,matched_iso,SP.POP.TOTL,"Population, total",people,2,World Development Indicators,2020,17792,2026-07-13,\N,0,17792,2026-07-29T18:04:35Z
wdi2-2019-2021-372906f371e0391f,PLW,PW,PLW,Palau,ISO-3166-1,economy,False,matched_iso,SP.POP.TOTL,"Population, total",people,2,World Development Indicators,2021,17783,2026-07-13,\N,0,17783,2026-07-29T18:04:35Z
wdi2-2019-2021-372906f371e0391f,PNG,PG,PNG,Papua New Guinea,ISO-3166-1,economy,False,matched_iso,EN.POP.DNST,Population density (people per sq. km of land area),people per sq. km of land area,2,World Development Indicators,2019,21.218500199,2026-07-13,\N,0,21.2185001987369,2026-07-29T18:04:35Z
wdi2-2019-2021-372906f371e0391f,PNG,PG,PNG,Papua New Guinea,ISO-3166-1,economy,False,matched_iso,EN.POP.DNST,Population density (people per sq. km of land area),people per sq. km of land area,2,World Development Indicators,2020,21.675012145,2026-07-13,\N,0,21.6750121450338,2026-07-29T18:04:35Z
wdi2-2019-2021-372906f371e0391f,PNG,PG,PNG,Papua New Guinea,ISO-3166-1,economy,False,matched_iso,EN.POP.DNST,Population density (people per sq. km of land area),people per sq. km of land area,2,World Development Indicators,2021,22.110356402,2026-07-13,\N,0,22.1103564015369,2026-07-29T18:04:35Z
wdi2-2019-2021-372906f371e0391f,PNG,PG,PNG,Papua New Guinea,ISO-3166-1,economy,False,matched_iso,NY.GDP.PCAP.KD,GDP per capita (constant 2015 US$),constant 2015 US$,2,World Development Indicators,2019,2572.561779679,2026-07-13,\N,1,2572.56177967896,2026-07-29T18:04:35Z
wdi2-2019-2021-372906f371e0391f,PNG,PG,PNG,Papua New Guinea,ISO-3166-1,economy,False,matched_iso,NY.GDP.PCAP.KD,GDP per capita (constant 2015 US$),constant 2015 US$,2,World Development Indicators,2020,2438.611379223,2026-07-13,\N,1,2438.61137922293,2026-07-29T18:04:35Z
wdi2-2019-2021-372906f371e0391f,PNG,PG,PNG,Papua New Guinea,ISO-3166-1,economy,False,matched_iso,NY.GDP.PCAP.KD,GDP per capita (constant 2015 US$),constant 2015 US$,2,World Development Indicators,2021,2378.389391467,2026-07-13,\N,1,2378.3893914666,2026-07-29T18:04:35Z
wdi2-2019-2021-372906f371e0391f,PNG,PG,PNG,Papua New Guinea,ISO-3166-1,economy,False,matched_iso,SH.XPD.CHEX.PP.CD,"Current health expenditure per capita, PPP (current international $)",current international $,2,World Development Indicators,2019,94.405119112,2026-07-13,\N,2,94.4051191124841,2026-07-29T18:04:35Z
wdi2-2019-2021-372906f371e0391f,PNG,PG,PNG,Papua New Guinea,ISO-3166-1,economy,False,matched_iso,SH.XPD.CHEX.PP.CD,"Current health expenditure per capita, PPP (current international $)",current international $,2,World Development Indicators,2020,89.765910247,2026-07-13,\N,2,89.7659102468158,2026-07-29T18:04:35Z
wdi2-2019-2021-372906f371e0391f,PNG,PG,PNG,Papua New Guinea,ISO-3166-1,economy,False,matched_iso,SH.XPD.CHEX.PP.CD,"Current health expenditure per capita, PPP (current international $)",current international $,2,World Development Indicators,2021,93.071690114,2026-07-13,\N,2,93.0716901144674,2026-07-29T18:04:35Z
wdi2-2019-2021-372906f371e0391f,PNG,PG,PNG,Papua New Guinea,ISO-3166-1,economy,False,matched_iso,SP.POP.65UP.TO.ZS,Population ages 65 and above (% of total population),% of total population,2,World Development Indicators,2019,3.050673274,2026-07-13,\N,0,3.05067327435397,2026-07-29T18:04:35Z
wdi2-2019-2021-372906f371e0391f,PNG,PG,PNG,Papua New Guinea,ISO-3166-1,economy,False,matched_iso,SP.POP.65UP.TO.ZS,Population ages 65 and above (% of total population),% of total population,2,World Development Indicators,2020,3.110558439,2026-07-13,\N,0,3.11055843898968,2026-07-29T18:04:35Z
wdi2-2019-2021-372906f371e0391f,PNG,PG,PNG,Papua New Guinea,ISO-3166-1,economy,False,matched_iso,SP.POP.65UP.TO.ZS,Population ages 65 and above (% of total population),% of total population,2,World Development Indicators,2021,3.170955735,2026-07-13,\N,0,3.17095573548352,2026-07-29T18:04:35Z
wdi2-2019-2021-372906f371e0391f,PNG,PG,PNG,Papua New Guinea,ISO-3166-1,economy,False,matched_iso,SP.POP.TOTL,"Population, total",people,2,World Development Indicators,2019,9609010,2026-07-13,\N,0,9609010,2026-07-29T18:04:35Z
wdi2-2019-2021-372906f371e0391f,PNG,PG,PNG,Papua New Guinea,ISO-3166-1,economy,False,matched_iso,SP.POP.TOTL,"Population, total",people,2,World Development Indicators,2020,9815746,2026-07-13,\N,0,9815746,2026-07-29T18:04:35Z
wdi2-2019-2021-372906f371e0391f,PNG,PG,PNG,Papua New Guinea,ISO-3166-1,economy,False,matched_iso,SP.POP.TOTL,"Population, total",people,2,World Development Indicators,2021,10012896,2026-07-13,\N,0,10012896,2026-07-29T18:04:35Z
wdi2-2019-2021-372906f371e0391f,POL,PL,POL,Poland,ISO-3166-1,economy,False,matched_iso,EN.POP.DNST,Population density (people per sq. km of land area),people per sq. km of land area,2,World Development Indicators,2019,124.025595374,2026-07-13,\N,0,124.025595374212,2026-07-29T18:04:35Z
wdi2-2019-2021-372906f371e0391f,POL,PL,POL,Poland,ISO-3166-1,economy,False,matched_iso,EN.POP.DNST,Population density (people per sq. km of land area),people per sq. km of land area,2,World Development Indicators,2020,122.548420606,2026-07-13,\N,0,122.548420605625,2026-07-29T18:04:35Z
wdi2-2019-2021-372906f371e0391f,POL,PL,POL,Poland,ISO-3166-1,economy,False,matched_iso,EN.POP.DNST,Population density (people per sq. km of land area),people per sq. km of land area,2,World Development Indicators,2021,120.815285854,2026-07-13,\N,0,120.815285854296,2026-07-29T18:04:35Z
wdi2-2019-2021-372906f371e0391f,POL,PL,POL,Poland,ISO-3166-1,economy,False,matched_iso,NY.GDP.PCAP.KD,GDP per capita (constant 2015 US$),constant 2015 US$,2,World Development Indicators,2019,15221.309062445,2026-07-13,\N,1,15221.3090624454,2026-07-29T18:04:35Z
wdi2-2019-2021-372906f371e0391f,POL,PL,POL,Poland,ISO-3166-1,economy,False,matched_iso,NY.GDP.PCAP.KD,GDP per capita (constant 2015 US$),constant 2015 US$,2,World Development Indicators,2020,15090.222844011,2026-07-13,\N,1,15090.2228440113,2026-07-29T18:04:35Z
wdi2-2019-2021-372906f371e0391f,POL,PL,POL,Poland,ISO-3166-1,economy,False,matched_iso,NY.GDP.PCAP.KD,GDP per capita (constant 2015 US$),constant 2015 US$,2,World Development Indicators,2021,16368.623968902,2026-07-13,\N,1,16368.6239689025,2026-07-29T18:04:35Z
wdi2-2019-2021-372906f371e0391f,POL,PL,POL,Poland,ISO-3166-1,economy,False,matched_iso,SH.XPD.CHEX.PP.CD,"Current health expenditure per capita, PPP (current international $)",current international $,2,World Development Indicators,2019,2292.10627206,2026-07-13,\N,2,2292.10627205968,2026-07-29T18:04:35Z
wdi2-2019-2021-372906f371e0391f,POL,PL,POL,Poland,ISO-3166-1,economy,False,matched_iso,SH.XPD.CHEX.PP.CD,"Current health expenditure per capita, PPP (current international $)",current international $,2,World Development Indicators,2020,2356.091138513,2026-07-13,\N,2,2356.09113851299,2026-07-29T18:04:35Z
wdi2-2019-2021-372906f371e0391f,POL,PL,POL,Poland,ISO-3166-1,economy,False,matched_iso,SH.XPD.CHEX.PP.CD,"Current health expenditure per capita, PPP (current international $)",current international $,2,World Development Indicators,2021,2607.168105903,2026-07-13,\N,2,2607.16810590306,2026-07-29T18:04:35Z
wdi2-2019-2021-372906f371e0391f,POL,PL,POL,Poland,ISO-3166-1,economy,False,matched_iso,SP.POP.65UP.TO.ZS,Population ages 65 and above (% of total population),% of total population,2,World Development Indicators,2019,17.558421702,2026-07-13,\N,0,17.5584217024462,2026-07-29T18:04:35Z
wdi2-2019-2021-372906f371e0391f,POL,PL,POL,Poland,ISO-3166-1,economy,False,matched_iso,SP.POP.65UP.TO.ZS,Population ages 65 and above (% of total population),% of total population,2,World Development Indicators,2020,18.076046818,2026-07-13,\N,0,18.0760468179361,2026-07-29T18:04:35Z
wdi2-2019-2021-372906f371e0391f,POL,PL,POL,Poland,ISO-3166-1,economy,False,matched_iso,SP.POP.65UP.TO.ZS,Population ages 65 and above (% of total population),% of total population,2,World Development Indicators,2021,18.535236899,2026-07-13,\N,0,18.5352368986876,2026-07-29T18:04:35Z
wdi2-2019-2021-372906f371e0391f,POL,PL,POL,Poland,ISO-3166-1,economy,False,matched_iso,SP.POP.TOTL,"Population, total",people,2,World Development Indicators,2019,37965475,2026-07-13,\N,0,37965475,2026-07-29T18:04:35Z
wdi2-2019-2021-372906f371e0391f,POL,PL,POL,Poland,ISO-3166-1,economy,False,matched_iso,SP.POP.TOTL,"Population, total",people,2,World Development Indicators,2020,37515748,2026-07-13,\N,0,37515748,2026-07-29T18:04:35Z
wdi2-2019-2021-372906f371e0391f,POL,PL,POL,Poland,ISO-3166-1,economy,False,matched_iso,SP.POP.TOTL,"Population, total",people,2,World Development Indicators,2021,36981559,2026-07-13,\N,0,36981559,2026-07-29T18:04:35Z
wdi2-2019-2021-372906f371e0391f,PRI,PR,PRI,Puerto Rico (US),ISO-3166-1,economy,False,matched_iso,EN.POP.DNST,Population density (people per sq. km of land area),people per sq. km of land area,2,World Development Indicators,2019,372.343968433,2026-07-13,\N,0,372.34396843292,2026-07-29T18:04:35Z
wdi2-2019-2021-372906f371e0391f,PRI,PR,PRI,Puerto Rico (US),ISO-3166-1,economy,False,matched_iso,EN.POP.DNST,Population density (people per sq. km of land area),people per sq. km of land area,2,World Development Indicators,2020,369.965163472,2026-07-13,\N,0,369.965163472379,2026-07-29T18:04:35Z
wdi2-2019-2021-372906f371e0391f,PRI,PR,PRI,Puerto Rico (US),ISO-3166-1,economy,False,matched_iso,EN.POP.DNST,Population density (people per sq. km of land area),people per sq. km of land area,2,World Development Indicators,2021,367.838895152,2026-07-13,\N,0,367.838895152198,2026-07-29T18:04:35Z
wdi2-2019-2021-372906f371e0391f,PRI,PR,PRI,Puerto Rico (US),ISO-3166-1,economy,False,matched_iso,NY.GDP.PCAP.KD,GDP per capita (constant 2015 US$),constant 2015 US$,2,World Development Indicators,2019,29185.096996471,2026-07-13,\N,1,29185.0969964707,2026-07-29T18:04:35Z
wdi2-2019-2021-372906f371e0391f,PRI,PR,PRI,Puerto Rico (US),ISO-3166-1,economy,False,matched_iso,NY.GDP.PCAP.KD,GDP per capita (constant 2015 US$),constant 2015 US$,2,World Development Indicators,2020,28144.713741876,2026-07-13,\N,1,28144.713741876,2026-07-29T18:04:35Z
wdi2-2019-2021-372906f371e0391f,PRI,PR,PRI,Puerto Rico (US),ISO-3166-1,economy,False,matched_iso,NY.GDP.PCAP.KD,GDP per capita (constant 2015 US$),constant 2015 US$,2,World Development Indicators,2021,28416.448937035,2026-07-13,\N,1,28416.4489370346,2026-07-29T18:04:35Z
wdi2-2019-2021-372906f371e0391f,PRI,PR,PRI,Puerto Rico (US),ISO-3166-1,economy,False,matched_iso,SH.XPD.CHEX.PP.CD,"Current health expenditure per capita, PPP (current international $)",current international $,2,World Development Indicators,2019,\N,2026-07-13,\N,2,\N,2026-07-29T18:04:35Z
wdi2-2019-2021-372906f371e0391f,PRI,PR,PRI,Puerto Rico (US),ISO-3166-1,economy,False,matched_iso,SH.XPD.CHEX.PP.CD,"Current health expenditure per capita, PPP (current international $)",current international $,2,World Development Indicators,2020,\N,2026-07-13,\N,2,\N,2026-07-29T18:04:35Z
wdi2-2019-2021-372906f371e0391f,PRI,PR,PRI,Puerto Rico (US),ISO-3166-1,economy,False,matched_iso,SH.XPD.CHEX.PP.CD,"Current health expenditure per capita, PPP (current international $)",current international $,2,World Development Indicators,2021,\N,2026-07-13,\N,2,\N,2026-07-29T18:04:35Z
wdi2-2019-2021-372906f371e0391f,PRI,PR,PRI,Puerto Rico (US),ISO-3166-1,economy,False,matched_iso,SP.POP.65UP.TO.ZS,Population ages 65 and above (% of total population),% of total population,2,World Development Indicators,2019,21.69549651,2026-07-13,\N,0,21.6954965103704,2026-07-29T18:04:35Z
wdi2-2019-2021-372906f371e0391f,PRI,PR,PRI,Puerto Rico (US),ISO-3166-1,economy,False,matched_iso,SP.POP.65UP.TO.ZS,Population ages 65 and above (% of total population),% of total population,2,World Development Indicators,2020,22.453839591,2026-07-13,\N,0,22.4538395905739,2026-07-29T18:04:35Z
wdi2-2019-2021-372906f371e0391f,PRI,PR,PRI,Puerto Rico (US),ISO-3166-1,economy,False,matched_iso,SP.POP.65UP.TO.ZS,Population ages 65 and above (% of total population),% of total population,2,World Development Indicators,2021,23.205772145,2026-07-13,\N,0,23.2057721450506,2026-07-29T18:04:35Z
wdi2-2019-2021-372906f371e0391f,PRI,PR,PRI,Puerto Rico (US),ISO-3166-1,economy,False,matched_iso,SP.POP.TOTL,"Population, total",people,2,World Development Indicators,2019,3302691,2026-07-13,\N,0,3302691,2026-07-29T18:04:35Z
wdi2-2019-2021-372906f371e0391f,PRI,PR,PRI,Puerto Rico (US),ISO-3166-1,economy,False,matched_iso,SP.POP.TOTL,"Population, total",people,2,World Development Indicators,2020,3281591,2026-07-13,\N,0,3281591,2026-07-29T18:04:35Z
wdi2-2019-2021-372906f371e0391f,PRI,PR,PRI,Puerto Rico (US),ISO-3166-1,economy,False,matched_iso,SP.POP.TOTL,"Population, total",people,2,World Development Indicators,2021,3262731,2026-07-13,\N,0,3262731,2026-07-29T18:04:35Z
wdi2-2019-2021-372906f371e0391f,PRK,KP,PRK,"Korea, Dem. People's Rep.",ISO-3166-1,economy,False,matched_iso,EN.POP.DNST,Population density (people per sq. km of land area),people per sq. km of land area,2,World Development Indicators,2019,216.241441741,2026-07-13,\N,0,216.241441740719,2026-07-29T18:04:35Z
wdi2-2019-2021-372906f371e0391f,PRK,KP,PRK,"Korea, Dem. People's Rep.",ISO-3166-1,economy,False,matched_iso,EN.POP.DNST,Population density (people per sq. km of land area),people per sq. km of land area,2,World Development Indicators,2020,217.060975002,2026-07-13,\N,0,217.060975002076,2026-07-29T18:04:35Z
wdi2-2019-2021-372906f371e0391f,PRK,KP,PRK,"Korea, Dem. People's Rep.",ISO-3166-1,economy,False,matched_iso,EN.POP.DNST,Population density (people per sq. km of land area),people per sq. km of land area,2,World Development Indicators,2021,217.860094677,2026-07-13,\N,0,217.860094676522,2026-07-29T18:04:35Z
wdi2-2019-2021-372906f371e0391f,PRK,KP,PRK,"Korea, Dem. People's Rep.",ISO-3166-1,economy,False,matched_iso,NY.GDP.PCAP.KD,GDP per capita (constant 2015 US$),constant 2015 US$,2,World Development Indicators,2019,\N,2026-07-13,\N,1,\N,2026-07-29T18:04:35Z
wdi2-2019-2021-372906f371e0391f,PRK,KP,PRK,"Korea, Dem. People's Rep.",ISO-3166-1,economy,False,matched_iso,NY.GDP.PCAP.KD,GDP per capita (constant 2015 US$),constant 2015 US$,2,World Development Indicators,2020,\N,2026-07-13,\N,1,\N,2026-07-29T18:04:35Z
wdi2-2019-2021-372906f371e0391f,PRK,KP,PRK,"Korea, Dem. People's Rep.",ISO-3166-1,economy,False,matched_iso,NY.GDP.PCAP.KD,GDP per capita (constant 2015 US$),constant 2015 US$,2,World Development Indicators,2021,\N,2026-07-13,\N,1,\N,2026-07-29T18:04:35Z
wdi2-2019-2021-372906f371e0391f,PRK,KP,PRK,"Korea, Dem. People's Rep.",ISO-3166-1,economy,False,matched_iso,SH.XPD.CHEX.PP.CD,"Current health expenditure per capita, PPP (current international $)",current international $,2,World Development Indicators,2019,\N,2026-07-13,\N,2,\N,2026-07-29T18:04:35Z
wdi2-2019-2021-372906f371e0391f,PRK,KP,PRK,"Korea, Dem. People's Rep.",ISO-3166-1,economy,False,matched_iso,SH.XPD.CHEX.PP.CD,"Current health expenditure per capita, PPP (current international $)",current international $,2,World Development Indicators,2020,\N,2026-07-13,\N,2,\N,2026-07-29T18:04:35Z
wdi2-2019-2021-372906f371e0391f,PRK,KP,PRK,"Korea, Dem. People's Rep.",ISO-3166-1,economy,False,matched_iso,SH.XPD.CHEX.PP.CD,"Current health expenditure per capita, PPP (current international $)",current international $,2,World Development Indicators,2021,\N,2026-07-13,\N,2,\N,2026-07-29T18:04:35Z
wdi2-2019-2021-372906f371e0391f,PRK,KP,PRK,"Korea, Dem. People's Rep.",ISO-3166-1,economy,False,matched_iso,SP.POP.65UP.TO.ZS,Population ages 65 and above (% of total population),% of total population,2,World Development Indicators,2019,10.924793182,2026-07-13,\N,0,10.9247931815613,2026-07-29T18:04:35Z
wdi2-2019-2021-372906f371e0391f,PRK,KP,PRK,"Korea, Dem. People's Rep.",ISO-3166-1,economy,False,matched_iso,SP.POP.65UP.TO.ZS,Population ages 65 and above (% of total population),% of total population,2,World Development Indicators,2020,11.088649386,2026-07-13,\N,0,11.0886493855751,2026-07-29T18:04:35Z
wdi2-2019-2021-372906f371e0391f,PRK,KP,PRK,"Korea, Dem. People's Rep.",ISO-3166-1,economy,False,matched_iso,SP.POP.65UP.TO.ZS,Population ages 65 and above (% of total population),% of total population,2,World Development Indicators,2021,11.282497743,2026-07-13,\N,0,11.2824977427361,2026-07-29T18:04:35Z
wdi2-2019-2021-372906f371e0391f,PRK,KP,PRK,"Korea, Dem. People's Rep.",ISO-3166-1,economy,False,matched_iso,SP.POP.TOTL,"Population, total",people,2,World Development Indicators,2019,26037632,2026-07-13,\N,0,26037632,2026-07-29T18:04:35Z
wdi2-2019-2021-372906f371e0391f,PRK,KP,PRK,"Korea, Dem. People's Rep.",ISO-3166-1,economy,False,matched_iso,SP.POP.TOTL,"Population, total",people,2,World Development Indicators,2020,26136312,2026-07-13,\N,0,26136312,2026-07-29T18:04:35Z
wdi2-2019-2021-372906f371e0391f,PRK,KP,PRK,"Korea, Dem. People's Rep.",ISO-3166-1,economy,False,matched_iso,SP.POP.TOTL,"Population, total",people,2,World Development Indicators,2021,26232534,2026-07-13,\N,0,26232534,2026-07-29T18:04:35Z
wdi2-2019-2021-372906f371e0391f,PRT,PT,PRT,Portugal,ISO-3166-1,economy,False,matched_iso,EN.POP.DNST,Population density (people per sq. km of land area),people per sq. km of land area,2,World Development Indicators,2019,112.288582794,2026-07-13,\N,0,112.288582794065,2026-07-29T18:04:35Z
wdi2-2019-2021-372906f371e0391f,PRT,PT,PRT,Portugal,ISO-3166-1,economy,False,matched_iso,EN.POP.DNST,Population density (people per sq. km of land area),people per sq. km of land area,2,World Development Indicators,2020,112.406676011,2026-07-13,\N,0,112.406676011074,2026-07-29T18:04:35Z
wdi2-2019-2021-372906f371e0391f,PRT,PT,PRT,Portugal,ISO-3166-1,economy,False,matched_iso,EN.POP.DNST,Population density (people per sq. km of land area),people per sq. km of land area,2,World Development Indicators,2021,113.113510528,2026-07-13,\N,0,113.113510527741,2026-07-29T18:04:35Z
wdi2-2019-2021-372906f371e0391f,PRT,PT,PRT,Portugal,ISO-3166-1,economy,False,matched_iso,NY.GDP.PCAP.KD,GDP per capita (constant 2015 US$),constant 2015 US$,2,World Development Indicators,2019,21569.187475292,2026-07-13,\N,1,21569.1874752919,2026-07-29T18:04:35Z
wdi2-2019-2021-372906f371e0391f,PRT,PT,PRT,Portugal,ISO-3166-1,economy,False,matched_iso,NY.GDP.PCAP.KD,GDP per capita (constant 2015 US$),constant 2015 US$,2,World Development Indicators,2020,19778.713952572,2026-07-13,\N,1,19778.7139525722,2026-07-29T18:04:35Z
wdi2-2019-2021-372906f371e0391f,PRT,PT,PRT,Portugal,ISO-3166-1,economy,False,matched_iso,NY.GDP.PCAP.KD,GDP per capita (constant 2015 US$),constant 2015 US$,2,World Development Indicators,2021,20747.699073416,2026-07-13,\N,1,20747.6990734163,2026-07-29T18:04:35Z
wdi2-2019-2021-372906f371e0391f,PRT,PT,PRT,Portugal,ISO-3166-1,economy,False,matched_iso,SH.XPD.CHEX.PP.CD,"Current health expenditure per capita, PPP (current international $)",current international $,2,World Development Indicators,2019,3584.05951114,2026-07-13,\N,2,3584.05951113954,2026-07-29T18:04:35Z
wdi2-2019-2021-372906f371e0391f,PRT,PT,PRT,Portugal,ISO-3166-1,economy,False,matched_iso,SH.XPD.CHEX.PP.CD,"Current health expenditure per capita, PPP (current international $)",current international $,2,World Development Indicators,2020,3755.403051144,2026-07-13,\N,2,3755.40305114384,2026-07-29T18:04:35Z
wdi2-2019-2021-372906f371e0391f,PRT,PT,PRT,Portugal,ISO-3166-1,economy,False,matched_iso,SH.XPD.CHEX.PP.CD,"Current health expenditure per capita, PPP (current international $)",current international $,2,World Development Indicators,2021,4323.964552737,2026-07-13,\N,2,4323.96455273746,2026-07-29T18:04:35Z
wdi2-2019-2021-372906f371e0391f,PRT,PT,PRT,Portugal,ISO-3166-1,economy,False,matched_iso,SP.POP.65UP.TO.ZS,Population ages 65 and above (% of total population),% of total population,2,World Development Indicators,2019,22.390078402,2026-07-13,\N,0,22.3900784021367,2026-07-29T18:04:35Z
wdi2-2019-2021-372906f371e0391f,PRT,PT,PRT,Portugal,ISO-3166-1,economy,False,matched_iso,SP.POP.65UP.TO.ZS,Population ages 65 and above (% of total population),% of total population,2,World Development Indicators,2020,22.8627034,2026-07-13,\N,0,22.8627033998973,2026-07-29T18:04:35Z
wdi2-2019-2021-372906f371e0391f,PRT,PT,PRT,Portugal,ISO-3166-1,economy,False,matched_iso,SP.POP.65UP.TO.ZS,Population ages 65 and above (% of total population),% of total population,2,World Development Indicators,2021,23.290870604,2026-07-13,\N,0,23.2908706037669,2026-07-29T18:04:35Z
wdi2-2019-2021-372906f371e0391f,PRT,PT,PRT,Portugal,ISO-3166-1,economy,False,matched_iso,SP.POP.TOTL,"Population, total",people,2,World Development Indicators,2019,10286263,2026-07-13,\N,0,10286263,2026-07-29T18:04:35Z
wdi2-2019-2021-372906f371e0391f,PRT,PT,PRT,Portugal,ISO-3166-1,economy,False,matched_iso,SP.POP.TOTL,"Population, total",people,2,World Development Indicators,2020,10297081,2026-07-13,\N,0,10297081,2026-07-29T18:04:35Z
wdi2-2019-2021-372906f371e0391f,PRT,PT,PRT,Portugal,ISO-3166-1,economy,False,matched_iso,SP.POP.TOTL,"Population, total",people,2,World Development Indicators,2021,10361831,2026-07-13,\N,0,10361831,2026-07-29T18:04:35Z
wdi2-2019-2021-372906f371e0391f,PRY,PY,PRY,Paraguay,ISO-3166-1,economy,False,matched_iso,EN.POP.DNST,Population density (people per sq. km of land area),people per sq. km of land area,2,World Development Indicators,2019,16.398333753,2026-07-13,\N,0,16.3983337528316,2026-07-29T18:04:35Z
wdi2-2019-2021-372906f371e0391f,PRY,PY,PRY,Paraguay,ISO-3166-1,economy,False,matched_iso,EN.POP.DNST,Population density (people per sq. km of land area),people per sq. km of land area,2,World Development Indicators,2020,16.621542915,2026-07-13,\N,0,16.621542914674,2026-07-29T18:04:35Z
wdi2-2019-2021-372906f371e0391f,PRY,PY,PRY,Paraguay,ISO-3166-1,economy,False,matched_iso,EN.POP.DNST,Population density (people per sq. km of land area),people per sq. km of land area,2,World Development Indicators,2021,16.824017116,2026-07-13,\N,0,16.8240171155298,2026-07-29T18:04:35Z
wdi2-2019-2021-372906f371e0391f,PRY,PY,PRY,Paraguay,ISO-3166-1,economy,False,matched_iso,NY.GDP.PCAP.KD,GDP per capita (constant 2015 US$),constant 2015 US$,2,World Development Indicators,2019,6243.536208978,2026-07-13,\N,1,6243.53620897773,2026-07-29T18:04:35Z
wdi2-2019-2021-372906f371e0391f,PRY,PY,PRY,Paraguay,ISO-3166-1,economy,False,matched_iso,NY.GDP.PCAP.KD,GDP per capita (constant 2015 US$),constant 2015 US$,2,World Development Indicators,2020,6109.196081006,2026-07-13,\N,1,6109.19608100615,2026-07-29T18:04:35Z
wdi2-2019-2021-372906f371e0391f,PRY,PY,PRY,Paraguay,ISO-3166-1,economy,False,matched_iso,NY.GDP.PCAP.KD,GDP per capita (constant 2015 US$),constant 2015 US$,2,World Development Indicators,2021,6276.774842366,2026-07-13,\N,1,6276.7748423663,2026-07-29T18:04:35Z
wdi2-2019-2021-372906f371e0391f,PRY,PY,PRY,Paraguay,ISO-3166-1,economy,False,matched_iso,SH.XPD.CHEX.PP.CD,"Current health expenditure per capita, PPP (current international $)",current international $,2,World Development Indicators,2019,1013.227162696,2026-07-13,\N,2,1013.22716269637,2026-07-29T18:04:35Z
wdi2-2019-2021-372906f371e0391f,PRY,PY,PRY,Paraguay,ISO-3166-1,economy,False,matched_iso,SH.XPD.CHEX.PP.CD,"Current health expenditure per capita, PPP (current international $)",current international $,2,World Development Indicators,2020,1098.253632523,2026-07-13,\N,2,1098.25363252278,2026-07-29T18:04:35Z
wdi2-2019-2021-372906f371e0391f,PRY,PY,PRY,Paraguay,ISO-3166-1,economy,False,matched_iso,SH.XPD.CHEX.PP.CD,"Current health expenditure per capita, PPP (current international $)",current international $,2,World Development Indicators,2021,1237.542055862,2026-07-13,\N,2,1237.54205586195,2026-07-29T18:04:35Z
wdi2-2019-2021-372906f371e0391f,PRY,PY,PRY,Paraguay,ISO-3166-1,economy,False,matched_iso,SP.POP.65UP.TO.ZS,Population ages 65 and above (% of total population),% of total population,2,World Development Indicators,2019,6.031780531,2026-07-13,\N,0,6.03178053058008,2026-07-29T18:04:35Z
wdi2-2019-2021-372906f371e0391f,PRY,PY,PRY,Paraguay,ISO-3166-1,economy,False,matched_iso,SP.POP.65UP.TO.ZS,Population ages 65 and above (% of total population),% of total population,2,World Development Indicators,2020,6.150038172,2026-07-13,\N,0,6.15003817155416,2026-07-29T18:04:35Z
wdi2-2019-2021-372906f371e0391f,PRY,PY,PRY,Paraguay,ISO-3166-1,economy,False,matched_iso,SP.POP.65UP.TO.ZS,Population ages 65 and above (% of total population),% of total population,2,World Development Indicators,2021,6.187540974,2026-07-13,\N,0,6.18754097360006,2026-07-29T18:04:35Z
wdi2-2019-2021-372906f371e0391f,PRY,PY,PRY,Paraguay,ISO-3166-1,economy,False,matched_iso,SP.POP.TOTL,"Population, total",people,2,World Development Indicators,2019,6515058,2026-07-13,\N,0,6515058,2026-07-29T18:04:35Z
wdi2-2019-2021-372906f371e0391f,PRY,PY,PRY,Paraguay,ISO-3166-1,economy,False,matched_iso,SP.POP.TOTL,"Population, total",people,2,World Development Indicators,2020,6603739,2026-07-13,\N,0,6603739,2026-07-29T18:04:35Z
wdi2-2019-2021-372906f371e0391f,PRY,PY,PRY,Paraguay,ISO-3166-1,economy,False,matched_iso,SP.POP.TOTL,"Population, total",people,2,World Development Indicators,2021,6684182,2026-07-13,\N,0,6684182,2026-07-29T18:04:35Z
wdi2-2019-2021-372906f371e0391f,PSE,PS,PSE,West Bank and Gaza,ISO-3166-1,economy,False,matched_iso,EN.POP.DNST,Population density (people per sq. km of land area),people per sq. km of land area,2,World Development Indicators,2019,778.290033223,2026-07-13,\N,0,778.290033222591,2026-07-29T18:04:35Z
wdi2-2019-2021-372906f371e0391f,PSE,PS,PSE,West Bank and Gaza,ISO-3166-1,economy,False,matched_iso,EN.POP.DNST,Population density (people per sq. km of land area),people per sq. km of land area,2,World Development Indicators,2020,797.885215947,2026-07-13,\N,0,797.885215946844,2026-07-29T18:04:35Z
wdi2-2019-2021-372906f371e0391f,PSE,PS,PSE,West Bank and Gaza,ISO-3166-1,economy,False,matched_iso,EN.POP.DNST,Population density (people per sq. km of land area),people per sq. km of land area,2,World Development Indicators,2021,817.053775934,2026-07-13,\N,0,817.05377593361,2026-07-29T18:04:35Z
wdi2-2019-2021-372906f371e0391f,PSE,PS,PSE,West Bank and Gaza,ISO-3166-1,economy,False,matched_iso,NY.GDP.PCAP.KD,GDP per capita (constant 2015 US$),constant 2015 US$,2,World Development Indicators,2019,3378.434620919,2026-07-13,\N,1,3378.4346209191,2026-07-29T18:04:35Z
wdi2-2019-2021-372906f371e0391f,PSE,PS,PSE,West Bank and Gaza,ISO-3166-1,economy,False,matched_iso,NY.GDP.PCAP.KD,GDP per capita (constant 2015 US$),constant 2015 US$,2,World Development Indicators,2020,2922.468010848,2026-07-13,\N,1,2922.46801084844,2026-07-29T18:04:35Z
wdi2-2019-2021-372906f371e0391f,PSE,PS,PSE,West Bank and Gaza,ISO-3166-1,economy,False,matched_iso,NY.GDP.PCAP.KD,GDP per capita (constant 2015 US$),constant 2015 US$,2,World Development Indicators,2021,3051.48607008,2026-07-13,\N,1,3051.48607007995,2026-07-29T18:04:35Z
wdi2-2019-2021-372906f371e0391f,PSE,PS,PSE,West Bank and Gaza,ISO-3166-1,economy,False,matched_iso,SH.XPD.CHEX.PP.CD,"Current health expenditure per capita, PPP (current international $)",current international $,2,World Development Indicators,2019,564.995186887,2026-07-13,\N,2,564.995186886873,2026-07-29T18:04:35Z
wdi2-2019-2021-372906f371e0391f,PSE,PS,PSE,West Bank and Gaza,ISO-3166-1,economy,False,matched_iso,SH.XPD.CHEX.PP.CD,"Current health expenditure per capita, PPP (current international $)",current international $,2,World Development Indicators,2020,579.908263104,2026-07-13,\N,2,579.908263104133,2026-07-29T18:04:35Z
wdi2-2019-2021-372906f371e0391f,PSE,PS,PSE,West Bank and Gaza,ISO-3166-1,economy,False,matched_iso,SH.XPD.CHEX.PP.CD,"Current health expenditure per capita, PPP (current international $)",current international $,2,World Development Indicators,2021,561.006843255,2026-07-13,\N,2,561.006843254824,2026-07-29T18:04:35Z
wdi2-2019-2021-372906f371e0391f,PSE,PS,PSE,West Bank and Gaza,ISO-3166-1,economy,False,matched_iso,SP.POP.65UP.TO.ZS,Population ages 65 and above (% of total population),% of total population,2,World Development Indicators,2019,3.505085353,2026-07-13,\N,0,3.50508535292495,2026-07-29T18:04:35Z
wdi2-2019-2021-372906f371e0391f,PSE,PS,PSE,West Bank and Gaza,ISO-3166-1,economy,False,matched_iso,SP.POP.65UP.TO.ZS,Population ages 65 and above (% of total population),% of total population,2,World Development Indicators,2020,3.575394718,2026-07-13,\N,0,3.57539471825902,2026-07-29T18:04:35Z
wdi2-2019-2021-372906f371e0391f,PSE,PS,PSE,West Bank and Gaza,ISO-3166-1,economy,False,matched_iso,SP.POP.65UP.TO.ZS,Population ages 65 and above (% of total population),% of total population,2,World Development Indicators,2021,3.630266547,2026-07-13,\N,0,3.63026654688014,2026-07-29T18:04:35Z
wdi2-2019-2021-372906f371e0391f,PSE,PS,PSE,West Bank and Gaza,ISO-3166-1,economy,False,matched_iso,SP.POP.TOTL,"Population, total",people,2,World Development Indicators,2019,4685306,2026-07-13,\N,0,4685306,2026-07-29T18:04:35Z
wdi2-2019-2021-372906f371e0391f,PSE,PS,PSE,West Bank and Gaza,ISO-3166-1,economy,False,matched_iso,SP.POP.TOTL,"Population, total",people,2,World Development Indicators,2020,4803269,2026-07-13,\N,0,4803269,2026-07-29T18:04:35Z
wdi2-2019-2021-372906f371e0391f,PSE,PS,PSE,West Bank and Gaza,ISO-3166-1,economy,False,matched_iso,SP.POP.TOTL,"Population, total",people,2,World Development Indicators,2021,4922749,2026-07-13,\N,0,4922749,2026-07-29T18:04:35Z
wdi2-2019-2021-372906f371e0391f,PYF,PF,PYF,French Polynesia,ISO-3166-1,economy,False,matched_iso,EN.POP.DNST,Population density (people per sq. km of land area),people per sq. km of land area,2,World Development Indicators,2019,80.390089311,2026-07-13,\N,0,80.3900893114376,2026-07-29T18:04:35Z
wdi2-2019-2021-372906f371e0391f,PYF,PF,PYF,French Polynesia,ISO-3166-1,economy,False,matched_iso,EN.POP.DNST,Population density (people per sq. km of land area),people per sq. km of land area,2,World Development Indicators,2020,80.440507058,2026-07-13,\N,0,80.4405070584846,2026-07-29T18:04:35Z
wdi2-2019-2021-372906f371e0391f,PYF,PF,PYF,French Polynesia,ISO-3166-1,economy,False,matched_iso,EN.POP.DNST,Population density (people per sq. km of land area),people per sq. km of land area,2,World Development Indicators,2021,80.608470182,2026-07-13,\N,0,80.6084701815039,2026-07-29T18:04:35Z
wdi2-2019-2021-372906f371e0391f,PYF,PF,PYF,French Polynesia,ISO-3166-1,economy,False,matched_iso,NY.GDP.PCAP.KD,GDP per capita (constant 2015 US$),constant 2015 US$,2,World Development Indicators,2019,21289.875124114,2026-07-13,\N,1,21289.8751241139,2026-07-29T18:04:35Z
wdi2-2019-2021-372906f371e0391f,PYF,PF,PYF,French Polynesia,ISO-3166-1,economy,False,matched_iso,NY.GDP.PCAP.KD,GDP per capita (constant 2015 US$),constant 2015 US$,2,World Development Indicators,2020,19026.790444196,2026-07-13,\N,1,19026.790444196,2026-07-29T18:04:35Z
wdi2-2019-2021-372906f371e0391f,PYF,PF,PYF,French Polynesia,ISO-3166-1,economy,False,matched_iso,NY.GDP.PCAP.KD,GDP per capita (constant 2015 US$),constant 2015 US$,2,World Development Indicators,2021,19626.233254021,2026-07-13,\N,1,19626.2332540206,2026-07-29T18:04:35Z
wdi2-2019-2021-372906f371e0391f,PYF,PF,PYF,French Polynesia,ISO-3166-1,economy,False,matched_iso,SH.XPD.CHEX.PP.CD,"Current health expenditure per capita, PPP (current international $)",current international $,2,World Development Indicators,2019,\N,2026-07-13,\N,2,\N,2026-07-29T18:04:35Z
wdi2-2019-2021-372906f371e0391f,PYF,PF,PYF,French Polynesia,ISO-3166-1,economy,False,matched_iso,SH.XPD.CHEX.PP.CD,"Current health expenditure per capita, PPP (current international $)",current international $,2,World Development Indicators,2020,\N,2026-07-13,\N,2,\N,2026-07-29T18:04:35Z
wdi2-2019-2021-372906f371e0391f,PYF,PF,PYF,French Polynesia,ISO-3166-1,economy,False,matched_iso,SH.XPD.CHEX.PP.CD,"Current health expenditure per capita, PPP (current international $)",current international $,2,World Development Indicators,2021,\N,2026-07-13,\N,2,\N,2026-07-29T18:04:35Z
wdi2-2019-2021-372906f371e0391f,PYF,PF,PYF,French Polynesia,ISO-3166-1,economy,False,matched_iso,SP.POP.65UP.TO.ZS,Population ages 65 and above (% of total population),% of total population,2,World Development Indicators,2019,8.775111232,2026-07-13,\N,0,8.77511123216388,2026-07-29T18:04:35Z
wdi2-2019-2021-372906f371e0391f,PYF,PF,PYF,French Polynesia,ISO-3166-1,economy,False,matched_iso,SP.POP.65UP.TO.ZS,Population ages 65 and above (% of total population),% of total population,2,World Development Indicators,2020,9.206365124,2026-07-13,\N,0,9.20636512433338,2026-07-29T18:04:35Z
wdi2-2019-2021-372906f371e0391f,PYF,PF,PYF,French Polynesia,ISO-3166-1,economy,False,matched_iso,SP.POP.65UP.TO.ZS,Population ages 65 and above (% of total population),% of total population,2,World Development Indicators,2021,9.652885,2026-07-13,\N,0,9.65288500028593,2026-07-29T18:04:35Z
wdi2-2019-2021-372906f371e0391f,PYF,PF,PYF,French Polynesia,ISO-3166-1,economy,False,matched_iso,SP.POP.TOTL,"Population, total",people,2,World Development Indicators,2019,279034,2026-07-13,\N,0,279034,2026-07-29T18:04:35Z
wdi2-2019-2021-372906f371e0391f,PYF,PF,PYF,French Polynesia,ISO-3166-1,economy,False,matched_iso,SP.POP.TOTL,"Population, total",people,2,World Development Indicators,2020,279209,2026-07-13,\N,0,279209,2026-07-29T18:04:35Z
wdi2-2019-2021-372906f371e0391f,PYF,PF,PYF,French Polynesia,ISO-3166-1,economy,False,matched_iso,SP.POP.TOTL,"Population, total",people,2,World Development Indicators,2021,279792,2026-07-13,\N,0,279792,2026-07-29T18:04:35Z
wdi2-2019-2021-372906f371e0391f,QAT,QA,QAT,Qatar,ISO-3166-1,economy,False,matched_iso,EN.POP.DNST,Population density (people per sq. km of land area),people per sq. km of land area,2,World Development Indicators,2019,229.648128808,2026-07-13,\N,0,229.648128807659,2026-07-29T18:04:35Z
wdi2-2019-2021-372906f371e0391f,QAT,QA,QAT,Qatar,ISO-3166-1,economy,False,matched_iso,EN.POP.DNST,Population density (people per sq. km of land area),people per sq. km of land area,2,World Development Indicators,2020,243.180852916,2026-07-13,\N,0,243.180852915579,2026-07-29T18:04:35Z
wdi2-2019-2021-372906f371e0391f,QAT,QA,QAT,Qatar,ISO-3166-1,economy,False,matched_iso,EN.POP.DNST,Population density (people per sq. km of land area),people per sq. km of land area,2,World Development Indicators,2021,218.007832898,2026-07-13,\N,0,218.007832898172,2026-07-29T18:04:35Z
wdi2-2019-2021-372906f371e0391f,QAT,QA,QAT,Qatar,ISO-3166-1,economy,False,matched_iso,NY.GDP.PCAP.KD,GDP per capita (constant 2015 US$),constant 2015 US$,2,World Development Indicators,2019,63430.460760958,2026-07-13,\N,1,63430.4607609581,2026-07-29T18:04:35Z
wdi2-2019-2021-372906f371e0391f,QAT,QA,QAT,Qatar,ISO-3166-1,economy,False,matched_iso,NY.GDP.PCAP.KD,GDP per capita (constant 2015 US$),constant 2015 US$,2,World Development Indicators,2020,57769.604104354,2026-07-13,\N,1,57769.604104354,2026-07-29T18:04:35Z
wdi2-2019-2021-372906f371e0391f,QAT,QA,QAT,Qatar,ISO-3166-1,economy,False,matched_iso,NY.GDP.PCAP.KD,GDP per capita (constant 2015 US$),constant 2015 US$,2,World Development Indicators,2021,65488.511791112,2026-07-13,\N,1,65488.5117911123,2026-07-29T18:04:35Z
wdi2-2019-2021-372906f371e0391f,QAT,QA,QAT,Qatar,ISO-3166-1,economy,False,matched_iso,SH.XPD.CHEX.PP.CD,"Current health expenditure per capita, PPP (current international $)",current international $,2,World Development Indicators,2019,3228.735105715,2026-07-13,\N,2,3228.73510571489,2026-07-29T18:04:35Z
wdi2-2019-2021-372906f371e0391f,QAT,QA,QAT,Qatar,ISO-3166-1,economy,False,matched_iso,SH.XPD.CHEX.PP.CD,"Current health expenditure per capita, PPP (current international $)",current international $,2,World Development Indicators,2020,3126.728063861,2026-07-13,\N,2,3126.72806386082,2026-07-29T18:04:35Z
wdi2-2019-2021-372906f371e0391f,QAT,QA,QAT,Qatar,ISO-3166-1,economy,False,matched_iso,SH.XPD.CHEX.PP.CD,"Current health expenditure per capita, PPP (current international $)",current international $,2,World Development Indicators,2021,3007.44761222,2026-07-13,\N,2,3007.44761222009,2026-07-29T18:04:35Z
wdi2-2019-2021-372906f371e0391f,QAT,QA,QAT,Qatar,ISO-3166-1,economy,False,matched_iso,SP.POP.65UP.TO.ZS,Population ages 65 and above (% of total population),% of total population,2,World Development Indicators,2019,1.172120299,2026-07-13,\N,0,1.17212029932225,2026-07-29T18:04:35Z
wdi2-2019-2021-372906f371e0391f,QAT,QA,QAT,Qatar,ISO-3166-1,economy,False,matched_iso,SP.POP.65UP.TO.ZS,Population ages 65 and above (% of total population),% of total population,2,World Development Indicators,2020,1.247692513,2026-07-13,\N,0,1.24769251348821,2026-07-29T18:04:35Z
wdi2-2019-2021-372906f371e0391f,QAT,QA,QAT,Qatar,ISO-3166-1,economy,False,matched_iso,SP.POP.65UP.TO.ZS,Population ages 65 and above (% of total population),% of total population,2,World Development Indicators,2021,1.303862689,2026-07-13,\N,0,1.30386268899766,2026-07-29T18:04:35Z
wdi2-2019-2021-372906f371e0391f,QAT,QA,QAT,Qatar,ISO-3166-1,economy,False,matched_iso,SP.POP.TOTL,"Population, total",people,2,World Development Indicators,2019,2638657,2026-07-13,\N,0,2638657,2026-07-29T18:04:35Z
wdi2-2019-2021-372906f371e0391f,QAT,QA,QAT,Qatar,ISO-3166-1,economy,False,matched_iso,SP.POP.TOTL,"Population, total",people,2,World Development Indicators,2020,2794148,2026-07-13,\N,0,2794148,2026-07-29T18:04:35Z
wdi2-2019-2021-372906f371e0391f,QAT,QA,QAT,Qatar,ISO-3166-1,economy,False,matched_iso,SP.POP.TOTL,"Population, total",people,2,World Development Indicators,2021,2504910,2026-07-13,\N,0,2504910,2026-07-29T18:04:35Z
wdi2-2019-2021-372906f371e0391f,ROU,RO,ROU,Romania,ISO-3166-1,economy,False,matched_iso,EN.POP.DNST,Population density (people per sq. km of land area),people per sq. km of land area,2,World Development Indicators,2019,84.19527121,2026-07-13,\N,0,84.1952712100139,2026-07-29T18:04:35Z
wdi2-2019-2021-372906f371e0391f,ROU,RO,ROU,Romania,ISO-3166-1,economy,False,matched_iso,EN.POP.DNST,Population density (people per sq. km of land area),people per sq. km of land area,2,World Development Indicators,2020,83.732832058,2026-07-13,\N,0,83.7328320584145,2026-07-29T18:04:35Z
wdi2-2019-2021-372906f371e0391f,ROU,RO,ROU,Romania,ISO-3166-1,economy,False,matched_iso,EN.POP.DNST,Population density (people per sq. km of land area),people per sq. km of land area,2,World Development Indicators,2021,83.110478964,2026-07-13,\N,0,83.1104789638387,2026-07-29T18:04:35Z
wdi2-2019-2021-372906f371e0391f,ROU,RO,ROU,Romania,ISO-3166-1,economy,False,matched_iso,NY.GDP.PCAP.KD,GDP per capita (constant 2015 US$),constant 2015 US$,2,World Development Indicators,2019,11197.316291585,2026-07-13,\N,1,11197.3162915853,2026-07-29T18:04:35Z
wdi2-2019-2021-372906f371e0391f,ROU,RO,ROU,Romania,ISO-3166-1,economy,False,matched_iso,NY.GDP.PCAP.KD,GDP per capita (constant 2015 US$),constant 2015 US$,2,World Development Indicators,2020,10854.049431887,2026-07-13,\N,1,10854.049431887,2026-07-29T18:04:35Z
wdi2-2019-2021-372906f371e0391f,ROU,RO,ROU,Romania,ISO-3166-1,economy,False,matched_iso,NY.GDP.PCAP.KD,GDP per capita (constant 2015 US$),constant 2015 US$,2,World Development Indicators,2021,11546.322499807,2026-07-13,\N,1,11546.3224998072,2026-07-29T18:04:35Z
wdi2-2019-2021-372906f371e0391f,ROU,RO,ROU,Romania,ISO-3166-1,economy,False,matched_iso,SH.XPD.CHEX.PP.CD,"Current health expenditure per capita, PPP (current international $)",current international $,2,World Development Indicators,2019,1912.924154724,2026-07-13,\N,2,1912.92415472355,2026-07-29T18:04:35Z
wdi2-2019-2021-372906f371e0391f,ROU,RO,ROU,Romania,ISO-3166-1,economy,False,matched_iso,SH.XPD.CHEX.PP.CD,"Current health expenditure per capita, PPP (current international $)",current international $,2,World Development Indicators,2020,2128.20841549,2026-07-13,\N,2,2128.20841549029,2026-07-29T18:04:35Z
wdi2-2019-2021-372906f371e0391f,ROU,RO,ROU,Romania,ISO-3166-1,economy,False,matched_iso,SH.XPD.CHEX.PP.CD,"Current health expenditure per capita, PPP (current international $)",current international $,2,World Development Indicators,2021,2424.588570609,2026-07-13,\N,2,2424.5885706092,2026-07-29T18:04:35Z
wdi2-2019-2021-372906f371e0391f,ROU,RO,ROU,Romania,ISO-3166-1,economy,False,matched_iso,SP.POP.65UP.TO.ZS,Population ages 65 and above (% of total population),% of total population,2,World Development Indicators,2019,18.604236527,2026-07-13,\N,0,18.604236526527,2026-07-29T18:04:35Z
wdi2-2019-2021-372906f371e0391f,ROU,RO,ROU,Romania,ISO-3166-1,economy,False,matched_iso,SP.POP.65UP.TO.ZS,Population ages 65 and above (% of total population),% of total population,2,World Development Indicators,2020,19.016665696,2026-07-13,\N,0,19.0166656963587,2026-07-29T18:04:35Z
wdi2-2019-2021-372906f371e0391f,ROU,RO,ROU,Romania,ISO-3166-1,economy,False,matched_iso,SP.POP.65UP.TO.ZS,Population ages 65 and above (% of total population),% of total population,2,World Development Indicators,2021,19.326965833,2026-07-13,\N,0,19.3269658332554,2026-07-29T18:04:35Z
wdi2-2019-2021-372906f371e0391f,ROU,RO,ROU,Romania,ISO-3166-1,economy,False,matched_iso,SP.POP.TOTL,"Population, total",people,2,World Development Indicators,2019,19371648,2026-07-13,\N,0,19371648,2026-07-29T18:04:35Z
wdi2-2019-2021-372906f371e0391f,ROU,RO,ROU,Romania,ISO-3166-1,economy,False,matched_iso,SP.POP.TOTL,"Population, total",people,2,World Development Indicators,2020,19265250,2026-07-13,\N,0,19265250,2026-07-29T18:04:35Z
wdi2-2019-2021-372906f371e0391f,ROU,RO,ROU,Romania,ISO-3166-1,economy,False,matched_iso,SP.POP.TOTL,"Population, total",people,2,World Development Indicators,2021,19122059,2026-07-13,\N,0,19122059,2026-07-29T18:04:35Z
wdi2-2019-2021-372906f371e0391f,RUS,RU,RUS,Russian Federation,ISO-3166-1,economy,False,matched_iso,EN.POP.DNST,Population density (people per sq. km of land area),people per sq. km of land area,2,World Development Indicators,2019,8.881629457,2026-07-13,\N,0,8.88162945666663,2026-07-29T18:04:35Z
wdi2-2019-2021-372906f371e0391f,RUS,RU,RUS,Russian Federation,ISO-3166-1,economy,False,matched_iso,EN.POP.DNST,Population density (people per sq. km of land area),people per sq. km of land area,2,World Development Indicators,2020,8.868919885,2026-07-13,\N,0,8.86891988517952,2026-07-29T18:04:35Z
wdi2-2019-2021-372906f371e0391f,RUS,RU,RUS,Russian Federation,ISO-3166-1,economy,False,matched_iso,EN.POP.DNST,Population density (people per sq. km of land area),people per sq. km of land area,2,World Development Indicators,2021,8.838487574,2026-07-13,\N,0,8.83848757424343,2026-07-29T18:04:35Z
wdi2-2019-2021-372906f371e0391f,RUS,RU,RUS,Russian Federation,ISO-3166-1,economy,False,matched_iso,NY.GDP.PCAP.KD,GDP per capita (constant 2015 US$),constant 2015 US$,2,World Development Indicators,2019,9882.024414062,2026-07-13,\N,1,9882.0244140625,2026-07-29T18:04:35Z
wdi2-2019-2021-372906f371e0391f,RUS,RU,RUS,Russian Federation,ISO-3166-1,economy,False,matched_iso,NY.GDP.PCAP.KD,GDP per capita (constant 2015 US$),constant 2015 US$,2,World Development Indicators,2020,9632.325195312,2026-07-13,\N,1,9632.3251953125,2026-07-29T18:04:35Z
wdi2-2019-2021-372906f371e0391f,RUS,RU,RUS,Russian Federation,ISO-3166-1,economy,False,matched_iso,NY.GDP.PCAP.KD,GDP per capita (constant 2015 US$),constant 2015 US$,2,World Development Indicators,2021,10231.318359375,2026-07-13,\N,1,10231.318359375,2026-07-29T18:04:35Z
wdi2-2019-2021-372906f371e0391f,RUS,RU,RUS,Russian Federation,ISO-3166-1,economy,False,matched_iso,SH.XPD.CHEX.PP.CD,"Current health expenditure per capita, PPP (current international $)",current international $,2,World Development Indicators,2019,1759.398999673,2026-07-13,\N,2,1759.39899967257,2026-07-29T18:04:35Z
wdi2-2019-2021-372906f371e0391f,RUS,RU,RUS,Russian Federation,ISO-3166-1,economy,False,matched_iso,SH.XPD.CHEX.PP.CD,"Current health expenditure per capita, PPP (current international $)",current international $,2,World Development Indicators,2020,2538.823604575,2026-07-13,\N,2,2538.82360457465,2026-07-29T18:04:35Z
wdi2-2019-2021-372906f371e0391f,RUS,RU,RUS,Russian Federation,ISO-3166-1,economy,False,matched_iso,SH.XPD.CHEX.PP.CD,"Current health expenditure per capita, PPP (current international $)",current international $,2,World Development Indicators,2021,2741.983370787,2026-07-13,\N,2,2741.98337078669,2026-07-29T18:04:35Z
wdi2-2019-2021-372906f371e0391f,RUS,RU,RUS,Russian Federation,ISO-3166-1,economy,False,matched_iso,SP.POP.65UP.TO.ZS,Population ages 65 and above (% of total population),% of total population,2,World Development Indicators,2019,15.06329933,2026-07-13,\N,0,15.063299330246,2026-07-29T18:04:35Z
wdi2-2019-2021-372906f371e0391f,RUS,RU,RUS,Russian Federation,ISO-3166-1,economy,False,matched_iso,SP.POP.65UP.TO.ZS,Population ages 65 and above (% of total population),% of total population,2,World Development Indicators,2020,15.472142238,2026-07-13,\N,0,15.4721422383228,2026-07-29T18:04:35Z
wdi2-2019-2021-372906f371e0391f,RUS,RU,RUS,Russian Federation,ISO-3166-1,economy,False,matched_iso,SP.POP.65UP.TO.ZS,Population ages 65 and above (% of total population),% of total population,2,World Development Indicators,2021,15.733398795,2026-07-13,\N,0,15.7333987949149,2026-07-29T18:04:35Z
wdi2-2019-2021-372906f371e0391f,RUS,RU,RUS,Russian Federation,ISO-3166-1,economy,False,matched_iso,SP.POP.TOTL,"Population, total",people,2,World Development Indicators,2019,145453291,2026-07-13,\N,0,145453291,2026-07-29T18:04:35Z
wdi2-2019-2021-372906f371e0391f,RUS,RU,RUS,Russian Federation,ISO-3166-1,economy,False,matched_iso,SP.POP.TOTL,"Population, total",people,2,World Development Indicators,2020,145245148,2026-07-13,\N,0,145245148,2026-07-29T18:04:35Z
wdi2-2019-2021-372906f371e0391f,RUS,RU,RUS,Russian Federation,ISO-3166-1,economy,False,matched_iso,SP.POP.TOTL,"Population, total",people,2,World Development Indicators,2021,144746762,2026-07-13,\N,0,144746762,2026-07-29T18:04:35Z
wdi2-2019-2021-372906f371e0391f,RWA,RW,RWA,Rwanda,ISO-3166-1,economy,False,matched_iso,EN.POP.DNST,Population density (people per sq. km of land area),people per sq. km of land area,2,World Development Indicators,2019,517.880137819,2026-07-13,\N,0,517.880137819214,2026-07-29T18:04:35Z
wdi2-2019-2021-372906f371e0391f,RWA,RW,RWA,Rwanda,ISO-3166-1,economy,False,matched_iso,EN.POP.DNST,Population density (people per sq. km of land area),people per sq. km of land area,2,World Development Indicators,2020,529.624523713,2026-07-13,\N,0,529.624523713012,2026-07-29T18:04:35Z
wdi2-2019-2021-372906f371e0391f,RWA,RW,RWA,Rwanda,ISO-3166-1,economy,False,matched_iso,EN.POP.DNST,Population density (people per sq. km of land area),people per sq. km of land area,2,World Development Indicators,2021,541.356303202,2026-07-13,\N,0,541.35630320227,2026-07-29T18:04:35Z
wdi2-2019-2021-372906f371e0391f,RWA,RW,RWA,Rwanda,ISO-3166-1,economy,False,matched_iso,NY.GDP.PCAP.KD,GDP per capita (constant 2015 US$),constant 2015 US$,2,World Development Indicators,2019,863.872077583,2026-07-13,\N,1,863.872077583172,2026-07-29T18:04:35Z
wdi2-2019-2021-372906f371e0391f,RWA,RW,RWA,Rwanda,ISO-3166-1,economy,False,matched_iso,NY.GDP.PCAP.KD,GDP per capita (constant 2015 US$),constant 2015 US$,2,World Development Indicators,2020,821.257133283,2026-07-13,\N,1,821.257133282758,2026-07-29T18:04:35Z
wdi2-2019-2021-372906f371e0391f,RWA,RW,RWA,Rwanda,ISO-3166-1,economy,False,matched_iso,NY.GDP.PCAP.KD,GDP per capita (constant 2015 US$),constant 2015 US$,2,World Development Indicators,2021,871.041835304,2026-07-13,\N,1,871.041835304187,2026-07-29T18:04:35Z
wdi2-2019-2021-372906f371e0391f,RWA,RW,RWA,Rwanda,ISO-3166-1,economy,False,matched_iso,SH.XPD.CHEX.PP.CD,"Current health expenditure per capita, PPP (current international $)",current international $,2,World Development Indicators,2019,114.814024311,2026-07-13,\N,2,114.814024310661,2026-07-29T18:04:35Z
wdi2-2019-2021-372906f371e0391f,RWA,RW,RWA,Rwanda,ISO-3166-1,economy,False,matched_iso,SH.XPD.CHEX.PP.CD,"Current health expenditure per capita, PPP (current international $)",current international $,2,World Development Indicators,2020,132.488857137,2026-07-13,\N,2,132.488857137092,2026-07-29T18:04:35Z
wdi2-2019-2021-372906f371e0391f,RWA,RW,RWA,Rwanda,ISO-3166-1,economy,False,matched_iso,SH.XPD.CHEX.PP.CD,"Current health expenditure per capita, PPP (current international $)",current international $,2,World Development Indicators,2021,170.181440853,2026-07-13,\N,2,170.181440853356,2026-07-29T18:04:35Z
wdi2-2019-2021-372906f371e0391f,RWA,RW,RWA,Rwanda,ISO-3166-1,economy,False,matched_iso,SP.POP.65UP.TO.ZS,Population ages 65 and above (% of total population),% of total population,2,World Development Indicators,2019,3.357025221,2026-07-13,\N,0,3.35702522122747,2026-07-29T18:04:35Z
wdi2-2019-2021-372906f371e0391f,RWA,RW,RWA,Rwanda,ISO-3166-1,economy,False,matched_iso,SP.POP.65UP.TO.ZS,Population ages 65 and above (% of total population),% of total population,2,World Development Indicators,2020,3.475701557,2026-07-13,\N,0,3.47570155666262,2026-07-29T18:04:35Z
wdi2-2019-2021-372906f371e0391f,RWA,RW,RWA,Rwanda,ISO-3166-1,economy,False,matched_iso,SP.POP.65UP.TO.ZS,Population ages 65 and above (% of total population),% of total population,2,World Development Indicators,2021,3.605657995,2026-07-13,\N,0,3.60565799542652,2026-07-29T18:04:35Z
wdi2-2019-2021-372906f371e0391f,RWA,RW,RWA,Rwanda,ISO-3166-1,economy,False,matched_iso,SP.POP.TOTL,"Population, total",people,2,World Development Indicators,2019,12776103,2026-07-13,\N,0,12776103,2026-07-29T18:04:35Z
wdi2-2019-2021-372906f371e0391f,RWA,RW,RWA,Rwanda,ISO-3166-1,economy,False,matched_iso,SP.POP.TOTL,"Population, total",people,2,World Development Indicators,2020,13065837,2026-07-13,\N,0,13065837,2026-07-29T18:04:35Z
wdi2-2019-2021-372906f371e0391f,RWA,RW,RWA,Rwanda,ISO-3166-1,economy,False,matched_iso,SP.POP.TOTL,"Population, total",people,2,World Development Indicators,2021,13355260,2026-07-13,\N,0,13355260,2026-07-29T18:04:35Z
wdi2-2019-2021-372906f371e0391f,SAU,SA,SAU,Saudi Arabia,ISO-3166-1,economy,False,matched_iso,EN.POP.DNST,Population density (people per sq. km of land area),people per sq. km of land area,2,World Development Indicators,2019,13.985178793,2026-07-13,\N,0,13.9851787932213,2026-07-29T18:04:35Z
wdi2-2019-2021-372906f371e0391f,SAU,SA,SAU,Saudi Arabia,ISO-3166-1,economy,False,matched_iso,EN.POP.DNST,Population density (people per sq. km of land area),people per sq. km of land area,2,World Development Indicators,2020,14.677702366,2026-07-13,\N,0,14.6777023663877,2026-07-29T18:04:35Z
wdi2-2019-2021-372906f371e0391f,SAU,SA,SAU,Saudi Arabia,ISO-3166-1,economy,False,matched_iso,EN.POP.DNST,Population density (people per sq. km of land area),people per sq. km of land area,2,World Development Indicators,2021,14.320382474,2026-07-13,\N,0,14.320382473752,2026-07-29T18:04:35Z
wdi2-2019-2021-372906f371e0391f,SAU,SA,SAU,Saudi Arabia,ISO-3166-1,economy,False,matched_iso,NY.GDP.PCAP.KD,GDP per capita (constant 2015 US$),constant 2015 US$,2,World Development Indicators,2019,24905.669742856,2026-07-13,\N,1,24905.6697428558,2026-07-29T18:04:35Z
wdi2-2019-2021-372906f371e0391f,SAU,SA,SAU,Saudi Arabia,ISO-3166-1,economy,False,matched_iso,NY.GDP.PCAP.KD,GDP per capita (constant 2015 US$),constant 2015 US$,2,World Development Indicators,2020,22827.671935548,2026-07-13,\N,1,22827.671935548,2026-07-29T18:04:35Z
wdi2-2019-2021-372906f371e0391f,SAU,SA,SAU,Saudi Arabia,ISO-3166-1,economy,False,matched_iso,NY.GDP.PCAP.KD,GDP per capita (constant 2015 US$),constant 2015 US$,2,World Development Indicators,2021,24922.671694894,2026-07-13,\N,1,24922.6716948944,2026-07-29T18:04:35Z
wdi2-2019-2021-372906f371e0391f,SAU,SA,SAU,Saudi Arabia,ISO-3166-1,economy,False,matched_iso,SH.XPD.CHEX.PP.CD,"Current health expenditure per capita, PPP (current international $)",current international $,2,World Development Indicators,2019,3030.816695925,2026-07-13,\N,2,3030.81669592521,2026-07-29T18:04:35Z
wdi2-2019-2021-372906f371e0391f,SAU,SA,SAU,Saudi Arabia,ISO-3166-1,economy,False,matched_iso,SH.XPD.CHEX.PP.CD,"Current health expenditure per capita, PPP (current international $)",current international $,2,World Development Indicators,2020,3074.4038769,2026-07-13,\N,2,3074.40387689995,2026-07-29T18:04:35Z
wdi2-2019-2021-372906f371e0391f,SAU,SA,SAU,Saudi Arabia,ISO-3166-1,economy,False,matched_iso,SH.XPD.CHEX.PP.CD,"Current health expenditure per capita, PPP (current international $)",current international $,2,World Development Indicators,2021,3249.818502474,2026-07-13,\N,2,3249.81850247356,2026-07-29T18:04:35Z
wdi2-2019-2021-372906f371e0391f,SAU,SA,SAU,Saudi Arabia,ISO-3166-1,economy,False,matched_iso,SP.POP.65UP.TO.ZS,Population ages 65 and above (% of total population),% of total population,2,World Development Indicators,2019,2.45024815,2026-07-13,\N,0,2.45024814989585,2026-07-29T18:04:35Z
wdi2-2019-2021-372906f371e0391f,SAU,SA,SAU,Saudi Arabia,ISO-3166-1,economy,False,matched_iso,SP.POP.65UP.TO.ZS,Population ages 65 and above (% of total population),% of total population,2,World Development Indicators,2020,2.522581647,2026-07-13,\N,0,2.52258164711042,2026-07-29T18:04:35Z
wdi2-2019-2021-372906f371e0391f,SAU,SA,SAU,Saudi Arabia,ISO-3166-1,economy,False,matched_iso,SP.POP.65UP.TO.ZS,Population ages 65 and above (% of total population),% of total population,2,World Development Indicators,2021,2.618554308,2026-07-13,\N,0,2.61855430769317,2026-07-29T18:04:35Z
wdi2-2019-2021-372906f371e0391f,SAU,SA,SAU,Saudi Arabia,ISO-3166-1,economy,False,matched_iso,SP.POP.TOTL,"Population, total",people,2,World Development Indicators,2019,30063799,2026-07-13,\N,0,30063799,2026-07-29T18:04:35Z
wdi2-2019-2021-372906f371e0391f,SAU,SA,SAU,Saudi Arabia,ISO-3166-1,economy,False,matched_iso,SP.POP.TOTL,"Population, total",people,2,World Development Indicators,2020,31552510,2026-07-13,\N,0,31552510,2026-07-29T18:04:35Z
wdi2-2019-2021-372906f371e0391f,SAU,SA,SAU,Saudi Arabia,ISO-3166-1,economy,False,matched_iso,SP.POP.TOTL,"Population, total",people,2,World Development Indicators,2021,30784383,2026-07-13,\N,0,30784383,2026-07-29T18:04:35Z
wdi2-2019-2021-372906f371e0391f,SDN,SD,SDN,Sudan,ISO-3166-1,economy,False,matched_iso,EN.POP.DNST,Population density (people per sq. km of land area),people per sq. km of land area,2,World Development Indicators,2019,24.383391328,2026-07-13,\N,0,24.3833913276231,2026-07-29T18:04:35Z
wdi2-2019-2021-372906f371e0391f,SDN,SD,SDN,Sudan,ISO-3166-1,economy,False,matched_iso,EN.POP.DNST,Population density (people per sq. km of land area),people per sq. km of land area,2,World Development Indicators,2020,25.047768201,2026-07-13,\N,0,25.0477682012848,2026-07-29T18:04:35Z
wdi2-2019-2021-372906f371e0391f,SDN,SD,SDN,Sudan,ISO-3166-1,economy,False,matched_iso,EN.POP.DNST,Population density (people per sq. km of land area),people per sq. km of land area,2,World Development Indicators,2021,25.73175803,2026-07-13,\N,0,25.7317580299786,2026-07-29T18:04:35Z
wdi2-2019-2021-372906f371e0391f,SDN,SD,SDN,Sudan,ISO-3166-1,economy,False,matched_iso,NY.GDP.PCAP.KD,GDP per capita (constant 2015 US$),constant 2015 US$,2,World Development Indicators,2019,1126.552978516,2026-07-13,\N,1,1126.55297851563,2026-07-29T18:04:35Z
wdi2-2019-2021-372906f371e0391f,SDN,SD,SDN,Sudan,ISO-3166-1,economy,False,matched_iso,NY.GDP.PCAP.KD,GDP per capita (constant 2015 US$),constant 2015 US$,2,World Development Indicators,2020,1056.864746094,2026-07-13,\N,1,1056.86474609375,2026-07-29T18:04:35Z
wdi2-2019-2021-372906f371e0391f,SDN,SD,SDN,Sudan,ISO-3166-1,economy,False,matched_iso,NY.GDP.PCAP.KD,GDP per capita (constant 2015 US$),constant 2015 US$,2,World Development Indicators,2021,1009.54888916,2026-07-13,\N,1,1009.54888916016,2026-07-29T18:04:35Z
wdi2-2019-2021-372906f371e0391f,SDN,SD,SDN,Sudan,ISO-3166-1,economy,False,matched_iso,SH.XPD.CHEX.PP.CD,"Current health expenditure per capita, PPP (current international $)",current international $,2,World Development Indicators,2019,185.395502138,2026-07-13,\N,2,185.395502138004,2026-07-29T18:04:35Z
wdi2-2019-2021-372906f371e0391f,SDN,SD,SDN,Sudan,ISO-3166-1,economy,False,matched_iso,SH.XPD.CHEX.PP.CD,"Current health expenditure per capita, PPP (current international $)",current international $,2,World Development Indicators,2020,128.475801081,2026-07-13,\N,2,128.475801080559,2026-07-29T18:04:35Z
wdi2-2019-2021-372906f371e0391f,SDN,SD,SDN,Sudan,ISO-3166-1,economy,False,matched_iso,SH.XPD.CHEX.PP.CD,"Current health expenditure per capita, PPP (current international $)",current international $,2,World Development Indicators,2021,105.612551038,2026-07-13,\N,2,105.61255103827,2026-07-29T18:04:35Z
wdi2-2019-2021-372906f371e0391f,SDN,SD,SDN,Sudan,ISO-3166-1,economy,False,matched_iso,SP.POP.65UP.TO.ZS,Population ages 65 and above (% of total population),% of total population,2,World Development Indicators,2019,2.917953322,2026-07-13,\N,0,2.9179533217527,2026-07-29T18:04:35Z
wdi2-2019-2021-372906f371e0391f,SDN,SD,SDN,Sudan,ISO-3166-1,economy,False,matched_iso,SP.POP.65UP.TO.ZS,Population ages 65 and above (% of total population),% of total population,2,World Development Indicators,2020,2.989897398,2026-07-13,\N,0,2.98989739754432,2026-07-29T18:04:35Z
wdi2-2019-2021-372906f371e0391f,SDN,SD,SDN,Sudan,ISO-3166-1,economy,False,matched_iso,SP.POP.65UP.TO.ZS,Population ages 65 and above (% of total population),% of total population,2,World Development Indicators,2021,3.053637258,2026-07-13,\N,0,3.05363725791981,2026-07-29T18:04:35Z
wdi2-2019-2021-372906f371e0391f,SDN,SD,SDN,Sudan,ISO-3166-1,economy,False,matched_iso,SP.POP.TOTL,"Population, total",people,2,World Development Indicators,2019,45548175,2026-07-13,\N,0,45548175,2026-07-29T18:04:35Z
wdi2-2019-2021-372906f371e0391f,SDN,SD,SDN,Sudan,ISO-3166-1,economy,False,matched_iso,SP.POP.TOTL,"Population, total",people,2,World Development Indicators,2020,46789231,2026-07-13,\N,0,46789231,2026-07-29T18:04:35Z
wdi2-2019-2021-372906f371e0391f,SDN,SD,SDN,Sudan,ISO-3166-1,economy,False,matched_iso,SP.POP.TOTL,"Population, total",people,2,World Development Indicators,2021,48066924,2026-07-13,\N,0,48066924,2026-07-29T18:04:35Z
wdi2-2019-2021-372906f371e0391f,SEN,SN,SEN,Senegal,ISO-3166-1,economy,False,matched_iso,EN.POP.DNST,Population density (people per sq. km of land area),people per sq. km of land area,2,World Development Indicators,2019,84.93700722,2026-07-13,\N,0,84.9370072196541,2026-07-29T18:04:35Z
wdi2-2019-2021-372906f371e0391f,SEN,SN,SEN,Senegal,ISO-3166-1,economy,False,matched_iso,EN.POP.DNST,Population density (people per sq. km of land area),people per sq. km of land area,2,World Development Indicators,2020,87.203131979,2026-07-13,\N,0,87.2031319794318,2026-07-29T18:04:35Z
wdi2-2019-2021-372906f371e0391f,SEN,SN,SEN,Senegal,ISO-3166-1,economy,False,matched_iso,EN.POP.DNST,Population density (people per sq. km of land area),people per sq. km of land area,2,World Development Indicators,2021,89.445109853,2026-07-13,\N,0,89.4451098530099,2026-07-29T18:04:35Z
wdi2-2019-2021-372906f371e0391f,SEN,SN,SEN,Senegal,ISO-3166-1,economy,False,matched_iso,NY.GDP.PCAP.KD,GDP per capita (constant 2015 US$),constant 2015 US$,2,World Development Indicators,2019,1379.608752498,2026-07-13,\N,1,1379.60875249843,2026-07-29T18:04:35Z
wdi2-2019-2021-372906f371e0391f,SEN,SN,SEN,Senegal,ISO-3166-1,economy,False,matched_iso,NY.GDP.PCAP.KD,GDP per capita (constant 2015 US$),constant 2015 US$,2,World Development Indicators,2020,1361.791437489,2026-07-13,\N,1,1361.7914374888,2026-07-29T18:04:35Z
wdi2-2019-2021-372906f371e0391f,SEN,SN,SEN,Senegal,ISO-3166-1,economy,False,matched_iso,NY.GDP.PCAP.KD,GDP per capita (constant 2015 US$),constant 2015 US$,2,World Development Indicators,2021,1414.539510935,2026-07-13,\N,1,1414.53951093499,2026-07-29T18:04:35Z
wdi2-2019-2021-372906f371e0391f,SEN,SN,SEN,Senegal,ISO-3166-1,economy,False,matched_iso,SH.XPD.CHEX.PP.CD,"Current health expenditure per capita, PPP (current international $)",current international $,2,World Development Indicators,2019,163.988432134,2026-07-13,\N,2,163.988432134395,2026-07-29T18:04:35Z
wdi2-2019-2021-372906f371e0391f,SEN,SN,SEN,Senegal,ISO-3166-1,economy,False,matched_iso,SH.XPD.CHEX.PP.CD,"Current health expenditure per capita, PPP (current international $)",current international $,2,World Development Indicators,2020,193.0678736,2026-07-13,\N,2,193.067873600183,2026-07-29T18:04:35Z
wdi2-2019-2021-372906f371e0391f,SEN,SN,SEN,Senegal,ISO-3166-1,economy,False,matched_iso,SH.XPD.CHEX.PP.CD,"Current health expenditure per capita, PPP (current international $)",current international $,2,World Development Indicators,2021,185.744004273,2026-07-13,\N,2,185.744004272729,2026-07-29T18:04:35Z
wdi2-2019-2021-372906f371e0391f,SEN,SN,SEN,Senegal,ISO-3166-1,economy,False,matched_iso,SP.POP.65UP.TO.ZS,Population ages 65 and above (% of total population),% of total population,2,World Development Indicators,2019,3.510519512,2026-07-13,\N,0,3.51051951175819,2026-07-29T18:04:35Z
wdi2-2019-2021-372906f371e0391f,SEN,SN,SEN,Senegal,ISO-3166-1,economy,False,matched_iso,SP.POP.65UP.TO.ZS,Population ages 65 and above (% of total population),% of total population,2,World Development Indicators,2020,3.527465943,2026-07-13,\N,0,3.52746594325007,2026-07-29T18:04:35Z
wdi2-2019-2021-372906f371e0391f,SEN,SN,SEN,Senegal,ISO-3166-1,economy,False,matched_iso,SP.POP.65UP.TO.ZS,Population ages 65 and above (% of total population),% of total population,2,World Development Indicators,2021,3.543105685,2026-07-13,\N,0,3.54310568518721,2026-07-29T18:04:35Z
wdi2-2019-2021-372906f371e0391f,SEN,SN,SEN,Senegal,ISO-3166-1,economy,False,matched_iso,SP.POP.TOTL,"Population, total",people,2,World Development Indicators,2019,16352922,2026-07-13,\N,0,16352922,2026-07-29T18:04:35Z
wdi2-2019-2021-372906f371e0391f,SEN,SN,SEN,Senegal,ISO-3166-1,economy,False,matched_iso,SP.POP.TOTL,"Population, total",people,2,World Development Indicators,2020,16789219,2026-07-13,\N,0,16789219,2026-07-29T18:04:35Z
wdi2-2019-2021-372906f371e0391f,SEN,SN,SEN,Senegal,ISO-3166-1,economy,False,matched_iso,SP.POP.TOTL,"Population, total",people,2,World Development Indicators,2021,17220867,2026-07-13,\N,0,17220867,2026-07-29T18:04:35Z
wdi2-2019-2021-372906f371e0391f,SGP,SG,SGP,Singapore,ISO-3166-1,economy,False,matched_iso,EN.POP.DNST,Population density (people per sq. km of land area),people per sq. km of land area,2,World Development Indicators,2019,7965.87849162,2026-07-13,\N,0,7965.87849162011,2026-07-29T18:04:35Z
wdi2-2019-2021-372906f371e0391f,SGP,SG,SGP,Singapore,ISO-3166-1,economy,False,matched_iso,EN.POP.DNST,Population density (people per sq. km of land area),people per sq. km of land area,2,World Development Indicators,2020,7918.951253482,2026-07-13,\N,0,7918.95125348189,2026-07-29T18:04:35Z
wdi2-2019-2021-372906f371e0391f,SGP,SG,SGP,Singapore,ISO-3166-1,economy,False,matched_iso,EN.POP.DNST,Population density (people per sq. km of land area),people per sq. km of land area,2,World Development Indicators,2021,7595.495821727,2026-07-13,\N,0,7595.49582172702,2026-07-29T18:04:35Z
wdi2-2019-2021-372906f371e0391f,SGP,SG,SGP,Singapore,ISO-3166-1,economy,False,matched_iso,NY.GDP.PCAP.KD,GDP per capita (constant 2015 US$),constant 2015 US$,2,World Development Indicators,2019,61106.311977535,2026-07-13,\N,1,61106.3119775351,2026-07-29T18:04:35Z
wdi2-2019-2021-372906f371e0391f,SGP,SG,SGP,Singapore,ISO-3166-1,economy,False,matched_iso,NY.GDP.PCAP.KD,GDP per capita (constant 2015 US$),constant 2015 US$,2,World Development Indicators,2020,59083.857484157,2026-07-13,\N,1,59083.8574841572,2026-07-29T18:04:35Z
wdi2-2019-2021-372906f371e0391f,SGP,SG,SGP,Singapore,ISO-3166-1,economy,False,matched_iso,NY.GDP.PCAP.KD,GDP per capita (constant 2015 US$),constant 2015 US$,2,World Development Indicators,2021,67846.856537773,2026-07-13,\N,1,67846.8565377728,2026-07-29T18:04:35Z
wdi2-2019-2021-372906f371e0391f,SGP,SG,SGP,Singapore,ISO-3166-1,economy,False,matched_iso,SH.XPD.CHEX.PP.CD,"Current health expenditure per capita, PPP (current international $)",current international $,2,World Development Indicators,2019,4670.462205671,2026-07-13,\N,2,4670.46220567088,2026-07-29T18:04:35Z
wdi2-2019-2021-372906f371e0391f,SGP,SG,SGP,Singapore,ISO-3166-1,economy,False,matched_iso,SH.XPD.CHEX.PP.CD,"Current health expenditure per capita, PPP (current international $)",current international $,2,World Development Indicators,2020,5854.304065368,2026-07-13,\N,2,5854.30406536757,2026-07-29T18:04:35Z
wdi2-2019-2021-372906f371e0391f,SGP,SG,SGP,Singapore,ISO-3166-1,economy,False,matched_iso,SH.XPD.CHEX.PP.CD,"Current health expenditure per capita, PPP (current international $)",current international $,2,World Development Indicators,2021,6710.390845457,2026-07-13,\N,2,6710.39084545712,2026-07-29T18:04:35Z
wdi2-2019-2021-372906f371e0391f,SGP,SG,SGP,Singapore,ISO-3166-1,economy,False,matched_iso,SP.POP.65UP.TO.ZS,Population ages 65 and above (% of total population),% of total population,2,World Development Indicators,2019,10.97505319,2026-07-13,\N,0,10.9750531897302,2026-07-29T18:04:35Z
wdi2-2019-2021-372906f371e0391f,SGP,SG,SGP,Singapore,ISO-3166-1,economy,False,matched_iso,SP.POP.65UP.TO.ZS,Population ages 65 and above (% of total population),% of total population,2,World Development Indicators,2020,11.58494777,2026-07-13,\N,0,11.5849477696371,2026-07-29T18:04:35Z
wdi2-2019-2021-372906f371e0391f,SGP,SG,SGP,Singapore,ISO-3166-1,economy,False,matched_iso,SP.POP.65UP.TO.ZS,Population ages 65 and above (% of total population),% of total population,2,World Development Indicators,2021,12.258194216,2026-07-13,\N,0,12.258194216314,2026-07-29T18:04:35Z
wdi2-2019-2021-372906f371e0391f,SGP,SG,SGP,Singapore,ISO-3166-1,economy,False,matched_iso,SP.POP.TOTL,"Population, total",people,2,World Development Indicators,2019,5703569,2026-07-13,\N,0,5703569,2026-07-29T18:04:35Z
wdi2-2019-2021-372906f371e0391f,SGP,SG,SGP,Singapore,ISO-3166-1,economy,False,matched_iso,SP.POP.TOTL,"Population, total",people,2,World Development Indicators,2020,5685807,2026-07-13,\N,0,5685807,2026-07-29T18:04:35Z
wdi2-2019-2021-372906f371e0391f,SGP,SG,SGP,Singapore,ISO-3166-1,economy,False,matched_iso,SP.POP.TOTL,"Population, total",people,2,World Development Indicators,2021,5453566,2026-07-13,\N,0,5453566,2026-07-29T18:04:35Z
wdi2-2019-2021-372906f371e0391f,SLB,SB,SLB,Solomon Islands,ISO-3166-1,economy,False,matched_iso,EN.POP.DNST,Population density (people per sq. km of land area),people per sq. km of land area,2,World Development Indicators,2019,26.014540907,2026-07-13,\N,0,26.014540907467,2026-07-29T18:04:35Z
wdi2-2019-2021-372906f371e0391f,SLB,SB,SLB,Solomon Islands,ISO-3166-1,economy,False,matched_iso,EN.POP.DNST,Population density (people per sq. km of land area),people per sq. km of land area,2,World Development Indicators,2020,26.598713826,2026-07-13,\N,0,26.5987138263666,2026-07-29T18:04:35Z
wdi2-2019-2021-372906f371e0391f,SLB,SB,SLB,Solomon Islands,ISO-3166-1,economy,False,matched_iso,EN.POP.DNST,Population density (people per sq. km of land area),people per sq. km of land area,2,World Development Indicators,2021,27.245123258,2026-07-13,\N,0,27.2451232583065,2026-07-29T18:04:35Z
wdi2-2019-2021-372906f371e0391f,SLB,SB,SLB,Solomon Islands,ISO-3166-1,economy,False,matched_iso,NY.GDP.PCAP.KD,GDP per capita (constant 2015 US$),constant 2015 US$,2,World Development Indicators,2019,2043.091397783,2026-07-13,\N,1,2043.09139778307,2026-07-29T18:04:35Z
wdi2-2019-2021-372906f371e0391f,SLB,SB,SLB,Solomon Islands,ISO-3166-1,economy,False,matched_iso,NY.GDP.PCAP.KD,GDP per capita (constant 2015 US$),constant 2015 US$,2,World Development Indicators,2020,1930.655103072,2026-07-13,\N,1,1930.65510307199,2026-07-29T18:04:35Z
wdi2-2019-2021-372906f371e0391f,SLB,SB,SLB,Solomon Islands,ISO-3166-1,economy,False,matched_iso,NY.GDP.PCAP.KD,GDP per capita (constant 2015 US$),constant 2015 US$,2,World Development Indicators,2021,1880.551982718,2026-07-13,\N,1,1880.5519827183,2026-07-29T18:04:35Z
wdi2-2019-2021-372906f371e0391f,SLB,SB,SLB,Solomon Islands,ISO-3166-1,economy,False,matched_iso,SH.XPD.CHEX.PP.CD,"Current health expenditure per capita, PPP (current international $)",current international $,2,World Development Indicators,2019,111.46439909,2026-07-13,\N,2,111.464399089855,2026-07-29T18:04:35Z
wdi2-2019-2021-372906f371e0391f,SLB,SB,SLB,Solomon Islands,ISO-3166-1,economy,False,matched_iso,SH.XPD.CHEX.PP.CD,"Current health expenditure per capita, PPP (current international $)",current international $,2,World Development Indicators,2020,117.734375132,2026-07-13,\N,2,117.734375131882,2026-07-29T18:04:35Z
wdi2-2019-2021-372906f371e0391f,SLB,SB,SLB,Solomon Islands,ISO-3166-1,economy,False,matched_iso,SH.XPD.CHEX.PP.CD,"Current health expenditure per capita, PPP (current international $)",current international $,2,World Development Indicators,2021,124.608351894,2026-07-13,\N,2,124.608351894392,2026-07-29T18:04:35Z
wdi2-2019-2021-372906f371e0391f,SLB,SB,SLB,Solomon Islands,ISO-3166-1,economy,False,matched_iso,SP.POP.65UP.TO.ZS,Population ages 65 and above (% of total population),% of total population,2,World Development Indicators,2019,3.741895524,2026-07-13,\N,0,3.7418955238434,2026-07-29T18:04:35Z
wdi2-2019-2021-372906f371e0391f,SLB,SB,SLB,Solomon Islands,ISO-3166-1,economy,False,matched_iso,SP.POP.65UP.TO.ZS,Population ages 65 and above (% of total population),% of total population,2,World Development Indicators,2020,3.702763473,2026-07-13,\N,0,3.70276347283673,2026-07-29T18:04:35Z
wdi2-2019-2021-372906f371e0391f,SLB,SB,SLB,Solomon Islands,ISO-3166-1,economy,False,matched_iso,SP.POP.65UP.TO.ZS,Population ages 65 and above (% of total population),% of total population,2,World Development Indicators,2021,3.654905674,2026-07-13,\N,0,3.65490567361425,2026-07-29T18:04:35Z
wdi2-2019-2021-372906f371e0391f,SLB,SB,SLB,Solomon Islands,ISO-3166-1,economy,False,matched_iso,SP.POP.TOTL,"Population, total",people,2,World Development Indicators,2019,728147,2026-07-13,\N,0,728147,2026-07-29T18:04:35Z
wdi2-2019-2021-372906f371e0391f,SLB,SB,SLB,Solomon Islands,ISO-3166-1,economy,False,matched_iso,SP.POP.TOTL,"Population, total",people,2,World Development Indicators,2020,744498,2026-07-13,\N,0,744498,2026-07-29T18:04:35Z
wdi2-2019-2021-372906f371e0391f,SLB,SB,SLB,Solomon Islands,ISO-3166-1,economy,False,matched_iso,SP.POP.TOTL,"Population, total",people,2,World Development Indicators,2021,762591,2026-07-13,\N,0,762591,2026-07-29T18:04:35Z
wdi2-2019-2021-372906f371e0391f,SLE,SL,SLE,Sierra Leone,ISO-3166-1,economy,False,matched_iso,EN.POP.DNST,Population density (people per sq. km of land area),people per sq. km of land area,2,World Development Indicators,2019,107.120961485,2026-07-13,\N,0,107.120961485176,2026-07-29T18:04:35Z
wdi2-2019-2021-372906f371e0391f,SLE,SL,SLE,Sierra Leone,ISO-3166-1,economy,False,matched_iso,EN.POP.DNST,Population density (people per sq. km of land area),people per sq. km of land area,2,World Development Indicators,2020,109.622582433,2026-07-13,\N,0,109.622582432807,2026-07-29T18:04:35Z
wdi2-2019-2021-372906f371e0391f,SLE,SL,SLE,Sierra Leone,ISO-3166-1,economy,False,matched_iso,EN.POP.DNST,Population density (people per sq. km of land area),people per sq. km of land area,2,World Development Indicators,2021,112.144666112,2026-07-13,\N,0,112.144666112497,2026-07-29T18:04:35Z
wdi2-2019-2021-372906f371e0391f,SLE,SL,SLE,Sierra Leone,ISO-3166-1,economy,False,matched_iso,NY.GDP.PCAP.KD,GDP per capita (constant 2015 US$),constant 2015 US$,2,World Development Indicators,2019,1046.967780786,2026-07-13,\N,1,1046.96778078594,2026-07-29T18:04:35Z
wdi2-2019-2021-372906f371e0391f,SLE,SL,SLE,Sierra Leone,ISO-3166-1,economy,False,matched_iso,NY.GDP.PCAP.KD,GDP per capita (constant 2015 US$),constant 2015 US$,2,World Development Indicators,2020,1010.252946148,2026-07-13,\N,1,1010.25294614757,2026-07-29T18:04:35Z
wdi2-2019-2021-372906f371e0391f,SLE,SL,SLE,Sierra Leone,ISO-3166-1,economy,False,matched_iso,NY.GDP.PCAP.KD,GDP per capita (constant 2015 US$),constant 2015 US$,2,World Development Indicators,2021,1045.766161576,2026-07-13,\N,1,1045.7661615758,2026-07-29T18:04:35Z
wdi2-2019-2021-372906f371e0391f,SLE,SL,SLE,Sierra Leone,ISO-3166-1,economy,False,matched_iso,SH.XPD.CHEX.PP.CD,"Current health expenditure per capita, PPP (current international $)",current international $,2,World Development Indicators,2019,154.274229757,2026-07-13,\N,2,154.274229757054,2026-07-29T18:04:35Z
wdi2-2019-2021-372906f371e0391f,SLE,SL,SLE,Sierra Leone,ISO-3166-1,economy,False,matched_iso,SH.XPD.CHEX.PP.CD,"Current health expenditure per capita, PPP (current international $)",current international $,2,World Development Indicators,2020,154.039296964,2026-07-13,\N,2,154.039296964456,2026-07-29T18:04:35Z
wdi2-2019-2021-372906f371e0391f,SLE,SL,SLE,Sierra Leone,ISO-3166-1,economy,False,matched_iso,SH.XPD.CHEX.PP.CD,"Current health expenditure per capita, PPP (current international $)",current international $,2,World Development Indicators,2021,144.49907148,2026-07-13,\N,2,144.499071479513,2026-07-29T18:04:35Z
wdi2-2019-2021-372906f371e0391f,SLE,SL,SLE,Sierra Leone,ISO-3166-1,economy,False,matched_iso,SP.POP.65UP.TO.ZS,Population ages 65 and above (% of total population),% of total population,2,World Development Indicators,2019,3.135162728,2026-07-13,\N,0,3.13516272846153,2026-07-29T18:04:35Z
wdi2-2019-2021-372906f371e0391f,SLE,SL,SLE,Sierra Leone,ISO-3166-1,economy,False,matched_iso,SP.POP.65UP.TO.ZS,Population ages 65 and above (% of total population),% of total population,2,World Development Indicators,2020,3.14095012,2026-07-13,\N,0,3.14095012004967,2026-07-29T18:04:35Z
wdi2-2019-2021-372906f371e0391f,SLE,SL,SLE,Sierra Leone,ISO-3166-1,economy,False,matched_iso,SP.POP.65UP.TO.ZS,Population ages 65 and above (% of total population),% of total population,2,World Development Indicators,2021,3.151594112,2026-07-13,\N,0,3.15159411173026,2026-07-29T18:04:35Z
wdi2-2019-2021-372906f371e0391f,SLE,SL,SLE,Sierra Leone,ISO-3166-1,economy,False,matched_iso,SP.POP.TOTL,"Population, total",people,2,World Development Indicators,2019,7731991,2026-07-13,\N,0,7731991,2026-07-29T18:04:35Z
wdi2-2019-2021-372906f371e0391f,SLE,SL,SLE,Sierra Leone,ISO-3166-1,economy,False,matched_iso,SP.POP.TOTL,"Population, total",people,2,World Development Indicators,2020,7912558,2026-07-13,\N,0,7912558,2026-07-29T18:04:35Z
wdi2-2019-2021-372906f371e0391f,SLE,SL,SLE,Sierra Leone,ISO-3166-1,economy,False,matched_iso,SP.POP.TOTL,"Population, total",people,2,World Development Indicators,2021,8094602,2026-07-13,\N,0,8094602,2026-07-29T18:04:35Z
wdi2-2019-2021-372906f371e0391f,SLV,SV,SLV,El Salvador,ISO-3166-1,economy,False,matched_iso,EN.POP.DNST,Population density (people per sq. km of land area),people per sq. km of land area,2,World Development Indicators,2019,300.30492278,2026-07-13,\N,0,300.304922779923,2026-07-29T18:04:35Z
wdi2-2019-2021-372906f371e0391f,SLV,SV,SLV,El Salvador,ISO-3166-1,economy,False,matched_iso,EN.POP.DNST,Population density (people per sq. km of land area),people per sq. km of land area,2,World Development Indicators,2020,300.901206564,2026-07-13,\N,0,300.901206563707,2026-07-29T18:04:35Z
wdi2-2019-2021-372906f371e0391f,SLV,SV,SLV,El Salvador,ISO-3166-1,economy,False,matched_iso,EN.POP.DNST,Population density (people per sq. km of land area),people per sq. km of land area,2,World Development Indicators,2021,301.919980695,2026-07-13,\N,0,301.919980694981,2026-07-29T18:04:35Z
wdi2-2019-2021-372906f371e0391f,SLV,SV,SLV,El Salvador,ISO-3166-1,economy,False,matched_iso,NY.GDP.PCAP.KD,GDP per capita (constant 2015 US$),constant 2015 US$,2,World Development Indicators,2019,4143.114370979,2026-07-13,\N,1,4143.11437097867,2026-07-29T18:04:35Z
wdi2-2019-2021-372906f371e0391f,SLV,SV,SLV,El Salvador,ISO-3166-1,economy,False,matched_iso,NY.GDP.PCAP.KD,GDP per capita (constant 2015 US$),constant 2015 US$,2,World Development Indicators,2020,3808.531954364,2026-07-13,\N,1,3808.53195436409,2026-07-29T18:04:35Z
wdi2-2019-2021-372906f371e0391f,SLV,SV,SLV,El Salvador,ISO-3166-1,economy,False,matched_iso,NY.GDP.PCAP.KD,GDP per capita (constant 2015 US$),constant 2015 US$,2,World Development Indicators,2021,4247.54750395,2026-07-13,\N,1,4247.54750394978,2026-07-29T18:04:35Z
wdi2-2019-2021-372906f371e0391f,SLV,SV,SLV,El Salvador,ISO-3166-1,economy,False,matched_iso,SH.XPD.CHEX.PP.CD,"Current health expenditure per capita, PPP (current international $)",current international $,2,World Development Indicators,2019,859.415342429,2026-07-13,\N,2,859.415342428711,2026-07-29T18:04:35Z
wdi2-2019-2021-372906f371e0391f,SLV,SV,SLV,El Salvador,ISO-3166-1,economy,False,matched_iso,SH.XPD.CHEX.PP.CD,"Current health expenditure per capita, PPP (current international $)",current international $,2,World Development Indicators,2020,840.737911267,2026-07-13,\N,2,840.737911267358,2026-07-29T18:04:35Z
wdi2-2019-2021-372906f371e0391f,SLV,SV,SLV,El Salvador,ISO-3166-1,economy,False,matched_iso,SH.XPD.CHEX.PP.CD,"Current health expenditure per capita, PPP (current international $)",current international $,2,World Development Indicators,2021,1094.661044113,2026-07-13,\N,2,1094.6610441134,2026-07-29T18:04:35Z
wdi2-2019-2021-372906f371e0391f,SLV,SV,SLV,El Salvador,ISO-3166-1,economy,False,matched_iso,SP.POP.65UP.TO.ZS,Population ages 65 and above (% of total population),% of total population,2,World Development Indicators,2019,7.626362686,2026-07-13,\N,0,7.62636268560709,2026-07-29T18:04:35Z
wdi2-2019-2021-372906f371e0391f,SLV,SV,SLV,El Salvador,ISO-3166-1,economy,False,matched_iso,SP.POP.65UP.TO.ZS,Population ages 65 and above (% of total population),% of total population,2,World Development Indicators,2020,7.709730109,2026-07-13,\N,0,7.70973010856142,2026-07-29T18:04:35Z
wdi2-2019-2021-372906f371e0391f,SLV,SV,SLV,El Salvador,ISO-3166-1,economy,False,matched_iso,SP.POP.65UP.TO.ZS,Population ages 65 and above (% of total population),% of total population,2,World Development Indicators,2021,7.762443429,2026-07-13,\N,0,7.76244342933013,2026-07-29T18:04:35Z
wdi2-2019-2021-372906f371e0391f,SLV,SV,SLV,El Salvador,ISO-3166-1,economy,False,matched_iso,SP.POP.TOTL,"Population, total",people,2,World Development Indicators,2019,6222318,2026-07-13,\N,0,6222318,2026-07-29T18:04:35Z
wdi2-2019-2021-372906f371e0391f,SLV,SV,SLV,El Salvador,ISO-3166-1,economy,False,matched_iso,SP.POP.TOTL,"Population, total",people,2,World Development Indicators,2020,6234673,2026-07-13,\N,0,6234673,2026-07-29T18:04:35Z
wdi2-2019-2021-372906f371e0391f,SLV,SV,SLV,El Salvador,ISO-3166-1,economy,False,matched_iso,SP.POP.TOTL,"Population, total",people,2,World Development Indicators,2021,6255782,2026-07-13,\N,0,6255782,2026-07-29T18:04:35Z
wdi2-2019-2021-372906f371e0391f,SMR,SM,SMR,San Marino,ISO-3166-1,economy,False,matched_iso,EN.POP.DNST,Population density (people per sq. km of land area),people per sq. km of land area,2,World Development Indicators,2019,577.716666667,2026-07-13,\N,0,577.716666666667,2026-07-29T18:04:35Z
wdi2-2019-2021-372906f371e0391f,SMR,SM,SMR,San Marino,ISO-3166-1,economy,False,matched_iso,EN.POP.DNST,Population density (people per sq. km of land area),people per sq. km of land area,2,World Development Indicators,2020,579.5,2026-07-13,\N,0,579.5,2026-07-29T18:04:35Z
wdi2-2019-2021-372906f371e0391f,SMR,SM,SMR,San Marino,ISO-3166-1,economy,False,matched_iso,EN.POP.DNST,Population density (people per sq. km of land area),people per sq. km of land area,2,World Development Indicators,2021,570.866666667,2026-07-13,\N,0,570.866666666667,2026-07-29T18:04:35Z
wdi2-2019-2021-372906f371e0391f,SMR,SM,SMR,San Marino,ISO-3166-1,economy,False,matched_iso,NY.GDP.PCAP.KD,GDP per capita (constant 2015 US$),constant 2015 US$,2,World Development Indicators,2019,43525.403979818,2026-07-13,\N,1,43525.4039798176,2026-07-29T18:04:35Z
wdi2-2019-2021-372906f371e0391f,SMR,SM,SMR,San Marino,ISO-3166-1,economy,False,matched_iso,NY.GDP.PCAP.KD,GDP per capita (constant 2015 US$),constant 2015 US$,2,World Development Indicators,2020,40506.834185318,2026-07-13,\N,1,40506.8341853183,2026-07-29T18:04:35Z
wdi2-2019-2021-372906f371e0391f,SMR,SM,SMR,San Marino,ISO-3166-1,economy,False,matched_iso,NY.GDP.PCAP.KD,GDP per capita (constant 2015 US$),constant 2015 US$,2,World Development Indicators,2021,46834.117236387,2026-07-13,\N,1,46834.1172363873,2026-07-29T18:04:35Z
wdi2-2019-2021-372906f371e0391f,SMR,SM,SMR,San Marino,ISO-3166-1,economy,False,matched_iso,SH.XPD.CHEX.PP.CD,"Current health expenditure per capita, PPP (current international $)",current international $,2,World Development Indicators,2019,4686.139025375,2026-07-13,\N,2,4686.13902537544,2026-07-29T18:04:35Z
wdi2-2019-2021-372906f371e0391f,SMR,SM,SMR,San Marino,ISO-3166-1,economy,False,matched_iso,SH.XPD.CHEX.PP.CD,"Current health expenditure per capita, PPP (current international $)",current international $,2,World Development Indicators,2020,4681.099774714,2026-07-13,\N,2,4681.09977471358,2026-07-29T18:04:35Z
wdi2-2019-2021-372906f371e0391f,SMR,SM,SMR,San Marino,ISO-3166-1,economy,False,matched_iso,SH.XPD.CHEX.PP.CD,"Current health expenditure per capita, PPP (current international $)",current international $,2,World Development Indicators,2021,4825.530435402,2026-07-13,\N,2,4825.5304354017,2026-07-29T18:04:35Z
wdi2-2019-2021-372906f371e0391f,SMR,SM,SMR,San Marino,ISO-3166-1,economy,False,matched_iso,SP.POP.65UP.TO.ZS,Population ages 65 and above (% of total population),% of total population,2,World Development Indicators,2019,19.65342106,2026-07-13,\N,0,19.6534210602257,2026-07-29T18:04:35Z
wdi2-2019-2021-372906f371e0391f,SMR,SM,SMR,San Marino,ISO-3166-1,economy,False,matched_iso,SP.POP.65UP.TO.ZS,Population ages 65 and above (% of total population),% of total population,2,World Development Indicators,2020,19.94909185,2026-07-13,\N,0,19.9490918503818,2026-07-29T18:04:35Z
wdi2-2019-2021-372906f371e0391f,SMR,SM,SMR,San Marino,ISO-3166-1,economy,False,matched_iso,SP.POP.65UP.TO.ZS,Population ages 65 and above (% of total population),% of total population,2,World Development Indicators,2021,20.397714947,2026-07-13,\N,0,20.3977149468508,2026-07-29T18:04:35Z
wdi2-2019-2021-372906f371e0391f,SMR,SM,SMR,San Marino,ISO-3166-1,economy,False,matched_iso,SP.POP.TOTL,"Population, total",people,2,World Development Indicators,2019,34663,2026-07-13,\N,0,34663,2026-07-29T18:04:35Z
wdi2-2019-2021-372906f371e0391f,SMR,SM,SMR,San Marino,ISO-3166-1,economy,False,matched_iso,SP.POP.TOTL,"Population, total",people,2,World Development Indicators,2020,34770,2026-07-13,\N,0,34770,2026-07-29T18:04:35Z
wdi2-2019-2021-372906f371e0391f,SMR,SM,SMR,San Marino,ISO-3166-1,economy,False,matched_iso,SP.POP.TOTL,"Population, total",people,2,World Development Indicators,2021,34252,2026-07-13,\N,0,34252,2026-07-29T18:04:35Z
wdi2-2019-2021-372906f371e0391f,SOM,SO,SOM,"Somalia, Fed. Rep.",ISO-3166-1,economy,False,matched_iso,EN.POP.DNST,Population density (people per sq. km of land area),people per sq. km of land area,2,World Development Indicators,2019,25.553879874,2026-07-13,\N,0,25.5538798737527,2026-07-29T18:04:35Z
wdi2-2019-2021-372906f371e0391f,SOM,SO,SOM,"Somalia, Fed. Rep.",ISO-3166-1,economy,False,matched_iso,EN.POP.DNST,Population density (people per sq. km of land area),people per sq. km of land area,2,World Development Indicators,2020,26.542530366,2026-07-13,\N,0,26.5425303663085,2026-07-29T18:04:35Z
wdi2-2019-2021-372906f371e0391f,SOM,SO,SOM,"Somalia, Fed. Rep.",ISO-3166-1,economy,False,matched_iso,EN.POP.DNST,Population density (people per sq. km of land area),people per sq. km of land area,2,World Development Indicators,2021,27.53121274,2026-07-13,\N,0,27.5312127395033,2026-07-29T18:04:35Z
wdi2-2019-2021-372906f371e0391f,SOM,SO,SOM,"Somalia, Fed. Rep.",ISO-3166-1,economy,False,matched_iso,NY.GDP.PCAP.KD,GDP per capita (constant 2015 US$),constant 2015 US$,2,World Development Indicators,2019,494.444039712,2026-07-13,\N,1,494.444039712384,2026-07-29T18:04:35Z
wdi2-2019-2021-372906f371e0391f,SOM,SO,SOM,"Somalia, Fed. Rep.",ISO-3166-1,economy,False,matched_iso,NY.GDP.PCAP.KD,GDP per capita (constant 2015 US$),constant 2015 US$,2,World Development Indicators,2020,462.867053737,2026-07-13,\N,1,462.867053737278,2026-07-29T18:04:35Z
wdi2-2019-2021-372906f371e0391f,SOM,SO,SOM,"Somalia, Fed. Rep.",ISO-3166-1,economy,False,matched_iso,NY.GDP.PCAP.KD,GDP per capita (constant 2015 US$),constant 2015 US$,2,World Development Indicators,2021,461.627830726,2026-07-13,\N,1,461.627830726021,2026-07-29T18:04:35Z
wdi2-2019-2021-372906f371e0391f,SOM,SO,SOM,"Somalia, Fed. Rep.",ISO-3166-1,economy,False,matched_iso,SH.XPD.CHEX.PP.CD,"Current health expenditure per capita, PPP (current international $)",current international $,2,World Development Indicators,2019,36.114718001,2026-07-13,\N,2,36.1147180008777,2026-07-29T18:04:35Z
wdi2-2019-2021-372906f371e0391f,SOM,SO,SOM,"Somalia, Fed. Rep.",ISO-3166-1,economy,False,matched_iso,SH.XPD.CHEX.PP.CD,"Current health expenditure per capita, PPP (current international $)",current international $,2,World Development Indicators,2020,33.884665943,2026-07-13,\N,2,33.8846659428309,2026-07-29T18:04:35Z
wdi2-2019-2021-372906f371e0391f,SOM,SO,SOM,"Somalia, Fed. Rep.",ISO-3166-1,economy,False,matched_iso,SH.XPD.CHEX.PP.CD,"Current health expenditure per capita, PPP (current international $)",current international $,2,World Development Indicators,2021,35.541675006,2026-07-13,\N,2,35.5416750060833,2026-07-29T18:04:35Z
wdi2-2019-2021-372906f371e0391f,SOM,SO,SOM,"Somalia, Fed. Rep.",ISO-3166-1,economy,False,matched_iso,SP.POP.65UP.TO.ZS,Population ages 65 and above (% of total population),% of total population,2,World Development Indicators,2019,2.517773253,2026-07-13,\N,0,2.51777325278675,2026-07-29T18:04:35Z
wdi2-2019-2021-372906f371e0391f,SOM,SO,SOM,"Somalia, Fed. Rep.",ISO-3166-1,economy,False,matched_iso,SP.POP.65UP.TO.ZS,Population ages 65 and above (% of total population),% of total population,2,World Development Indicators,2020,2.537229996,2026-07-13,\N,0,2.53722999565707,2026-07-29T18:04:35Z
wdi2-2019-2021-372906f371e0391f,SOM,SO,SOM,"Somalia, Fed. Rep.",ISO-3166-1,economy,False,matched_iso,SP.POP.65UP.TO.ZS,Population ages 65 and above (% of total population),% of total population,2,World Development Indicators,2021,2.537097171,2026-07-13,\N,0,2.5370971711291,2026-07-29T18:04:35Z
wdi2-2019-2021-372906f371e0391f,SOM,SO,SOM,"Somalia, Fed. Rep.",ISO-3166-1,economy,False,matched_iso,SP.POP.TOTL,"Population, total",people,2,World Development Indicators,2019,16030971,2026-07-13,\N,0,16030971,2026-07-29T18:04:35Z
wdi2-2019-2021-372906f371e0391f,SOM,SO,SOM,"Somalia, Fed. Rep.",ISO-3166-1,economy,False,matched_iso,SP.POP.TOTL,"Population, total",people,2,World Development Indicators,2020,16651191,2026-07-13,\N,0,16651191,2026-07-29T18:04:35Z
wdi2-2019-2021-372906f371e0391f,SOM,SO,SOM,"Somalia, Fed. Rep.",ISO-3166-1,economy,False,matched_iso,SP.POP.TOTL,"Population, total",people,2,World Development Indicators,2021,17271431,2026-07-13,\N,0,17271431,2026-07-29T18:04:35Z
wdi2-2019-2021-372906f371e0391f,SRB,RS,SRB,Serbia,ISO-3166-1,economy,False,matched_iso,EN.POP.DNST,Population density (people per sq. km of land area),people per sq. km of land area,2,World Development Indicators,2019,79.41041619,2026-07-13,\N,0,79.4104161902584,2026-07-29T18:04:35Z
wdi2-2019-2021-372906f371e0391f,SRB,RS,SRB,Serbia,ISO-3166-1,economy,False,matched_iso,EN.POP.DNST,Population density (people per sq. km of land area),people per sq. km of land area,2,World Development Indicators,2020,82.044547509,2026-07-13,\N,0,82.0445475086217,2026-07-29T18:04:35Z
wdi2-2019-2021-372906f371e0391f,SRB,RS,SRB,Serbia,ISO-3166-1,economy,False,matched_iso,EN.POP.DNST,Population density (people per sq. km of land area),people per sq. km of land area,2,World Development Indicators,2021,81.273944583,2026-07-13,\N,0,81.2739445831847,2026-07-29T18:04:35Z
wdi2-2019-2021-372906f371e0391f,SRB,RS,SRB,Serbia,ISO-3166-1,economy,False,matched_iso,NY.GDP.PCAP.KD,GDP per capita (constant 2015 US$),constant 2015 US$,2,World Development Indicators,2019,6870.758108963,2026-07-13,\N,1,6870.75810896296,2026-07-29T18:04:35Z
wdi2-2019-2021-372906f371e0391f,SRB,RS,SRB,Serbia,ISO-3166-1,economy,False,matched_iso,NY.GDP.PCAP.KD,GDP per capita (constant 2015 US$),constant 2015 US$,2,World Development Indicators,2020,6850.967421688,2026-07-13,\N,1,6850.96742168834,2026-07-29T18:04:35Z
wdi2-2019-2021-372906f371e0391f,SRB,RS,SRB,Serbia,ISO-3166-1,economy,False,matched_iso,NY.GDP.PCAP.KD,GDP per capita (constant 2015 US$),constant 2015 US$,2,World Development Indicators,2021,7465.676010771,2026-07-13,\N,1,7465.67601077148,2026-07-29T18:04:35Z
wdi2-2019-2021-372906f371e0391f,SRB,RS,SRB,Serbia,ISO-3166-1,economy,False,matched_iso,SH.XPD.CHEX.PP.CD,"Current health expenditure per capita, PPP (current international $)",current international $,2,World Development Indicators,2019,1701.657752512,2026-07-13,\N,2,1701.65775251246,2026-07-29T18:04:35Z
wdi2-2019-2021-372906f371e0391f,SRB,RS,SRB,Serbia,ISO-3166-1,economy,False,matched_iso,SH.XPD.CHEX.PP.CD,"Current health expenditure per capita, PPP (current international $)",current international $,2,World Development Indicators,2020,1738.481225702,2026-07-13,\N,2,1738.4812257015,2026-07-29T18:04:35Z
wdi2-2019-2021-372906f371e0391f,SRB,RS,SRB,Serbia,ISO-3166-1,economy,False,matched_iso,SH.XPD.CHEX.PP.CD,"Current health expenditure per capita, PPP (current international $)",current international $,2,World Development Indicators,2021,2149.736481953,2026-07-13,\N,2,2149.73648195303,2026-07-29T18:04:35Z
wdi2-2019-2021-372906f371e0391f,SRB,RS,SRB,Serbia,ISO-3166-1,economy,False,matched_iso,SP.POP.65UP.TO.ZS,Population ages 65 and above (% of total population),% of total population,2,World Development Indicators,2019,21.064360851,2026-07-13,\N,0,21.0643608505556,2026-07-29T18:04:35Z
wdi2-2019-2021-372906f371e0391f,SRB,RS,SRB,Serbia,ISO-3166-1,economy,False,matched_iso,SP.POP.65UP.TO.ZS,Population ages 65 and above (% of total population),% of total population,2,World Development Indicators,2020,21.570875119,2026-07-13,\N,0,21.5708751193576,2026-07-29T18:04:35Z
wdi2-2019-2021-372906f371e0391f,SRB,RS,SRB,Serbia,ISO-3166-1,economy,False,matched_iso,SP.POP.65UP.TO.ZS,Population ages 65 and above (% of total population),% of total population,2,World Development Indicators,2021,21.88860101,2026-07-13,\N,0,21.888601009739,2026-07-29T18:04:35Z
wdi2-2019-2021-372906f371e0391f,SRB,RS,SRB,Serbia,ISO-3166-1,economy,False,matched_iso,SP.POP.TOTL,"Population, total",people,2,World Development Indicators,2019,6945235,2026-07-13,\N,0,6945235,2026-07-29T18:04:35Z
wdi2-2019-2021-372906f371e0391f,SRB,RS,SRB,Serbia,ISO-3166-1,economy,False,matched_iso,SP.POP.TOTL,"Population, total",people,2,World Development Indicators,2020,6899126,2026-07-13,\N,0,6899126,2026-07-29T18:04:35Z
wdi2-2019-2021-372906f371e0391f,SRB,RS,SRB,Serbia,ISO-3166-1,economy,False,matched_iso,SP.POP.TOTL,"Population, total",people,2,World Development Indicators,2021,6834326,2026-07-13,\N,0,6834326,2026-07-29T18:04:35Z
wdi2-2019-2021-372906f371e0391f,SSD,SS,SSD,South Sudan,ISO-3166-1,economy,False,matched_iso,EN.POP.DNST,Population density (people per sq. km of land area),people per sq. km of land area,2,World Development Indicators,2019,16.494523128,2026-07-13,\N,0,16.4945231275616,2026-07-29T18:04:35Z
wdi2-2019-2021-372906f371e0391f,SSD,SS,SSD,South Sudan,ISO-3166-1,economy,False,matched_iso,EN.POP.DNST,Population density (people per sq. km of land area),people per sq. km of land area,2,World Development Indicators,2020,16.929829253,2026-07-13,\N,0,16.9298292532401,2026-07-29T18:04:35Z
wdi2-2019-2021-372906f371e0391f,SSD,SS,SSD,South Sudan,ISO-3166-1,economy,False,matched_iso,EN.POP.DNST,Population density (people per sq. km of land area),people per sq. km of land area,2,World Development Indicators,2021,17.194594338,2026-07-13,\N,0,17.1945943379805,2026-07-29T18:04:35Z
wdi2-2019-2021-372906f371e0391f,SSD,SS,SSD,South Sudan,ISO-3166-1,economy,False,matched_iso,NY.GDP.PCAP.KD,GDP per capita (constant 2015 US$),constant 2015 US$,2,World Development Indicators,2019,\N,2026-07-13,\N,1,\N,2026-07-29T18:04:35Z
wdi2-2019-2021-372906f371e0391f,SSD,SS,SSD,South Sudan,ISO-3166-1,economy,False,matched_iso,NY.GDP.PCAP.KD,GDP per capita (constant 2015 US$),constant 2015 US$,2,World Development Indicators,2020,\N,2026-07-13,\N,1,\N,2026-07-29T18:04:35Z
wdi2-2019-2021-372906f371e0391f,SSD,SS,SSD,South Sudan,ISO-3166-1,economy,False,matched_iso,NY.GDP.PCAP.KD,GDP per capita (constant 2015 US$),constant 2015 US$,2,World Development Indicators,2021,\N,2026-07-13,\N,1,\N,2026-07-29T18:04:35Z
wdi2-2019-2021-372906f371e0391f,SSD,SS,SSD,South Sudan,ISO-3166-1,economy,False,matched_iso,SH.XPD.CHEX.PP.CD,"Current health expenditure per capita, PPP (current international $)",current international $,2,World Development Indicators,2019,67.813202985,2026-07-13,\N,2,67.813202984697,2026-07-29T18:04:35Z
wdi2-2019-2021-372906f371e0391f,SSD,SS,SSD,South Sudan,ISO-3166-1,economy,False,matched_iso,SH.XPD.CHEX.PP.CD,"Current health expenditure per capita, PPP (current international $)",current international $,2,World Development Indicators,2020,75.362244053,2026-07-13,\N,2,75.3622440533079,2026-07-29T18:04:35Z
wdi2-2019-2021-372906f371e0391f,SSD,SS,SSD,South Sudan,ISO-3166-1,economy,False,matched_iso,SH.XPD.CHEX.PP.CD,"Current health expenditure per capita, PPP (current international $)",current international $,2,World Development Indicators,2021,84.087294392,2026-07-13,\N,2,84.0872943923999,2026-07-29T18:04:35Z
wdi2-2019-2021-372906f371e0391f,SSD,SS,SSD,South Sudan,ISO-3166-1,economy,False,matched_iso,SP.POP.65UP.TO.ZS,Population ages 65 and above (% of total population),% of total population,2,World Development Indicators,2019,2.626435906,2026-07-13,\N,0,2.62643590603589,2026-07-29T18:04:35Z
wdi2-2019-2021-372906f371e0391f,SSD,SS,SSD,South Sudan,ISO-3166-1,economy,False,matched_iso,SP.POP.65UP.TO.ZS,Population ages 65 and above (% of total population),% of total population,2,World Development Indicators,2020,2.693937365,2026-07-13,\N,0,2.69393736504492,2026-07-29T18:04:35Z
wdi2-2019-2021-372906f371e0391f,SSD,SS,SSD,South Sudan,ISO-3166-1,economy,False,matched_iso,SP.POP.65UP.TO.ZS,Population ages 65 and above (% of total population),% of total population,2,World Development Indicators,2021,2.761693132,2026-07-13,\N,0,2.76169313201629,2026-07-29T18:04:35Z
wdi2-2019-2021-372906f371e0391f,SSD,SS,SSD,South Sudan,ISO-3166-1,economy,False,matched_iso,SP.POP.TOTL,"Population, total",people,2,World Development Indicators,2019,10423384,2026-07-13,\N,0,10423384,2026-07-29T18:04:35Z
wdi2-2019-2021-372906f371e0391f,SSD,SS,SSD,South Sudan,ISO-3166-1,economy,False,matched_iso,SP.POP.TOTL,"Population, total",people,2,World Development Indicators,2020,10698467,2026-07-13,\N,0,10698467,2026-07-29T18:04:35Z
wdi2-2019-2021-372906f371e0391f,SSD,SS,SSD,South Sudan,ISO-3166-1,economy,False,matched_iso,SP.POP.TOTL,"Population, total",people,2,World Development Indicators,2021,10865780,2026-07-13,\N,0,10865780,2026-07-29T18:04:35Z
wdi2-2019-2021-372906f371e0391f,STP,ST,STP,Sao Tome and Principe,ISO-3166-1,economy,False,matched_iso,EN.POP.DNST,Population density (people per sq. km of land area),people per sq. km of land area,2,World Development Indicators,2019,222.283333333,2026-07-13,\N,0,222.283333333333,2026-07-29T18:04:35Z
wdi2-2019-2021-372906f371e0391f,STP,ST,STP,Sao Tome and Principe,ISO-3166-1,economy,False,matched_iso,EN.POP.DNST,Population density (people per sq. km of land area),people per sq. km of land area,2,World Development Indicators,2020,226.494791667,2026-07-13,\N,0,226.494791666667,2026-07-29T18:04:35Z
wdi2-2019-2021-372906f371e0391f,STP,ST,STP,Sao Tome and Principe,ISO-3166-1,economy,False,matched_iso,EN.POP.DNST,Population density (people per sq. km of land area),people per sq. km of land area,2,World Development Indicators,2021,231.209375,2026-07-13,\N,0,231.209375,2026-07-29T18:04:35Z
wdi2-2019-2021-372906f371e0391f,STP,ST,STP,Sao Tome and Principe,ISO-3166-1,economy,False,matched_iso,NY.GDP.PCAP.KD,GDP per capita (constant 2015 US$),constant 2015 US$,2,World Development Indicators,2019,1420.660083161,2026-07-13,\N,1,1420.66008316091,2026-07-29T18:04:35Z
wdi2-2019-2021-372906f371e0391f,STP,ST,STP,Sao Tome and Principe,ISO-3166-1,economy,False,matched_iso,NY.GDP.PCAP.KD,GDP per capita (constant 2015 US$),constant 2015 US$,2,World Development Indicators,2020,1430.841192991,2026-07-13,\N,1,1430.84119299096,2026-07-29T18:04:35Z
wdi2-2019-2021-372906f371e0391f,STP,ST,STP,Sao Tome and Principe,ISO-3166-1,economy,False,matched_iso,NY.GDP.PCAP.KD,GDP per capita (constant 2015 US$),constant 2015 US$,2,World Development Indicators,2021,1428.28676098,2026-07-13,\N,1,1428.28676097975,2026-07-29T18:04:35Z
wdi2-2019-2021-372906f371e0391f,STP,ST,STP,Sao Tome and Principe,ISO-3166-1,economy,False,matched_iso,SH.XPD.CHEX.PP.CD,"Current health expenditure per capita, PPP (current international $)",current international $,2,World Development Indicators,2019,255.160046463,2026-07-13,\N,2,255.160046462553,2026-07-29T18:04:35Z
wdi2-2019-2021-372906f371e0391f,STP,ST,STP,Sao Tome and Principe,ISO-3166-1,economy,False,matched_iso,SH.XPD.CHEX.PP.CD,"Current health expenditure per capita, PPP (current international $)",current international $,2,World Development Indicators,2020,376.618470241,2026-07-13,\N,2,376.618470240594,2026-07-29T18:04:35Z
wdi2-2019-2021-372906f371e0391f,STP,ST,STP,Sao Tome and Principe,ISO-3166-1,economy,False,matched_iso,SH.XPD.CHEX.PP.CD,"Current health expenditure per capita, PPP (current international $)",current international $,2,World Development Indicators,2021,450.540355045,2026-07-13,\N,2,450.540355045479,2026-07-29T18:04:35Z
wdi2-2019-2021-372906f371e0391f,STP,ST,STP,Sao Tome and Principe,ISO-3166-1,economy,False,matched_iso,SP.POP.65UP.TO.ZS,Population ages 65 and above (% of total population),% of total population,2,World Development Indicators,2019,3.822542551,2026-07-13,\N,0,3.82254255079853,2026-07-29T18:04:35Z
wdi2-2019-2021-372906f371e0391f,STP,ST,STP,Sao Tome and Principe,ISO-3166-1,economy,False,matched_iso,SP.POP.65UP.TO.ZS,Population ages 65 and above (% of total population),% of total population,2,World Development Indicators,2020,3.840006991,2026-07-13,\N,0,3.84000699061097,2026-07-29T18:04:35Z
wdi2-2019-2021-372906f371e0391f,STP,ST,STP,Sao Tome and Principe,ISO-3166-1,economy,False,matched_iso,SP.POP.65UP.TO.ZS,Population ages 65 and above (% of total population),% of total population,2,World Development Indicators,2021,3.831754227,2026-07-13,\N,0,3.83175422709395,2026-07-29T18:04:35Z
wdi2-2019-2021-372906f371e0391f,STP,ST,STP,Sao Tome and Principe,ISO-3166-1,economy,False,matched_iso,SP.POP.TOTL,"Population, total",people,2,World Development Indicators,2019,213392,2026-07-13,\N,0,213392,2026-07-29T18:04:35Z
wdi2-2019-2021-372906f371e0391f,STP,ST,STP,Sao Tome and Principe,ISO-3166-1,economy,False,matched_iso,SP.POP.TOTL,"Population, total",people,2,World Development Indicators,2020,217435,2026-07-13,\N,0,217435,2026-07-29T18:04:35Z
wdi2-2019-2021-372906f371e0391f,STP,ST,STP,Sao Tome and Principe,ISO-3166-1,economy,False,matched_iso,SP.POP.TOTL,"Population, total",people,2,World Development Indicators,2021,221961,2026-07-13,\N,0,221961,2026-07-29T18:04:35Z
wdi2-2019-2021-372906f371e0391f,SUR,SR,SUR,Suriname,ISO-3166-1,economy,False,matched_iso,EN.POP.DNST,Population density (people per sq. km of land area),people per sq. km of land area,2,World Development Indicators,2019,3.774076506,2026-07-13,\N,0,3.77407650640365,2026-07-29T18:04:35Z
wdi2-2019-2021-372906f371e0391f,SUR,SR,SUR,Suriname,ISO-3166-1,economy,False,matched_iso,EN.POP.DNST,Population density (people per sq. km of land area),people per sq. km of land area,2,World Development Indicators,2020,3.81487831,2026-07-13,\N,0,3.81487831013121,2026-07-29T18:04:35Z
wdi2-2019-2021-372906f371e0391f,SUR,SR,SUR,Suriname,ISO-3166-1,economy,False,matched_iso,EN.POP.DNST,Population density (people per sq. km of land area),people per sq. km of land area,2,World Development Indicators,2021,3.849636787,2026-07-13,\N,0,3.84963678669192,2026-07-29T18:04:35Z
wdi2-2019-2021-372906f371e0391f,SUR,SR,SUR,Suriname,ISO-3166-1,economy,False,matched_iso,NY.GDP.PCAP.KD,GDP per capita (constant 2015 US$),constant 2015 US$,2,World Development Indicators,2019,8677.305220217,2026-07-13,\N,1,8677.30522021731,2026-07-29T18:04:35Z
wdi2-2019-2021-372906f371e0391f,SUR,SR,SUR,Suriname,ISO-3166-1,economy,False,matched_iso,NY.GDP.PCAP.KD,GDP per capita (constant 2015 US$),constant 2015 US$,2,World Development Indicators,2020,7213.107666699,2026-07-13,\N,1,7213.10766669943,2026-07-29T18:04:35Z
wdi2-2019-2021-372906f371e0391f,SUR,SR,SUR,Suriname,ISO-3166-1,economy,False,matched_iso,NY.GDP.PCAP.KD,GDP per capita (constant 2015 US$),constant 2015 US$,2,World Development Indicators,2021,6973.899418681,2026-07-13,\N,1,6973.89941868115,2026-07-29T18:04:35Z
wdi2-2019-2021-372906f371e0391f,SUR,SR,SUR,Suriname,ISO-3166-1,economy,False,matched_iso,SH.XPD.CHEX.PP.CD,"Current health expenditure per capita, PPP (current international $)",current international $,2,World Development Indicators,2019,1657.537044474,2026-07-13,\N,2,1657.5370444742,2026-07-29T18:04:35Z
wdi2-2019-2021-372906f371e0391f,SUR,SR,SUR,Suriname,ISO-3166-1,economy,False,matched_iso,SH.XPD.CHEX.PP.CD,"Current health expenditure per capita, PPP (current international $)",current international $,2,World Development Indicators,2020,1022.607422757,2026-07-13,\N,2,1022.60742275734,2026-07-29T18:04:35Z
wdi2-2019-2021-372906f371e0391f,SUR,SR,SUR,Suriname,ISO-3166-1,economy,False,matched_iso,SH.XPD.CHEX.PP.CD,"Current health expenditure per capita, PPP (current international $)",current international $,2,World Development Indicators,2021,918.614410933,2026-07-13,\N,2,918.614410933295,2026-07-29T18:04:35Z
wdi2-2019-2021-372906f371e0391f,SUR,SR,SUR,Suriname,ISO-3166-1,economy,False,matched_iso,SP.POP.65UP.TO.ZS,Population ages 65 and above (% of total population),% of total population,2,World Development Indicators,2019,6.771239154,2026-07-13,\N,0,6.77123915426368,2026-07-29T18:04:35Z
wdi2-2019-2021-372906f371e0391f,SUR,SR,SUR,Suriname,ISO-3166-1,economy,False,matched_iso,SP.POP.65UP.TO.ZS,Population ages 65 and above (% of total population),% of total population,2,World Development Indicators,2020,6.983561606,2026-07-13,\N,0,6.98356160580353,2026-07-29T18:04:35Z
wdi2-2019-2021-372906f371e0391f,SUR,SR,SUR,Suriname,ISO-3166-1,economy,False,matched_iso,SP.POP.65UP.TO.ZS,Population ages 65 and above (% of total population),% of total population,2,World Development Indicators,2021,7.164393361,2026-07-13,\N,0,7.164393360695,2026-07-29T18:04:35Z
wdi2-2019-2021-372906f371e0391f,SUR,SR,SUR,Suriname,ISO-3166-1,economy,False,matched_iso,SP.POP.TOTL,"Population, total",people,2,World Development Indicators,2019,605768,2026-07-13,\N,0,605768,2026-07-29T18:04:35Z
wdi2-2019-2021-372906f371e0391f,SUR,SR,SUR,Suriname,ISO-3166-1,economy,False,matched_iso,SP.POP.TOTL,"Population, total",people,2,World Development Indicators,2020,612317,2026-07-13,\N,0,612317,2026-07-29T18:04:35Z
wdi2-2019-2021-372906f371e0391f,SUR,SR,SUR,Suriname,ISO-3166-1,economy,False,matched_iso,SP.POP.TOTL,"Population, total",people,2,World Development Indicators,2021,617896,2026-07-13,\N,0,617896,2026-07-29T18:04:35Z
wdi2-2019-2021-372906f371e0391f,SVK,SK,SVK,Slovak Republic,ISO-3166-1,economy,False,matched_iso,EN.POP.DNST,Population density (people per sq. km of land area),people per sq. km of land area,2,World Development Indicators,2019,113.438997504,2026-07-13,\N,0,113.43899750416,2026-07-29T18:04:35Z
wdi2-2019-2021-372906f371e0391f,SVK,SK,SVK,Slovak Republic,ISO-3166-1,economy,False,matched_iso,EN.POP.DNST,Population density (people per sq. km of land area),people per sq. km of land area,2,World Development Indicators,2020,113.536335275,2026-07-13,\N,0,113.536335274542,2026-07-29T18:04:35Z
wdi2-2019-2021-372906f371e0391f,SVK,SK,SVK,Slovak Republic,ISO-3166-1,economy,False,matched_iso,EN.POP.DNST,Population density (people per sq. km of land area),people per sq. km of land area,2,World Development Indicators,2021,113.295486689,2026-07-13,\N,0,113.295486688852,2026-07-29T18:04:35Z
wdi2-2019-2021-372906f371e0391f,SVK,SK,SVK,Slovak Republic,ISO-3166-1,economy,False,matched_iso,NY.GDP.PCAP.KD,GDP per capita (constant 2015 US$),constant 2015 US$,2,World Development Indicators,2019,18250.980247564,2026-07-13,\N,1,18250.9802475637,2026-07-29T18:04:35Z
wdi2-2019-2021-372906f371e0391f,SVK,SK,SVK,Slovak Republic,ISO-3166-1,economy,False,matched_iso,NY.GDP.PCAP.KD,GDP per capita (constant 2015 US$),constant 2015 US$,2,World Development Indicators,2020,17763.856384735,2026-07-13,\N,1,17763.8563847352,2026-07-29T18:04:35Z
wdi2-2019-2021-372906f371e0391f,SVK,SK,SVK,Slovak Republic,ISO-3166-1,economy,False,matched_iso,NY.GDP.PCAP.KD,GDP per capita (constant 2015 US$),constant 2015 US$,2,World Development Indicators,2021,18808.45404966,2026-07-13,\N,1,18808.4540496595,2026-07-29T18:04:35Z
wdi2-2019-2021-372906f371e0391f,SVK,SK,SVK,Slovak Republic,ISO-3166-1,economy,False,matched_iso,SH.XPD.CHEX.PP.CD,"Current health expenditure per capita, PPP (current international $)",current international $,2,World Development Indicators,2019,2350.365985507,2026-07-13,\N,2,2350.36598550736,2026-07-29T18:04:35Z
wdi2-2019-2021-372906f371e0391f,SVK,SK,SVK,Slovak Republic,ISO-3166-1,economy,False,matched_iso,SH.XPD.CHEX.PP.CD,"Current health expenditure per capita, PPP (current international $)",current international $,2,World Development Indicators,2020,2494.687045396,2026-07-13,\N,2,2494.68704539571,2026-07-29T18:04:35Z
wdi2-2019-2021-372906f371e0391f,SVK,SK,SVK,Slovak Republic,ISO-3166-1,economy,False,matched_iso,SH.XPD.CHEX.PP.CD,"Current health expenditure per capita, PPP (current international $)",current international $,2,World Development Indicators,2021,2918.546605557,2026-07-13,\N,2,2918.54660555695,2026-07-29T18:04:35Z
wdi2-2019-2021-372906f371e0391f,SVK,SK,SVK,Slovak Republic,ISO-3166-1,economy,False,matched_iso,SP.POP.65UP.TO.ZS,Population ages 65 and above (% of total population),% of total population,2,World Development Indicators,2019,16.259188968,2026-07-13,\N,0,16.259188968312,2026-07-29T18:04:35Z
wdi2-2019-2021-372906f371e0391f,SVK,SK,SVK,Slovak Republic,ISO-3166-1,economy,False,matched_iso,SP.POP.65UP.TO.ZS,Population ages 65 and above (% of total population),% of total population,2,World Development Indicators,2020,16.764089101,2026-07-13,\N,0,16.7640891006244,2026-07-29T18:04:35Z
wdi2-2019-2021-372906f371e0391f,SVK,SK,SVK,Slovak Republic,ISO-3166-1,economy,False,matched_iso,SP.POP.65UP.TO.ZS,Population ages 65 and above (% of total population),% of total population,2,World Development Indicators,2021,17.164888249,2026-07-13,\N,0,17.1648882487724,2026-07-29T18:04:35Z
wdi2-2019-2021-372906f371e0391f,SVK,SK,SVK,Slovak Republic,ISO-3166-1,economy,False,matched_iso,SP.POP.TOTL,"Population, total",people,2,World Development Indicators,2019,5454147,2026-07-13,\N,0,5454147,2026-07-29T18:04:35Z
wdi2-2019-2021-372906f371e0391f,SVK,SK,SVK,Slovak Republic,ISO-3166-1,economy,False,matched_iso,SP.POP.TOTL,"Population, total",people,2,World Development Indicators,2020,5458827,2026-07-13,\N,0,5458827,2026-07-29T18:04:35Z
wdi2-2019-2021-372906f371e0391f,SVK,SK,SVK,Slovak Republic,ISO-3166-1,economy,False,matched_iso,SP.POP.TOTL,"Population, total",people,2,World Development Indicators,2021,5447247,2026-07-13,\N,0,5447247,2026-07-29T18:04:35Z
wdi2-2019-2021-372906f371e0391f,SVN,SI,SVN,Slovenia,ISO-3166-1,economy,False,matched_iso,EN.POP.DNST,Population density (people per sq. km of land area),people per sq. km of land area,2,World Development Indicators,2019,103.711934606,2026-07-13,\N,0,103.711934605987,2026-07-29T18:04:35Z
wdi2-2019-2021-372906f371e0391f,SVN,SI,SVN,Slovenia,ISO-3166-1,economy,False,matched_iso,EN.POP.DNST,Population density (people per sq. km of land area),people per sq. km of land area,2,World Development Indicators,2020,104.408881429,2026-07-13,\N,0,104.408881428657,2026-07-29T18:04:35Z
wdi2-2019-2021-372906f371e0391f,SVN,SI,SVN,Slovenia,ISO-3166-1,economy,False,matched_iso,EN.POP.DNST,Population density (people per sq. km of land area),people per sq. km of land area,2,World Development Indicators,2021,104.689964443,2026-07-13,\N,0,104.689964442502,2026-07-29T18:04:35Z
wdi2-2019-2021-372906f371e0391f,SVN,SI,SVN,Slovenia,ISO-3166-1,economy,False,matched_iso,NY.GDP.PCAP.KD,GDP per capita (constant 2015 US$),constant 2015 US$,2,World Development Indicators,2019,23943.180094989,2026-07-13,\N,1,23943.1800949889,2026-07-29T18:04:35Z
wdi2-2019-2021-372906f371e0391f,SVN,SI,SVN,Slovenia,ISO-3166-1,economy,False,matched_iso,NY.GDP.PCAP.KD,GDP per capita (constant 2015 US$),constant 2015 US$,2,World Development Indicators,2020,22811.805054078,2026-07-13,\N,1,22811.8050540778,2026-07-29T18:04:35Z
wdi2-2019-2021-372906f371e0391f,SVN,SI,SVN,Slovenia,ISO-3166-1,economy,False,matched_iso,NY.GDP.PCAP.KD,GDP per capita (constant 2015 US$),constant 2015 US$,2,World Development Indicators,2021,24665.441046403,2026-07-13,\N,1,24665.4410464026,2026-07-29T18:04:35Z
wdi2-2019-2021-372906f371e0391f,SVN,SI,SVN,Slovenia,ISO-3166-1,economy,False,matched_iso,SH.XPD.CHEX.PP.CD,"Current health expenditure per capita, PPP (current international $)",current international $,2,World Development Indicators,2019,3642.587348908,2026-07-13,\N,2,3642.58734890772,2026-07-29T18:04:35Z
wdi2-2019-2021-372906f371e0391f,SVN,SI,SVN,Slovenia,ISO-3166-1,economy,False,matched_iso,SH.XPD.CHEX.PP.CD,"Current health expenditure per capita, PPP (current international $)",current international $,2,World Development Indicators,2020,3976.050471841,2026-07-13,\N,2,3976.05047184126,2026-07-29T18:04:35Z
wdi2-2019-2021-372906f371e0391f,SVN,SI,SVN,Slovenia,ISO-3166-1,economy,False,matched_iso,SH.XPD.CHEX.PP.CD,"Current health expenditure per capita, PPP (current international $)",current international $,2,World Development Indicators,2021,4372.477618564,2026-07-13,\N,2,4372.47761856351,2026-07-29T18:04:35Z
wdi2-2019-2021-372906f371e0391f,SVN,SI,SVN,Slovenia,ISO-3166-1,economy,False,matched_iso,SP.POP.65UP.TO.ZS,Population ages 65 and above (% of total population),% of total population,2,World Development Indicators,2019,19.851668359,2026-07-13,\N,0,19.8516683589804,2026-07-29T18:04:35Z
wdi2-2019-2021-372906f371e0391f,SVN,SI,SVN,Slovenia,ISO-3166-1,economy,False,matched_iso,SP.POP.65UP.TO.ZS,Population ages 65 and above (% of total population),% of total population,2,World Development Indicators,2020,20.121388714,2026-07-13,\N,0,20.1213887142885,2026-07-29T18:04:35Z
wdi2-2019-2021-372906f371e0391f,SVN,SI,SVN,Slovenia,ISO-3166-1,economy,False,matched_iso,SP.POP.65UP.TO.ZS,Population ages 65 and above (% of total population),% of total population,2,World Development Indicators,2021,20.430907303,2026-07-13,\N,0,20.4309073032618,2026-07-29T18:04:35Z
wdi2-2019-2021-372906f371e0391f,SVN,SI,SVN,Slovenia,ISO-3166-1,economy,False,matched_iso,SP.POP.TOTL,"Population, total",people,2,World Development Indicators,2019,2088385,2026-07-13,\N,0,2088385,2026-07-29T18:04:35Z
wdi2-2019-2021-372906f371e0391f,SVN,SI,SVN,Slovenia,ISO-3166-1,economy,False,matched_iso,SP.POP.TOTL,"Population, total",people,2,World Development Indicators,2020,2102419,2026-07-13,\N,0,2102419,2026-07-29T18:04:35Z
wdi2-2019-2021-372906f371e0391f,SVN,SI,SVN,Slovenia,ISO-3166-1,economy,False,matched_iso,SP.POP.TOTL,"Population, total",people,2,World Development Indicators,2021,2108079,2026-07-13,\N,0,2108079,2026-07-29T18:04:35Z
wdi2-2019-2021-372906f371e0391f,SWE,SE,SWE,Sweden,ISO-3166-1,economy,False,matched_iso,EN.POP.DNST,Population density (people per sq. km of land area),people per sq. km of land area,2,World Development Indicators,2019,25.23788794,2026-07-13,\N,0,25.2378879395011,2026-07-29T18:04:35Z
wdi2-2019-2021-372906f371e0391f,SWE,SE,SWE,Sweden,ISO-3166-1,economy,False,matched_iso,EN.POP.DNST,Population density (people per sq. km of land area),people per sq. km of land area,2,World Development Indicators,2020,25.420943822,2026-07-13,\N,0,25.4209438224317,2026-07-29T18:04:35Z
wdi2-2019-2021-372906f371e0391f,SWE,SE,SWE,Sweden,ISO-3166-1,economy,False,matched_iso,EN.POP.DNST,Population density (people per sq. km of land area),people per sq. km of land area,2,World Development Indicators,2021,25.574079258,2026-07-13,\N,0,25.5740792575133,2026-07-29T18:04:35Z
wdi2-2019-2021-372906f371e0391f,SWE,SE,SWE,Sweden,ISO-3166-1,economy,False,matched_iso,NY.GDP.PCAP.KD,GDP per capita (constant 2015 US$),constant 2015 US$,2,World Development Indicators,2019,53024.409949432,2026-07-13,\N,1,53024.4099494317,2026-07-29T18:04:35Z
wdi2-2019-2021-372906f371e0391f,SWE,SE,SWE,Sweden,ISO-3166-1,economy,False,matched_iso,NY.GDP.PCAP.KD,GDP per capita (constant 2015 US$),constant 2015 US$,2,World Development Indicators,2020,51624.581178957,2026-07-13,\N,1,51624.5811789573,2026-07-29T18:04:35Z
wdi2-2019-2021-372906f371e0391f,SWE,SE,SWE,Sweden,ISO-3166-1,economy,False,matched_iso,NY.GDP.PCAP.KD,GDP per capita (constant 2015 US$),constant 2015 US$,2,World Development Indicators,2021,53997.13370688,2026-07-13,\N,1,53997.1337068799,2026-07-29T18:04:35Z
wdi2-2019-2021-372906f371e0391f,SWE,SE,SWE,Sweden,ISO-3166-1,economy,False,matched_iso,SH.XPD.CHEX.PP.CD,"Current health expenditure per capita, PPP (current international $)",current international $,2,World Development Indicators,2019,6267.407097255,2026-07-13,\N,2,6267.40709725547,2026-07-29T18:04:35Z
wdi2-2019-2021-372906f371e0391f,SWE,SE,SWE,Sweden,ISO-3166-1,economy,False,matched_iso,SH.XPD.CHEX.PP.CD,"Current health expenditure per capita, PPP (current international $)",current international $,2,World Development Indicators,2020,6584.352956446,2026-07-13,\N,2,6584.35295644568,2026-07-29T18:04:35Z
wdi2-2019-2021-372906f371e0391f,SWE,SE,SWE,Sweden,ISO-3166-1,economy,False,matched_iso,SH.XPD.CHEX.PP.CD,"Current health expenditure per capita, PPP (current international $)",current international $,2,World Development Indicators,2021,7069.639882386,2026-07-13,\N,2,7069.63988238581,2026-07-29T18:04:35Z
wdi2-2019-2021-372906f371e0391f,SWE,SE,SWE,Sweden,ISO-3166-1,economy,False,matched_iso,SP.POP.65UP.TO.ZS,Population ages 65 and above (% of total population),% of total population,2,World Development Indicators,2019,19.950662143,2026-07-13,\N,0,19.9506621429353,2026-07-29T18:04:35Z
wdi2-2019-2021-372906f371e0391f,SWE,SE,SWE,Sweden,ISO-3166-1,economy,False,matched_iso,SP.POP.65UP.TO.ZS,Population ages 65 and above (% of total population),% of total population,2,World Development Indicators,2020,20.059985397,2026-07-13,\N,0,20.0599853974717,2026-07-29T18:04:35Z
wdi2-2019-2021-372906f371e0391f,SWE,SE,SWE,Sweden,ISO-3166-1,economy,False,matched_iso,SP.POP.65UP.TO.ZS,Population ages 65 and above (% of total population),% of total population,2,World Development Indicators,2021,20.19678323,2026-07-13,\N,0,20.1967832299352,2026-07-29T18:04:35Z
wdi2-2019-2021-372906f371e0391f,SWE,SE,SWE,Sweden,ISO-3166-1,economy,False,matched_iso,SP.POP.TOTL,"Population, total",people,2,World Development Indicators,2019,10278887,2026-07-13,\N,0,10278887,2026-07-29T18:04:35Z
wdi2-2019-2021-372906f371e0391f,SWE,SE,SWE,Sweden,ISO-3166-1,economy,False,matched_iso,SP.POP.TOTL,"Population, total",people,2,World Development Indicators,2020,10353442,2026-07-13,\N,0,10353442,2026-07-29T18:04:35Z
wdi2-2019-2021-372906f371e0391f,SWE,SE,SWE,Sweden,ISO-3166-1,economy,False,matched_iso,SP.POP.TOTL,"Population, total",people,2,World Development Indicators,2021,10415811,2026-07-13,\N,0,10415811,2026-07-29T18:04:35Z
wdi2-2019-2021-372906f371e0391f,SWZ,SZ,SWZ,Eswatini,ISO-3166-1,economy,False,matched_iso,EN.POP.DNST,Population density (people per sq. km of land area),people per sq. km of land area,2,World Development Indicators,2019,68.597325581,2026-07-13,\N,0,68.5973255813954,2026-07-29T18:04:35Z
wdi2-2019-2021-372906f371e0391f,SWZ,SZ,SWZ,Eswatini,ISO-3166-1,economy,False,matched_iso,EN.POP.DNST,Population density (people per sq. km of land area),people per sq. km of land area,2,World Development Indicators,2020,69.344709302,2026-07-13,\N,0,69.3447093023256,2026-07-29T18:04:35Z
wdi2-2019-2021-372906f371e0391f,SWZ,SZ,SWZ,Eswatini,ISO-3166-1,economy,False,matched_iso,EN.POP.DNST,Population density (people per sq. km of land area),people per sq. km of land area,2,World Development Indicators,2021,70.150755814,2026-07-13,\N,0,70.1507558139535,2026-07-29T18:04:35Z
wdi2-2019-2021-372906f371e0391f,SWZ,SZ,SWZ,Eswatini,ISO-3166-1,economy,False,matched_iso,NY.GDP.PCAP.KD,GDP per capita (constant 2015 US$),constant 2015 US$,2,World Development Indicators,2019,3759.671069647,2026-07-13,\N,1,3759.67106964666,2026-07-29T18:04:35Z
wdi2-2019-2021-372906f371e0391f,SWZ,SZ,SWZ,Eswatini,ISO-3166-1,economy,False,matched_iso,NY.GDP.PCAP.KD,GDP per capita (constant 2015 US$),constant 2015 US$,2,World Development Indicators,2020,3609.366913686,2026-07-13,\N,1,3609.3669136859,2026-07-29T18:04:35Z
wdi2-2019-2021-372906f371e0391f,SWZ,SZ,SWZ,Eswatini,ISO-3166-1,economy,False,matched_iso,NY.GDP.PCAP.KD,GDP per capita (constant 2015 US$),constant 2015 US$,2,World Development Indicators,2021,3719.038382398,2026-07-13,\N,1,3719.03838239806,2026-07-29T18:04:35Z
wdi2-2019-2021-372906f371e0391f,SWZ,SZ,SWZ,Eswatini,ISO-3166-1,economy,False,matched_iso,SH.XPD.CHEX.PP.CD,"Current health expenditure per capita, PPP (current international $)",current international $,2,World Development Indicators,2019,756.407619816,2026-07-13,\N,2,756.407619815981,2026-07-29T18:04:35Z
wdi2-2019-2021-372906f371e0391f,SWZ,SZ,SWZ,Eswatini,ISO-3166-1,economy,False,matched_iso,SH.XPD.CHEX.PP.CD,"Current health expenditure per capita, PPP (current international $)",current international $,2,World Development Indicators,2020,637.808889185,2026-07-13,\N,2,637.808889184997,2026-07-29T18:04:35Z
wdi2-2019-2021-372906f371e0391f,SWZ,SZ,SWZ,Eswatini,ISO-3166-1,economy,False,matched_iso,SH.XPD.CHEX.PP.CD,"Current health expenditure per capita, PPP (current international $)",current international $,2,World Development Indicators,2021,746.57931086,2026-07-13,\N,2,746.579310860445,2026-07-29T18:04:35Z
wdi2-2019-2021-372906f371e0391f,SWZ,SZ,SWZ,Eswatini,ISO-3166-1,economy,False,matched_iso,SP.POP.65UP.TO.ZS,Population ages 65 and above (% of total population),% of total population,2,World Development Indicators,2019,3.795659537,2026-07-13,\N,0,3.79565953652678,2026-07-29T18:04:35Z
wdi2-2019-2021-372906f371e0391f,SWZ,SZ,SWZ,Eswatini,ISO-3166-1,economy,False,matched_iso,SP.POP.65UP.TO.ZS,Population ages 65 and above (% of total population),% of total population,2,World Development Indicators,2020,3.874851758,2026-07-13,\N,0,3.87485175808932,2026-07-29T18:04:35Z
wdi2-2019-2021-372906f371e0391f,SWZ,SZ,SWZ,Eswatini,ISO-3166-1,economy,False,matched_iso,SP.POP.65UP.TO.ZS,Population ages 65 and above (% of total population),% of total population,2,World Development Indicators,2021,3.922903613,2026-07-13,\N,0,3.92290361252568,2026-07-29T18:04:35Z
wdi2-2019-2021-372906f371e0391f,SWZ,SZ,SWZ,Eswatini,ISO-3166-1,economy,False,matched_iso,SP.POP.TOTL,"Population, total",people,2,World Development Indicators,2019,1179874,2026-07-13,\N,0,1179874,2026-07-29T18:04:35Z
wdi2-2019-2021-372906f371e0391f,SWZ,SZ,SWZ,Eswatini,ISO-3166-1,economy,False,matched_iso,SP.POP.TOTL,"Population, total",people,2,World Development Indicators,2020,1192729,2026-07-13,\N,0,1192729,2026-07-29T18:04:35Z
wdi2-2019-2021-372906f371e0391f,SWZ,SZ,SWZ,Eswatini,ISO-3166-1,economy,False,matched_iso,SP.POP.TOTL,"Population, total",people,2,World Development Indicators,2021,1206593,2026-07-13,\N,0,1206593,2026-07-29T18:04:35Z
wdi2-2019-2021-372906f371e0391f,SXM,SX,SXM,Sint Maarten (Dutch part),ISO-3166-1,economy,False,matched_iso,EN.POP.DNST,Population density (people per sq. km of land area),people per sq. km of land area,2,World Development Indicators,2019,1187.794117647,2026-07-13,\N,0,1187.79411764706,2026-07-29T18:04:35Z
wdi2-2019-2021-372906f371e0391f,SXM,SX,SXM,Sint Maarten (Dutch part),ISO-3166-1,economy,False,matched_iso,EN.POP.DNST,Population density (people per sq. km of land area),people per sq. km of land area,2,World Development Indicators,2020,1206.117647059,2026-07-13,\N,0,1206.11764705882,2026-07-29T18:04:35Z
wdi2-2019-2021-372906f371e0391f,SXM,SX,SXM,Sint Maarten (Dutch part),ISO-3166-1,economy,False,matched_iso,EN.POP.DNST,Population density (people per sq. km of land area),people per sq. km of land area,2,World Development Indicators,2021,1222.676470588,2026-07-13,\N,0,1222.67647058824,2026-07-29T18:04:35Z
wdi2-2019-2021-372906f371e0391f,SXM,SX,SXM,Sint Maarten (Dutch part),ISO-3166-1,economy,False,matched_iso,NY.GDP.PCAP.KD,GDP per capita (constant 2015 US$),constant 2015 US$,2,World Development Indicators,2019,33877.976645467,2026-07-13,\N,1,33877.976645467,2026-07-29T18:04:35Z
wdi2-2019-2021-372906f371e0391f,SXM,SX,SXM,Sint Maarten (Dutch part),ISO-3166-1,economy,False,matched_iso,NY.GDP.PCAP.KD,GDP per capita (constant 2015 US$),constant 2015 US$,2,World Development Indicators,2020,28920.377300716,2026-07-13,\N,1,28920.3773007159,2026-07-29T18:04:35Z
wdi2-2019-2021-372906f371e0391f,SXM,SX,SXM,Sint Maarten (Dutch part),ISO-3166-1,economy,False,matched_iso,NY.GDP.PCAP.KD,GDP per capita (constant 2015 US$),constant 2015 US$,2,World Development Indicators,2021,29834.635006838,2026-07-13,\N,1,29834.6350068383,2026-07-29T18:04:35Z
wdi2-2019-2021-372906f371e0391f,SXM,SX,SXM,Sint Maarten (Dutch part),ISO-3166-1,economy,False,matched_iso,SH.XPD.CHEX.PP.CD,"Current health expenditure per capita, PPP (current international $)",current international $,2,World Development Indicators,2019,\N,2026-07-13,\N,2,\N,2026-07-29T18:04:35Z
wdi2-2019-2021-372906f371e0391f,SXM,SX,SXM,Sint Maarten (Dutch part),ISO-3166-1,economy,False,matched_iso,SH.XPD.CHEX.PP.CD,"Current health expenditure per capita, PPP (current international $)",current international $,2,World Development Indicators,2020,\N,2026-07-13,\N,2,\N,2026-07-29T18:04:35Z
wdi2-2019-2021-372906f371e0391f,SXM,SX,SXM,Sint Maarten (Dutch part),ISO-3166-1,economy,False,matched_iso,SH.XPD.CHEX.PP.CD,"Current health expenditure per capita, PPP (current international $)",current international $,2,World Development Indicators,2021,\N,2026-07-13,\N,2,\N,2026-07-29T18:04:35Z
wdi2-2019-2021-372906f371e0391f,SXM,SX,SXM,Sint Maarten (Dutch part),ISO-3166-1,economy,False,matched_iso,SP.POP.65UP.TO.ZS,Population ages 65 and above (% of total population),% of total population,2,World Development Indicators,2019,10.642697074,2026-07-13,\N,0,10.6426970743726,2026-07-29T18:04:35Z
wdi2-2019-2021-372906f371e0391f,SXM,SX,SXM,Sint Maarten (Dutch part),ISO-3166-1,economy,False,matched_iso,SP.POP.65UP.TO.ZS,Population ages 65 and above (% of total population),% of total population,2,World Development Indicators,2020,11.482045967,2026-07-13,\N,0,11.4820459672011,2026-07-29T18:04:35Z
wdi2-2019-2021-372906f371e0391f,SXM,SX,SXM,Sint Maarten (Dutch part),ISO-3166-1,economy,False,matched_iso,SP.POP.65UP.TO.ZS,Population ages 65 and above (% of total population),% of total population,2,World Development Indicators,2021,12.319886459,2026-07-13,\N,0,12.3198864593106,2026-07-29T18:04:35Z
wdi2-2019-2021-372906f371e0391f,SXM,SX,SXM,Sint Maarten (Dutch part),ISO-3166-1,economy,False,matched_iso,SP.POP.TOTL,"Population, total",people,2,World Development Indicators,2019,40385,2026-07-13,\N,0,40385,2026-07-29T18:04:35Z
wdi2-2019-2021-372906f371e0391f,SXM,SX,SXM,Sint Maarten (Dutch part),ISO-3166-1,economy,False,matched_iso,SP.POP.TOTL,"Population, total",people,2,World Development Indicators,2020,41008,2026-07-13,\N,0,41008,2026-07-29T18:04:35Z
wdi2-2019-2021-372906f371e0391f,SXM,SX,SXM,Sint Maarten (Dutch part),ISO-3166-1,economy,False,matched_iso,SP.POP.TOTL,"Population, total",people,2,World Development Indicators,2021,41571,2026-07-13,\N,0,41571,2026-07-29T18:04:35Z
wdi2-2019-2021-372906f371e0391f,SYC,SC,SYC,Seychelles,ISO-3166-1,economy,False,matched_iso,EN.POP.DNST,Population density (people per sq. km of land area),people per sq. km of land area,2,World Development Indicators,2019,212.22826087,2026-07-13,\N,0,212.228260869565,2026-07-29T18:04:35Z
wdi2-2019-2021-372906f371e0391f,SYC,SC,SYC,Seychelles,ISO-3166-1,economy,False,matched_iso,EN.POP.DNST,Population density (people per sq. km of land area),people per sq. km of land area,2,World Development Indicators,2020,214.047826087,2026-07-13,\N,0,214.047826086957,2026-07-29T18:04:35Z
wdi2-2019-2021-372906f371e0391f,SYC,SC,SYC,Seychelles,ISO-3166-1,economy,False,matched_iso,EN.POP.DNST,Population density (people per sq. km of land area),people per sq. km of land area,2,World Development Indicators,2021,215.77826087,2026-07-13,\N,0,215.778260869565,2026-07-29T18:04:35Z
wdi2-2019-2021-372906f371e0391f,SYC,SC,SYC,Seychelles,ISO-3166-1,economy,False,matched_iso,NY.GDP.PCAP.KD,GDP per capita (constant 2015 US$),constant 2015 US$,2,World Development Indicators,2019,19481.646105374,2026-07-13,\N,1,19481.6461053742,2026-07-29T18:04:35Z
wdi2-2019-2021-372906f371e0391f,SYC,SC,SYC,Seychelles,ISO-3166-1,economy,False,matched_iso,NY.GDP.PCAP.KD,GDP per capita (constant 2015 US$),constant 2015 US$,2,World Development Indicators,2020,17048.361729788,2026-07-13,\N,1,17048.361729788,2026-07-29T18:04:35Z
wdi2-2019-2021-372906f371e0391f,SYC,SC,SYC,Seychelles,ISO-3166-1,economy,False,matched_iso,NY.GDP.PCAP.KD,GDP per capita (constant 2015 US$),constant 2015 US$,2,World Development Indicators,2021,17005.042206368,2026-07-13,\N,1,17005.0422063679,2026-07-29T18:04:35Z
wdi2-2019-2021-372906f371e0391f,SYC,SC,SYC,Seychelles,ISO-3166-1,economy,False,matched_iso,SH.XPD.CHEX.PP.CD,"Current health expenditure per capita, PPP (current international $)",current international $,2,World Development Indicators,2019,1207.544937572,2026-07-13,\N,2,1207.54493757174,2026-07-29T18:04:35Z
wdi2-2019-2021-372906f371e0391f,SYC,SC,SYC,Seychelles,ISO-3166-1,economy,False,matched_iso,SH.XPD.CHEX.PP.CD,"Current health expenditure per capita, PPP (current international $)",current international $,2,World Development Indicators,2020,1483.820157349,2026-07-13,\N,2,1483.82015734874,2026-07-29T18:04:35Z
wdi2-2019-2021-372906f371e0391f,SYC,SC,SYC,Seychelles,ISO-3166-1,economy,False,matched_iso,SH.XPD.CHEX.PP.CD,"Current health expenditure per capita, PPP (current international $)",current international $,2,World Development Indicators,2021,1260.308248084,2026-07-13,\N,2,1260.30824808428,2026-07-29T18:04:35Z
wdi2-2019-2021-372906f371e0391f,SYC,SC,SYC,Seychelles,ISO-3166-1,economy,False,matched_iso,SP.POP.65UP.TO.ZS,Population ages 65 and above (% of total population),% of total population,2,World Development Indicators,2019,7.36545956,2026-07-13,\N,0,7.36545956030786,2026-07-29T18:04:35Z
wdi2-2019-2021-372906f371e0391f,SYC,SC,SYC,Seychelles,ISO-3166-1,economy,False,matched_iso,SP.POP.65UP.TO.ZS,Population ages 65 and above (% of total population),% of total population,2,World Development Indicators,2020,7.577873656,2026-07-13,\N,0,7.57787365638327,2026-07-29T18:04:35Z
wdi2-2019-2021-372906f371e0391f,SYC,SC,SYC,Seychelles,ISO-3166-1,economy,False,matched_iso,SP.POP.65UP.TO.ZS,Population ages 65 and above (% of total population),% of total population,2,World Development Indicators,2021,7.891858929,2026-07-13,\N,0,7.89185892875292,2026-07-29T18:04:35Z
wdi2-2019-2021-372906f371e0391f,SYC,SC,SYC,Seychelles,ISO-3166-1,economy,False,matched_iso,SP.POP.TOTL,"Population, total",people,2,World Development Indicators,2019,97625,2026-07-13,\N,0,97625,2026-07-29T18:04:35Z
wdi2-2019-2021-372906f371e0391f,SYC,SC,SYC,Seychelles,ISO-3166-1,economy,False,matched_iso,SP.POP.TOTL,"Population, total",people,2,World Development Indicators,2020,98462,2026-07-13,\N,0,98462,2026-07-29T18:04:35Z
wdi2-2019-2021-372906f371e0391f,SYC,SC,SYC,Seychelles,ISO-3166-1,economy,False,matched_iso,SP.POP.TOTL,"Population, total",people,2,World Development Indicators,2021,99258,2026-07-13,\N,0,99258,2026-07-29T18:04:35Z
wdi2-2019-2021-372906f371e0391f,SYR,SY,SYR,Syrian Arab Republic,ISO-3166-1,economy,False,matched_iso,EN.POP.DNST,Population density (people per sq. km of land area),people per sq. km of land area,2,World Development Indicators,2019,110.839917225,2026-07-13,\N,0,110.839917224854,2026-07-29T18:04:35Z
wdi2-2019-2021-372906f371e0391f,SYR,SY,SYR,Syrian Arab Republic,ISO-3166-1,economy,False,matched_iso,EN.POP.DNST,Population density (people per sq. km of land area),people per sq. km of land area,2,World Development Indicators,2020,114.629575777,2026-07-13,\N,0,114.629575777378,2026-07-29T18:04:35Z
wdi2-2019-2021-372906f371e0391f,SYR,SY,SYR,Syrian Arab Republic,ISO-3166-1,economy,False,matched_iso,EN.POP.DNST,Population density (people per sq. km of land area),people per sq. km of land area,2,World Development Indicators,2021,117.78488809,2026-07-13,\N,0,117.784888090181,2026-07-29T18:04:35Z
wdi2-2019-2021-372906f371e0391f,SYR,SY,SYR,Syrian Arab Republic,ISO-3166-1,economy,False,matched_iso,NY.GDP.PCAP.KD,GDP per capita (constant 2015 US$),constant 2015 US$,2,World Development Indicators,2019,771.517948289,2026-07-13,\N,1,771.517948289192,2026-07-29T18:04:35Z
wdi2-2019-2021-372906f371e0391f,SYR,SY,SYR,Syrian Arab Republic,ISO-3166-1,economy,False,matched_iso,NY.GDP.PCAP.KD,GDP per capita (constant 2015 US$),constant 2015 US$,2,World Development Indicators,2020,753.135305709,2026-07-13,\N,1,753.135305709477,2026-07-29T18:04:35Z
wdi2-2019-2021-372906f371e0391f,SYR,SY,SYR,Syrian Arab Republic,ISO-3166-1,economy,False,matched_iso,NY.GDP.PCAP.KD,GDP per capita (constant 2015 US$),constant 2015 US$,2,World Development Indicators,2021,746.077458768,2026-07-13,\N,1,746.077458768389,2026-07-29T18:04:35Z
wdi2-2019-2021-372906f371e0391f,SYR,SY,SYR,Syrian Arab Republic,ISO-3166-1,economy,False,matched_iso,SH.XPD.CHEX.PP.CD,"Current health expenditure per capita, PPP (current international $)",current international $,2,World Development Indicators,2019,147.851739872,2026-07-13,\N,2,147.85173987164,2026-07-29T18:04:35Z
wdi2-2019-2021-372906f371e0391f,SYR,SY,SYR,Syrian Arab Republic,ISO-3166-1,economy,False,matched_iso,SH.XPD.CHEX.PP.CD,"Current health expenditure per capita, PPP (current international $)",current international $,2,World Development Indicators,2020,137.175435638,2026-07-13,\N,2,137.175435638459,2026-07-29T18:04:35Z
wdi2-2019-2021-372906f371e0391f,SYR,SY,SYR,Syrian Arab Republic,ISO-3166-1,economy,False,matched_iso,SH.XPD.CHEX.PP.CD,"Current health expenditure per capita, PPP (current international $)",current international $,2,World Development Indicators,2021,160.934578101,2026-07-13,\N,2,160.934578101114,2026-07-29T18:04:35Z
wdi2-2019-2021-372906f371e0391f,SYR,SY,SYR,Syrian Arab Republic,ISO-3166-1,economy,False,matched_iso,SP.POP.65UP.TO.ZS,Population ages 65 and above (% of total population),% of total population,2,World Development Indicators,2019,4.494686279,2026-07-13,\N,0,4.4946862790511,2026-07-29T18:04:35Z
wdi2-2019-2021-372906f371e0391f,SYR,SY,SYR,Syrian Arab Republic,ISO-3166-1,economy,False,matched_iso,SP.POP.65UP.TO.ZS,Population ages 65 and above (% of total population),% of total population,2,World Development Indicators,2020,4.547596042,2026-07-13,\N,0,4.54759604167885,2026-07-29T18:04:35Z
wdi2-2019-2021-372906f371e0391f,SYR,SY,SYR,Syrian Arab Republic,ISO-3166-1,economy,False,matched_iso,SP.POP.65UP.TO.ZS,Population ages 65 and above (% of total population),% of total population,2,World Development Indicators,2021,4.618467856,2026-07-13,\N,0,4.61846785630824,2026-07-29T18:04:35Z
wdi2-2019-2021-372906f371e0391f,SYR,SY,SYR,Syrian Arab Republic,ISO-3166-1,economy,False,matched_iso,SP.POP.TOTL,"Population, total",people,2,World Development Indicators,2019,20353534,2026-07-13,\N,0,20353534,2026-07-29T18:04:35Z
wdi2-2019-2021-372906f371e0391f,SYR,SY,SYR,Syrian Arab Republic,ISO-3166-1,economy,False,matched_iso,SP.POP.TOTL,"Population, total",people,2,World Development Indicators,2020,21049429,2026-07-13,\N,0,21049429,2026-07-29T18:04:35Z
wdi2-2019-2021-372906f371e0391f,SYR,SY,SYR,Syrian Arab Republic,ISO-3166-1,economy,False,matched_iso,SP.POP.TOTL,"Population, total",people,2,World Development Indicators,2021,21628839,2026-07-13,\N,0,21628839,2026-07-29T18:04:35Z
wdi2-2019-2021-372906f371e0391f,TCA,TC,TCA,Turks and Caicos Islands,ISO-3166-1,economy,False,matched_iso,EN.POP.DNST,Population density (people per sq. km of land area),people per sq. km of land area,2,World Development Indicators,2019,45.437894737,2026-07-13,\N,0,45.4378947368421,2026-07-29T18:04:35Z
wdi2-2019-2021-372906f371e0391f,TCA,TC,TCA,Turks and Caicos Islands,ISO-3166-1,economy,False,matched_iso,EN.POP.DNST,Population density (people per sq. km of land area),people per sq. km of land area,2,World Development Indicators,2020,46.722105263,2026-07-13,\N,0,46.7221052631579,2026-07-29T18:04:35Z
wdi2-2019-2021-372906f371e0391f,TCA,TC,TCA,Turks and Caicos Islands,ISO-3166-1,economy,False,matched_iso,EN.POP.DNST,Population density (people per sq. km of land area),people per sq. km of land area,2,World Development Indicators,2021,47.624210526,2026-07-13,\N,0,47.6242105263158,2026-07-29T18:04:35Z
wdi2-2019-2021-372906f371e0391f,TCA,TC,TCA,Turks and Caicos Islands,ISO-3166-1,economy,False,matched_iso,NY.GDP.PCAP.KD,GDP per capita (constant 2015 US$),constant 2015 US$,2,World Development Indicators,2019,52419.886212862,2026-07-13,\N,1,52419.8862128617,2026-07-29T18:04:35Z
wdi2-2019-2021-372906f371e0391f,TCA,TC,TCA,Turks and Caicos Islands,ISO-3166-1,economy,False,matched_iso,NY.GDP.PCAP.KD,GDP per capita (constant 2015 US$),constant 2015 US$,2,World Development Indicators,2020,33739.425399174,2026-07-13,\N,1,33739.4253991739,2026-07-29T18:04:35Z
wdi2-2019-2021-372906f371e0391f,TCA,TC,TCA,Turks and Caicos Islands,ISO-3166-1,economy,False,matched_iso,NY.GDP.PCAP.KD,GDP per capita (constant 2015 US$),constant 2015 US$,2,World Development Indicators,2021,42907.749246591,2026-07-13,\N,1,42907.7492465912,2026-07-29T18:04:35Z
wdi2-2019-2021-372906f371e0391f,TCA,TC,TCA,Turks and Caicos Islands,ISO-3166-1,economy,False,matched_iso,SH.XPD.CHEX.PP.CD,"Current health expenditure per capita, PPP (current international $)",current international $,2,World Development Indicators,2019,\N,2026-07-13,\N,2,\N,2026-07-29T18:04:35Z
wdi2-2019-2021-372906f371e0391f,TCA,TC,TCA,Turks and Caicos Islands,ISO-3166-1,economy,False,matched_iso,SH.XPD.CHEX.PP.CD,"Current health expenditure per capita, PPP (current international $)",current international $,2,World Development Indicators,2020,\N,2026-07-13,\N,2,\N,2026-07-29T18:04:35Z
wdi2-2019-2021-372906f371e0391f,TCA,TC,TCA,Turks and Caicos Islands,ISO-3166-1,economy,False,matched_iso,SH.XPD.CHEX.PP.CD,"Current health expenditure per capita, PPP (current international $)",current international $,2,World Development Indicators,2021,\N,2026-07-13,\N,2,\N,2026-07-29T18:04:35Z
wdi2-2019-2021-372906f371e0391f,TCA,TC,TCA,Turks and Caicos Islands,ISO-3166-1,economy,False,matched_iso,SP.POP.65UP.TO.ZS,Population ages 65 and above (% of total population),% of total population,2,World Development Indicators,2019,9.814550972,2026-07-13,\N,0,9.8145509724201,2026-07-29T18:04:35Z
wdi2-2019-2021-372906f371e0391f,TCA,TC,TCA,Turks and Caicos Islands,ISO-3166-1,economy,False,matched_iso,SP.POP.65UP.TO.ZS,Population ages 65 and above (% of total population),% of total population,2,World Development Indicators,2020,10.077615437,2026-07-13,\N,0,10.077615437474,2026-07-29T18:04:35Z
wdi2-2019-2021-372906f371e0391f,TCA,TC,TCA,Turks and Caicos Islands,ISO-3166-1,economy,False,matched_iso,SP.POP.65UP.TO.ZS,Population ages 65 and above (% of total population),% of total population,2,World Development Indicators,2021,10.330765745,2026-07-13,\N,0,10.3307657453557,2026-07-29T18:04:35Z
wdi2-2019-2021-372906f371e0391f,TCA,TC,TCA,Turks and Caicos Islands,ISO-3166-1,economy,False,matched_iso,SP.POP.TOTL,"Population, total",people,2,World Development Indicators,2019,43166,2026-07-13,\N,0,43166,2026-07-29T18:04:35Z
wdi2-2019-2021-372906f371e0391f,TCA,TC,TCA,Turks and Caicos Islands,ISO-3166-1,economy,False,matched_iso,SP.POP.TOTL,"Population, total",people,2,World Development Indicators,2020,44386,2026-07-13,\N,0,44386,2026-07-29T18:04:35Z
wdi2-2019-2021-372906f371e0391f,TCA,TC,TCA,Turks and Caicos Islands,ISO-3166-1,economy,False,matched_iso,SP.POP.TOTL,"Population, total",people,2,World Development Indicators,2021,45243,2026-07-13,\N,0,45243,2026-07-29T18:04:35Z
wdi2-2019-2021-372906f371e0391f,TCD,TD,TCD,Chad,ISO-3166-1,economy,False,matched_iso,EN.POP.DNST,Population density (people per sq. km of land area),people per sq. km of land area,2,World Development Indicators,2019,13.25065359,2026-07-13,\N,0,13.2506535895807,2026-07-29T18:04:35Z
wdi2-2019-2021-372906f371e0391f,TCD,TD,TCD,Chad,ISO-3166-1,economy,False,matched_iso,EN.POP.DNST,Population density (people per sq. km of land area),people per sq. km of land area,2,World Development Indicators,2020,13.67906528,2026-07-13,\N,0,13.6790652795426,2026-07-29T18:04:35Z
wdi2-2019-2021-372906f371e0391f,TCD,TD,TCD,Chad,ISO-3166-1,economy,False,matched_iso,EN.POP.DNST,Population density (people per sq. km of land area),people per sq. km of land area,2,World Development Indicators,2021,14.158412484,2026-07-13,\N,0,14.1584124841169,2026-07-29T18:04:35Z
wdi2-2019-2021-372906f371e0391f,TCD,TD,TCD,Chad,ISO-3166-1,economy,False,matched_iso,NY.GDP.PCAP.KD,GDP per capita (constant 2015 US$),constant 2015 US$,2,World Development Indicators,2019,917.20371006,2026-07-13,\N,1,917.203710060136,2026-07-29T18:04:35Z
wdi2-2019-2021-372906f371e0391f,TCD,TD,TCD,Chad,ISO-3166-1,economy,False,matched_iso,NY.GDP.PCAP.KD,GDP per capita (constant 2015 US$),constant 2015 US$,2,World Development Indicators,2020,884.980541935,2026-07-13,\N,1,884.980541934939,2026-07-29T18:04:35Z
wdi2-2019-2021-372906f371e0391f,TCD,TD,TCD,Chad,ISO-3166-1,economy,False,matched_iso,NY.GDP.PCAP.KD,GDP per capita (constant 2015 US$),constant 2015 US$,2,World Development Indicators,2021,857.52763058,2026-07-13,\N,1,857.52763057976,2026-07-29T18:04:35Z
wdi2-2019-2021-372906f371e0391f,TCD,TD,TCD,Chad,ISO-3166-1,economy,False,matched_iso,SH.XPD.CHEX.PP.CD,"Current health expenditure per capita, PPP (current international $)",current international $,2,World Development Indicators,2019,79.596793364,2026-07-13,\N,2,79.5967933640388,2026-07-29T18:04:35Z
wdi2-2019-2021-372906f371e0391f,TCD,TD,TCD,Chad,ISO-3166-1,economy,False,matched_iso,SH.XPD.CHEX.PP.CD,"Current health expenditure per capita, PPP (current international $)",current international $,2,World Development Indicators,2020,95.137602986,2026-07-13,\N,2,95.1376029859458,2026-07-29T18:04:35Z
wdi2-2019-2021-372906f371e0391f,TCD,TD,TCD,Chad,ISO-3166-1,economy,False,matched_iso,SH.XPD.CHEX.PP.CD,"Current health expenditure per capita, PPP (current international $)",current international $,2,World Development Indicators,2021,96.7267709,2026-07-13,\N,2,96.7267709002545,2026-07-29T18:04:35Z
wdi2-2019-2021-372906f371e0391f,TCD,TD,TCD,Chad,ISO-3166-1,economy,False,matched_iso,SP.POP.65UP.TO.ZS,Population ages 65 and above (% of total population),% of total population,2,World Development Indicators,2019,2.04845629,2026-07-13,\N,0,2.04845628973613,2026-07-29T18:04:35Z
wdi2-2019-2021-372906f371e0391f,TCD,TD,TCD,Chad,ISO-3166-1,economy,False,matched_iso,SP.POP.65UP.TO.ZS,Population ages 65 and above (% of total population),% of total population,2,World Development Indicators,2020,2.047733371,2026-07-13,\N,0,2.04773337140274,2026-07-29T18:04:35Z
wdi2-2019-2021-372906f371e0391f,TCD,TD,TCD,Chad,ISO-3166-1,economy,False,matched_iso,SP.POP.65UP.TO.ZS,Population ages 65 and above (% of total population),% of total population,2,World Development Indicators,2021,2.047279003,2026-07-13,\N,0,2.04727900320802,2026-07-29T18:04:35Z
wdi2-2019-2021-372906f371e0391f,TCD,TD,TCD,Chad,ISO-3166-1,economy,False,matched_iso,SP.POP.TOTL,"Population, total",people,2,World Development Indicators,2019,16685223,2026-07-13,\N,0,16685223,2026-07-29T18:04:35Z
wdi2-2019-2021-372906f371e0391f,TCD,TD,TCD,Chad,ISO-3166-1,economy,False,matched_iso,SP.POP.TOTL,"Population, total",people,2,World Development Indicators,2020,17224679,2026-07-13,\N,0,17224679,2026-07-29T18:04:35Z
wdi2-2019-2021-372906f371e0391f,TCD,TD,TCD,Chad,ISO-3166-1,economy,False,matched_iso,SP.POP.TOTL,"Population, total",people,2,World Development Indicators,2021,17828273,2026-07-13,\N,0,17828273,2026-07-29T18:04:35Z
wdi2-2019-2021-372906f371e0391f,TGO,TG,TGO,Togo,ISO-3166-1,economy,False,matched_iso,EN.POP.DNST,Population density (people per sq. km of land area),people per sq. km of land area,2,World Development Indicators,2019,140.097904026,2026-07-13,\N,0,140.097904026475,2026-07-29T18:04:35Z
wdi2-2019-2021-372906f371e0391f,TGO,TG,TGO,Togo,ISO-3166-1,economy,False,matched_iso,EN.POP.DNST,Population density (people per sq. km of land area),people per sq. km of land area,2,World Development Indicators,2020,143.189078875,2026-07-13,\N,0,143.189078874793,2026-07-29T18:04:35Z
wdi2-2019-2021-372906f371e0391f,TGO,TG,TGO,Togo,ISO-3166-1,economy,False,matched_iso,EN.POP.DNST,Population density (people per sq. km of land area),people per sq. km of land area,2,World Development Indicators,2021,145.91241037,2026-07-13,\N,0,145.912410369553,2026-07-29T18:04:35Z
wdi2-2019-2021-372906f371e0391f,TGO,TG,TGO,Togo,ISO-3166-1,economy,False,matched_iso,NY.GDP.PCAP.KD,GDP per capita (constant 2015 US$),constant 2015 US$,2,World Development Indicators,2019,900.166602438,2026-07-13,\N,1,900.166602437871,2026-07-29T18:04:35Z
wdi2-2019-2021-372906f371e0391f,TGO,TG,TGO,Togo,ISO-3166-1,economy,False,matched_iso,NY.GDP.PCAP.KD,GDP per capita (constant 2015 US$),constant 2015 US$,2,World Development Indicators,2020,899.748802355,2026-07-13,\N,1,899.748802355348,2026-07-29T18:04:35Z
wdi2-2019-2021-372906f371e0391f,TGO,TG,TGO,Togo,ISO-3166-1,economy,False,matched_iso,NY.GDP.PCAP.KD,GDP per capita (constant 2015 US$),constant 2015 US$,2,World Development Indicators,2021,928.301087693,2026-07-13,\N,1,928.301087692897,2026-07-29T18:04:35Z
wdi2-2019-2021-372906f371e0391f,TGO,TG,TGO,Togo,ISO-3166-1,economy,False,matched_iso,SH.XPD.CHEX.PP.CD,"Current health expenditure per capita, PPP (current international $)",current international $,2,World Development Indicators,2019,130.948207355,2026-07-13,\N,2,130.948207354988,2026-07-29T18:04:35Z
wdi2-2019-2021-372906f371e0391f,TGO,TG,TGO,Togo,ISO-3166-1,economy,False,matched_iso,SH.XPD.CHEX.PP.CD,"Current health expenditure per capita, PPP (current international $)",current international $,2,World Development Indicators,2020,145.650435886,2026-07-13,\N,2,145.650435885939,2026-07-29T18:04:35Z
wdi2-2019-2021-372906f371e0391f,TGO,TG,TGO,Togo,ISO-3166-1,economy,False,matched_iso,SH.XPD.CHEX.PP.CD,"Current health expenditure per capita, PPP (current international $)",current international $,2,World Development Indicators,2021,144.608614194,2026-07-13,\N,2,144.608614193537,2026-07-29T18:04:35Z
wdi2-2019-2021-372906f371e0391f,TGO,TG,TGO,Togo,ISO-3166-1,economy,False,matched_iso,SP.POP.65UP.TO.ZS,Population ages 65 and above (% of total population),% of total population,2,World Development Indicators,2019,3.633657812,2026-07-13,\N,0,3.63365781159263,2026-07-29T18:04:35Z
wdi2-2019-2021-372906f371e0391f,TGO,TG,TGO,Togo,ISO-3166-1,economy,False,matched_iso,SP.POP.65UP.TO.ZS,Population ages 65 and above (% of total population),% of total population,2,World Development Indicators,2020,3.589009527,2026-07-13,\N,0,3.5890095266417,2026-07-29T18:04:35Z
wdi2-2019-2021-372906f371e0391f,TGO,TG,TGO,Togo,ISO-3166-1,economy,False,matched_iso,SP.POP.65UP.TO.ZS,Population ages 65 and above (% of total population),% of total population,2,World Development Indicators,2021,3.576218572,2026-07-13,\N,0,3.57621857176555,2026-07-29T18:04:35Z
wdi2-2019-2021-372906f371e0391f,TGO,TG,TGO,Togo,ISO-3166-1,economy,False,matched_iso,SP.POP.TOTL,"Population, total",people,2,World Development Indicators,2019,7619925,2026-07-13,\N,0,7619925,2026-07-29T18:04:35Z
wdi2-2019-2021-372906f371e0391f,TGO,TG,TGO,Togo,ISO-3166-1,economy,False,matched_iso,SP.POP.TOTL,"Population, total",people,2,World Development Indicators,2020,7788054,2026-07-13,\N,0,7788054,2026-07-29T18:04:35Z
wdi2-2019-2021-372906f371e0391f,TGO,TG,TGO,Togo,ISO-3166-1,economy,False,matched_iso,SP.POP.TOTL,"Population, total",people,2,World Development Indicators,2021,7936176,2026-07-13,\N,0,7936176,2026-07-29T18:04:35Z
wdi2-2019-2021-372906f371e0391f,THA,TH,THA,Thailand,ISO-3166-1,economy,False,matched_iso,EN.POP.DNST,Population density (people per sq. km of land area),people per sq. km of land area,2,World Development Indicators,2019,139.995441289,2026-07-13,\N,0,139.995441288731,2026-07-29T18:04:35Z
wdi2-2019-2021-372906f371e0391f,THA,TH,THA,Thailand,ISO-3166-1,economy,False,matched_iso,EN.POP.DNST,Population density (people per sq. km of land area),people per sq. km of land area,2,World Development Indicators,2020,140.228785061,2026-07-13,\N,0,140.228785061364,2026-07-29T18:04:35Z
wdi2-2019-2021-372906f371e0391f,THA,TH,THA,Thailand,ISO-3166-1,economy,False,matched_iso,EN.POP.DNST,Population density (people per sq. km of land area),people per sq. km of land area,2,World Development Indicators,2021,140.396821234,2026-07-13,\N,0,140.396821233534,2026-07-29T18:04:35Z
wdi2-2019-2021-372906f371e0391f,THA,TH,THA,Thailand,ISO-3166-1,economy,False,matched_iso,NY.GDP.PCAP.KD,GDP per capita (constant 2015 US$),constant 2015 US$,2,World Development Indicators,2019,6434.53770518,2026-07-13,\N,1,6434.53770518034,2026-07-29T18:04:35Z
wdi2-2019-2021-372906f371e0391f,THA,TH,THA,Thailand,ISO-3166-1,economy,False,matched_iso,NY.GDP.PCAP.KD,GDP per capita (constant 2015 US$),constant 2015 US$,2,World Development Indicators,2020,6032.422446068,2026-07-13,\N,1,6032.42244606793,2026-07-29T18:04:35Z
wdi2-2019-2021-372906f371e0391f,THA,TH,THA,Thailand,ISO-3166-1,economy,False,matched_iso,NY.GDP.PCAP.KD,GDP per capita (constant 2015 US$),constant 2015 US$,2,World Development Indicators,2021,6119.110185261,2026-07-13,\N,1,6119.11018526099,2026-07-29T18:04:35Z
wdi2-2019-2021-372906f371e0391f,THA,TH,THA,Thailand,ISO-3166-1,economy,False,matched_iso,SH.XPD.CHEX.PP.CD,"Current health expenditure per capita, PPP (current international $)",current international $,2,World Development Indicators,2019,756.757118622,2026-07-13,\N,2,756.757118622001,2026-07-29T18:04:35Z
wdi2-2019-2021-372906f371e0391f,THA,TH,THA,Thailand,ISO-3166-1,economy,False,matched_iso,SH.XPD.CHEX.PP.CD,"Current health expenditure per capita, PPP (current international $)",current international $,2,World Development Indicators,2020,835.01154899,2026-07-13,\N,2,835.011548990053,2026-07-29T18:04:35Z
wdi2-2019-2021-372906f371e0391f,THA,TH,THA,Thailand,ISO-3166-1,economy,False,matched_iso,SH.XPD.CHEX.PP.CD,"Current health expenditure per capita, PPP (current international $)",current international $,2,World Development Indicators,2021,1043.312298239,2026-07-13,\N,2,1043.31229823859,2026-07-29T18:04:35Z
wdi2-2019-2021-372906f371e0391f,THA,TH,THA,Thailand,ISO-3166-1,economy,False,matched_iso,SP.POP.65UP.TO.ZS,Population ages 65 and above (% of total population),% of total population,2,World Development Indicators,2019,12.328753515,2026-07-13,\N,0,12.3287535151114,2026-07-29T18:04:35Z
wdi2-2019-2021-372906f371e0391f,THA,TH,THA,Thailand,ISO-3166-1,economy,False,matched_iso,SP.POP.65UP.TO.ZS,Population ages 65 and above (% of total population),% of total population,2,World Development Indicators,2020,12.897985285,2026-07-13,\N,0,12.8979852852991,2026-07-29T18:04:35Z
wdi2-2019-2021-372906f371e0391f,THA,TH,THA,Thailand,ISO-3166-1,economy,False,matched_iso,SP.POP.65UP.TO.ZS,Population ages 65 and above (% of total population),% of total population,2,World Development Indicators,2021,13.492029789,2026-07-13,\N,0,13.4920297885888,2026-07-29T18:04:35Z
wdi2-2019-2021-372906f371e0391f,THA,TH,THA,Thailand,ISO-3166-1,economy,False,matched_iso,SP.POP.TOTL,"Population, total",people,2,World Development Indicators,2019,71522271,2026-07-13,\N,0,71522271,2026-07-29T18:04:35Z
wdi2-2019-2021-372906f371e0391f,THA,TH,THA,Thailand,ISO-3166-1,economy,False,matched_iso,SP.POP.TOTL,"Population, total",people,2,World Development Indicators,2020,71641484,2026-07-13,\N,0,71641484,2026-07-29T18:04:35Z
wdi2-2019-2021-372906f371e0391f,THA,TH,THA,Thailand,ISO-3166-1,economy,False,matched_iso,SP.POP.TOTL,"Population, total",people,2,World Development Indicators,2021,71727332,2026-07-13,\N,0,71727332,2026-07-29T18:04:35Z
wdi2-2019-2021-372906f371e0391f,TJK,TJ,TJK,Tajikistan,ISO-3166-1,economy,False,matched_iso,EN.POP.DNST,Population density (people per sq. km of land area),people per sq. km of land area,2,World Development Indicators,2019,68.664644427,2026-07-13,\N,0,68.6646444268319,2026-07-29T18:04:35Z
wdi2-2019-2021-372906f371e0391f,TJK,TJ,TJK,Tajikistan,ISO-3166-1,economy,False,matched_iso,EN.POP.DNST,Population density (people per sq. km of land area),people per sq. km of land area,2,World Development Indicators,2020,70.245046473,2026-07-13,\N,0,70.2450464730888,2026-07-29T18:04:35Z
wdi2-2019-2021-372906f371e0391f,TJK,TJ,TJK,Tajikistan,ISO-3166-1,economy,False,matched_iso,EN.POP.DNST,Population density (people per sq. km of land area),people per sq. km of land area,2,World Development Indicators,2021,71.812868362,2026-07-13,\N,0,71.8128683622739,2026-07-29T18:04:35Z
wdi2-2019-2021-372906f371e0391f,TJK,TJ,TJK,Tajikistan,ISO-3166-1,economy,False,matched_iso,NY.GDP.PCAP.KD,GDP per capita (constant 2015 US$),constant 2015 US$,2,World Development Indicators,2019,1148.346767125,2026-07-13,\N,1,1148.34676712493,2026-07-29T18:04:35Z
wdi2-2019-2021-372906f371e0391f,TJK,TJ,TJK,Tajikistan,ISO-3166-1,economy,False,matched_iso,NY.GDP.PCAP.KD,GDP per capita (constant 2015 US$),constant 2015 US$,2,World Development Indicators,2020,1171.901274804,2026-07-13,\N,1,1171.90127480359,2026-07-29T18:04:35Z
wdi2-2019-2021-372906f371e0391f,TJK,TJ,TJK,Tajikistan,ISO-3166-1,economy,False,matched_iso,NY.GDP.PCAP.KD,GDP per capita (constant 2015 US$),constant 2015 US$,2,World Development Indicators,2021,1254.069995923,2026-07-13,\N,1,1254.06999592306,2026-07-29T18:04:35Z
wdi2-2019-2021-372906f371e0391f,TJK,TJ,TJK,Tajikistan,ISO-3166-1,economy,False,matched_iso,SH.XPD.CHEX.PP.CD,"Current health expenditure per capita, PPP (current international $)",current international $,2,World Development Indicators,2019,240.388074935,2026-07-13,\N,2,240.388074935462,2026-07-29T18:04:35Z
wdi2-2019-2021-372906f371e0391f,TJK,TJ,TJK,Tajikistan,ISO-3166-1,economy,False,matched_iso,SH.XPD.CHEX.PP.CD,"Current health expenditure per capita, PPP (current international $)",current international $,2,World Development Indicators,2020,324.848767101,2026-07-13,\N,2,324.848767100631,2026-07-29T18:04:35Z
wdi2-2019-2021-372906f371e0391f,TJK,TJ,TJK,Tajikistan,ISO-3166-1,economy,False,matched_iso,SH.XPD.CHEX.PP.CD,"Current health expenditure per capita, PPP (current international $)",current international $,2,World Development Indicators,2021,333.820942957,2026-07-13,\N,2,333.820942956589,2026-07-29T18:04:35Z
wdi2-2019-2021-372906f371e0391f,TJK,TJ,TJK,Tajikistan,ISO-3166-1,economy,False,matched_iso,SP.POP.65UP.TO.ZS,Population ages 65 and above (% of total population),% of total population,2,World Development Indicators,2019,3.186260056,2026-07-13,\N,0,3.18626005591206,2026-07-29T18:04:35Z
wdi2-2019-2021-372906f371e0391f,TJK,TJ,TJK,Tajikistan,ISO-3166-1,economy,False,matched_iso,SP.POP.65UP.TO.ZS,Population ages 65 and above (% of total population),% of total population,2,World Development Indicators,2020,3.260066443,2026-07-13,\N,0,3.26006644264741,2026-07-29T18:04:35Z
wdi2-2019-2021-372906f371e0391f,TJK,TJ,TJK,Tajikistan,ISO-3166-1,economy,False,matched_iso,SP.POP.65UP.TO.ZS,Population ages 65 and above (% of total population),% of total population,2,World Development Indicators,2021,3.339811939,2026-07-13,\N,0,3.33981193867687,2026-07-29T18:04:35Z
wdi2-2019-2021-372906f371e0391f,TJK,TJ,TJK,Tajikistan,ISO-3166-1,economy,False,matched_iso,SP.POP.TOTL,"Population, total",people,2,World Development Indicators,2019,9529966,2026-07-13,\N,0,9529966,2026-07-29T18:04:35Z
wdi2-2019-2021-372906f371e0391f,TJK,TJ,TJK,Tajikistan,ISO-3166-1,economy,False,matched_iso,SP.POP.TOTL,"Population, total",people,2,World Development Indicators,2020,9749310,2026-07-13,\N,0,9749310,2026-07-29T18:04:35Z
wdi2-2019-2021-372906f371e0391f,TJK,TJ,TJK,Tajikistan,ISO-3166-1,economy,False,matched_iso,SP.POP.TOTL,"Population, total",people,2,World Development Indicators,2021,9966908,2026-07-13,\N,0,9966908,2026-07-29T18:04:35Z
wdi2-2019-2021-372906f371e0391f,TKM,TM,TKM,Turkmenistan,ISO-3166-1,economy,False,matched_iso,EN.POP.DNST,Population density (people per sq. km of land area),people per sq. km of land area,2,World Development Indicators,2019,14.478632988,2026-07-13,\N,0,14.4786329878918,2026-07-29T18:04:35Z
wdi2-2019-2021-372906f371e0391f,TKM,TM,TKM,Turkmenistan,ISO-3166-1,economy,False,matched_iso,EN.POP.DNST,Population density (people per sq. km of land area),people per sq. km of land area,2,World Development Indicators,2020,14.789249463,2026-07-13,\N,0,14.7892494626859,2026-07-29T18:04:35Z
wdi2-2019-2021-372906f371e0391f,TKM,TM,TKM,Turkmenistan,ISO-3166-1,economy,False,matched_iso,EN.POP.DNST,Population density (people per sq. km of land area),people per sq. km of land area,2,World Development Indicators,2021,15.091700892,2026-07-13,\N,0,15.0917008916222,2026-07-29T18:04:35Z
wdi2-2019-2021-372906f371e0391f,TKM,TM,TKM,Turkmenistan,ISO-3166-1,economy,False,matched_iso,NY.GDP.PCAP.KD,GDP per capita (constant 2015 US$),constant 2015 US$,2,World Development Indicators,2019,6719.323201577,2026-07-13,\N,1,6719.32320157703,2026-07-29T18:04:35Z
wdi2-2019-2021-372906f371e0391f,TKM,TM,TKM,Turkmenistan,ISO-3166-1,economy,False,matched_iso,NY.GDP.PCAP.KD,GDP per capita (constant 2015 US$),constant 2015 US$,2,World Development Indicators,2020,6964.38162887,2026-07-13,\N,1,6964.38162887016,2026-07-29T18:04:35Z
wdi2-2019-2021-372906f371e0391f,TKM,TM,TKM,Turkmenistan,ISO-3166-1,economy,False,matched_iso,NY.GDP.PCAP.KD,GDP per capita (constant 2015 US$),constant 2015 US$,2,World Development Indicators,2021,7244.613858803,2026-07-13,\N,1,7244.61385880341,2026-07-29T18:04:35Z
wdi2-2019-2021-372906f371e0391f,TKM,TM,TKM,Turkmenistan,ISO-3166-1,economy,False,matched_iso,SH.XPD.CHEX.PP.CD,"Current health expenditure per capita, PPP (current international $)",current international $,2,World Development Indicators,2019,1007.807142909,2026-07-13,\N,2,1007.80714290941,2026-07-29T18:04:35Z
wdi2-2019-2021-372906f371e0391f,TKM,TM,TKM,Turkmenistan,ISO-3166-1,economy,False,matched_iso,SH.XPD.CHEX.PP.CD,"Current health expenditure per capita, PPP (current international $)",current international $,2,World Development Indicators,2020,961.431753933,2026-07-13,\N,2,961.431753932872,2026-07-29T18:04:35Z
wdi2-2019-2021-372906f371e0391f,TKM,TM,TKM,Turkmenistan,ISO-3166-1,economy,False,matched_iso,SH.XPD.CHEX.PP.CD,"Current health expenditure per capita, PPP (current international $)",current international $,2,World Development Indicators,2021,1099.548157601,2026-07-13,\N,2,1099.54815760149,2026-07-29T18:04:35Z
wdi2-2019-2021-372906f371e0391f,TKM,TM,TKM,Turkmenistan,ISO-3166-1,economy,False,matched_iso,SP.POP.65UP.TO.ZS,Population ages 65 and above (% of total population),% of total population,2,World Development Indicators,2019,3.728756165,2026-07-13,\N,0,3.72875616489817,2026-07-29T18:04:35Z
wdi2-2019-2021-372906f371e0391f,TKM,TM,TKM,Turkmenistan,ISO-3166-1,economy,False,matched_iso,SP.POP.65UP.TO.ZS,Population ages 65 and above (% of total population),% of total population,2,World Development Indicators,2020,3.797724345,2026-07-13,\N,0,3.79772434528667,2026-07-29T18:04:35Z
wdi2-2019-2021-372906f371e0391f,TKM,TM,TKM,Turkmenistan,ISO-3166-1,economy,False,matched_iso,SP.POP.65UP.TO.ZS,Population ages 65 and above (% of total population),% of total population,2,World Development Indicators,2021,3.886630137,2026-07-13,\N,0,3.88663013699789,2026-07-29T18:04:35Z
wdi2-2019-2021-372906f371e0391f,TKM,TM,TKM,Turkmenistan,ISO-3166-1,economy,False,matched_iso,SP.POP.TOTL,"Population, total",people,2,World Development Indicators,2019,6803944,2026-07-13,\N,0,6803944,2026-07-29T18:04:35Z
wdi2-2019-2021-372906f371e0391f,TKM,TM,TKM,Turkmenistan,ISO-3166-1,economy,False,matched_iso,SP.POP.TOTL,"Population, total",people,2,World Development Indicators,2020,6949912,2026-07-13,\N,0,6949912,2026-07-29T18:04:35Z
wdi2-2019-2021-372906f371e0391f,TKM,TM,TKM,Turkmenistan,ISO-3166-1,economy,False,matched_iso,SP.POP.TOTL,"Population, total",people,2,World Development Indicators,2021,7092043,2026-07-13,\N,0,7092043,2026-07-29T18:04:35Z
wdi2-2019-2021-372906f371e0391f,TLS,TL,TLS,Timor-Leste,ISO-3166-1,economy,False,matched_iso,EN.POP.DNST,Population density (people per sq. km of land area),people per sq. km of land area,2,World Development Indicators,2019,87.487895091,2026-07-13,\N,0,87.4878950907868,2026-07-29T18:04:35Z
wdi2-2019-2021-372906f371e0391f,TLS,TL,TLS,Timor-Leste,ISO-3166-1,economy,False,matched_iso,EN.POP.DNST,Population density (people per sq. km of land area),people per sq. km of land area,2,World Development Indicators,2020,89.176395427,2026-07-13,\N,0,89.1763954270343,2026-07-29T18:04:35Z
wdi2-2019-2021-372906f371e0391f,TLS,TL,TLS,Timor-Leste,ISO-3166-1,economy,False,matched_iso,EN.POP.DNST,Population density (people per sq. km of land area),people per sq. km of land area,2,World Development Indicators,2021,90.796166779,2026-07-13,\N,0,90.7961667787492,2026-07-29T18:04:35Z
wdi2-2019-2021-372906f371e0391f,TLS,TL,TLS,Timor-Leste,ISO-3166-1,economy,False,matched_iso,NY.GDP.PCAP.KD,GDP per capita (constant 2015 US$),constant 2015 US$,2,World Development Indicators,2019,1507.247482944,2026-07-13,\N,1,1507.24748294374,2026-07-29T18:04:35Z
wdi2-2019-2021-372906f371e0391f,TLS,TL,TLS,Timor-Leste,ISO-3166-1,economy,False,matched_iso,NY.GDP.PCAP.KD,GDP per capita (constant 2015 US$),constant 2015 US$,2,World Development Indicators,2020,1947.839971389,2026-07-13,\N,1,1947.83997138866,2026-07-29T18:04:35Z
wdi2-2019-2021-372906f371e0391f,TLS,TL,TLS,Timor-Leste,ISO-3166-1,economy,False,matched_iso,NY.GDP.PCAP.KD,GDP per capita (constant 2015 US$),constant 2015 US$,2,World Development Indicators,2021,2015.820392462,2026-07-13,\N,1,2015.82039246197,2026-07-29T18:04:35Z
wdi2-2019-2021-372906f371e0391f,TLS,TL,TLS,Timor-Leste,ISO-3166-1,economy,False,matched_iso,SH.XPD.CHEX.PP.CD,"Current health expenditure per capita, PPP (current international $)",current international $,2,World Development Indicators,2019,227.525172616,2026-07-13,\N,2,227.525172616155,2026-07-29T18:04:35Z
wdi2-2019-2021-372906f371e0391f,TLS,TL,TLS,Timor-Leste,ISO-3166-1,economy,False,matched_iso,SH.XPD.CHEX.PP.CD,"Current health expenditure per capita, PPP (current international $)",current international $,2,World Development Indicators,2020,445.540408488,2026-07-13,\N,2,445.540408487834,2026-07-29T18:04:35Z
wdi2-2019-2021-372906f371e0391f,TLS,TL,TLS,Timor-Leste,ISO-3166-1,economy,False,matched_iso,SH.XPD.CHEX.PP.CD,"Current health expenditure per capita, PPP (current international $)",current international $,2,World Development Indicators,2021,335.742189324,2026-07-13,\N,2,335.742189324178,2026-07-29T18:04:35Z
wdi2-2019-2021-372906f371e0391f,TLS,TL,TLS,Timor-Leste,ISO-3166-1,economy,False,matched_iso,SP.POP.65UP.TO.ZS,Population ages 65 and above (% of total population),% of total population,2,World Development Indicators,2019,5.560152643,2026-07-13,\N,0,5.56015264294518,2026-07-29T18:04:35Z
wdi2-2019-2021-372906f371e0391f,TLS,TL,TLS,Timor-Leste,ISO-3166-1,economy,False,matched_iso,SP.POP.65UP.TO.ZS,Population ages 65 and above (% of total population),% of total population,2,World Development Indicators,2020,5.535636383,2026-07-13,\N,0,5.53563638269497,2026-07-29T18:04:35Z
wdi2-2019-2021-372906f371e0391f,TLS,TL,TLS,Timor-Leste,ISO-3166-1,economy,False,matched_iso,SP.POP.65UP.TO.ZS,Population ages 65 and above (% of total population),% of total population,2,World Development Indicators,2021,5.481178412,2026-07-13,\N,0,5.48117841243695,2026-07-29T18:04:35Z
wdi2-2019-2021-372906f371e0391f,TLS,TL,TLS,Timor-Leste,ISO-3166-1,economy,False,matched_iso,SP.POP.TOTL,"Population, total",people,2,World Development Indicators,2019,1300945,2026-07-13,\N,0,1300945,2026-07-29T18:04:35Z
wdi2-2019-2021-372906f371e0391f,TLS,TL,TLS,Timor-Leste,ISO-3166-1,economy,False,matched_iso,SP.POP.TOTL,"Population, total",people,2,World Development Indicators,2020,1326053,2026-07-13,\N,0,1326053,2026-07-29T18:04:35Z
wdi2-2019-2021-372906f371e0391f,TLS,TL,TLS,Timor-Leste,ISO-3166-1,economy,False,matched_iso,SP.POP.TOTL,"Population, total",people,2,World Development Indicators,2021,1350139,2026-07-13,\N,0,1350139,2026-07-29T18:04:35Z
wdi2-2019-2021-372906f371e0391f,TON,TO,TON,Tonga,ISO-3166-1,economy,False,matched_iso,EN.POP.DNST,Population density (people per sq. km of land area),people per sq. km of land area,2,World Development Indicators,2019,146.7625,2026-07-13,\N,0,146.7625,2026-07-29T18:04:35Z
wdi2-2019-2021-372906f371e0391f,TON,TO,TON,Tonga,ISO-3166-1,economy,False,matched_iso,EN.POP.DNST,Population density (people per sq. km of land area),people per sq. km of land area,2,World Development Indicators,2020,146.811111111,2026-07-13,\N,0,146.811111111111,2026-07-29T18:04:35Z
wdi2-2019-2021-372906f371e0391f,TON,TO,TON,Tonga,ISO-3166-1,economy,False,matched_iso,EN.POP.DNST,Population density (people per sq. km of land area),people per sq. km of land area,2,World Development Indicators,2021,146.513888889,2026-07-13,\N,0,146.513888888889,2026-07-29T18:04:35Z
wdi2-2019-2021-372906f371e0391f,TON,TO,TON,Tonga,ISO-3166-1,economy,False,matched_iso,NY.GDP.PCAP.KD,GDP per capita (constant 2015 US$),constant 2015 US$,2,World Development Indicators,2019,4566.075087007,2026-07-13,\N,1,4566.07508700721,2026-07-29T18:04:35Z
wdi2-2019-2021-372906f371e0391f,TON,TO,TON,Tonga,ISO-3166-1,economy,False,matched_iso,NY.GDP.PCAP.KD,GDP per capita (constant 2015 US$),constant 2015 US$,2,World Development Indicators,2020,4647.007752916,2026-07-13,\N,1,4647.0077529158,2026-07-29T18:04:35Z
wdi2-2019-2021-372906f371e0391f,TON,TO,TON,Tonga,ISO-3166-1,economy,False,matched_iso,NY.GDP.PCAP.KD,GDP per capita (constant 2015 US$),constant 2015 US$,2,World Development Indicators,2021,4612.900869133,2026-07-13,\N,1,4612.90086913298,2026-07-29T18:04:35Z
wdi2-2019-2021-372906f371e0391f,TON,TO,TON,Tonga,ISO-3166-1,economy,False,matched_iso,SH.XPD.CHEX.PP.CD,"Current health expenditure per capita, PPP (current international $)",current international $,2,World Development Indicators,2019,330.57830414,2026-07-13,\N,2,330.578304140424,2026-07-29T18:04:35Z
wdi2-2019-2021-372906f371e0391f,TON,TO,TON,Tonga,ISO-3166-1,economy,False,matched_iso,SH.XPD.CHEX.PP.CD,"Current health expenditure per capita, PPP (current international $)",current international $,2,World Development Indicators,2020,329.743568937,2026-07-13,\N,2,329.743568937253,2026-07-29T18:04:35Z
wdi2-2019-2021-372906f371e0391f,TON,TO,TON,Tonga,ISO-3166-1,economy,False,matched_iso,SH.XPD.CHEX.PP.CD,"Current health expenditure per capita, PPP (current international $)",current international $,2,World Development Indicators,2021,440.363493409,2026-07-13,\N,2,440.363493409445,2026-07-29T18:04:35Z
wdi2-2019-2021-372906f371e0391f,TON,TO,TON,Tonga,ISO-3166-1,economy,False,matched_iso,SP.POP.65UP.TO.ZS,Population ages 65 and above (% of total population),% of total population,2,World Development Indicators,2019,6.23547949,2026-07-13,\N,0,6.23547949029758,2026-07-29T18:04:35Z
wdi2-2019-2021-372906f371e0391f,TON,TO,TON,Tonga,ISO-3166-1,economy,False,matched_iso,SP.POP.65UP.TO.ZS,Population ages 65 and above (% of total population),% of total population,2,World Development Indicators,2020,6.335173386,2026-07-13,\N,0,6.3351733859333,2026-07-29T18:04:35Z
wdi2-2019-2021-372906f371e0391f,TON,TO,TON,Tonga,ISO-3166-1,economy,False,matched_iso,SP.POP.65UP.TO.ZS,Population ages 65 and above (% of total population),% of total population,2,World Development Indicators,2021,6.421966167,2026-07-13,\N,0,6.42196616724887,2026-07-29T18:04:35Z
wdi2-2019-2021-372906f371e0391f,TON,TO,TON,Tonga,ISO-3166-1,economy,False,matched_iso,SP.POP.TOTL,"Population, total",people,2,World Development Indicators,2019,105669,2026-07-13,\N,0,105669,2026-07-29T18:04:35Z
wdi2-2019-2021-372906f371e0391f,TON,TO,TON,Tonga,ISO-3166-1,economy,False,matched_iso,SP.POP.TOTL,"Population, total",people,2,World Development Indicators,2020,105704,2026-07-13,\N,0,105704,2026-07-29T18:04:35Z
wdi2-2019-2021-372906f371e0391f,TON,TO,TON,Tonga,ISO-3166-1,economy,False,matched_iso,SP.POP.TOTL,"Population, total",people,2,World Development Indicators,2021,105490,2026-07-13,\N,0,105490,2026-07-29T18:04:35Z
wdi2-2019-2021-372906f371e0391f,TTO,TT,TTO,Trinidad and Tobago,ISO-3166-1,economy,False,matched_iso,EN.POP.DNST,Population density (people per sq. km of land area),people per sq. km of land area,2,World Development Indicators,2019,265.884015595,2026-07-13,\N,0,265.884015594542,2026-07-29T18:04:35Z
wdi2-2019-2021-372906f371e0391f,TTO,TT,TTO,Trinidad and Tobago,ISO-3166-1,economy,False,matched_iso,EN.POP.DNST,Population density (people per sq. km of land area),people per sq. km of land area,2,World Development Indicators,2020,266.418128655,2026-07-13,\N,0,266.418128654971,2026-07-29T18:04:35Z
wdi2-2019-2021-372906f371e0391f,TTO,TT,TTO,Trinidad and Tobago,ISO-3166-1,economy,False,matched_iso,EN.POP.DNST,Population density (people per sq. km of land area),people per sq. km of land area,2,World Development Indicators,2021,266.580506823,2026-07-13,\N,0,266.580506822612,2026-07-29T18:04:35Z
wdi2-2019-2021-372906f371e0391f,TTO,TT,TTO,Trinidad and Tobago,ISO-3166-1,economy,False,matched_iso,NY.GDP.PCAP.KD,GDP per capita (constant 2015 US$),constant 2015 US$,2,World Development Indicators,2019,17225.361633712,2026-07-13,\N,1,17225.361633712,2026-07-29T18:04:35Z
wdi2-2019-2021-372906f371e0391f,TTO,TT,TTO,Trinidad and Tobago,ISO-3166-1,economy,False,matched_iso,NY.GDP.PCAP.KD,GDP per capita (constant 2015 US$),constant 2015 US$,2,World Development Indicators,2020,15679.961148682,2026-07-13,\N,1,15679.9611486825,2026-07-29T18:04:35Z
wdi2-2019-2021-372906f371e0391f,TTO,TT,TTO,Trinidad and Tobago,ISO-3166-1,economy,False,matched_iso,NY.GDP.PCAP.KD,GDP per capita (constant 2015 US$),constant 2015 US$,2,World Development Indicators,2021,15558.094053683,2026-07-13,\N,1,15558.0940536829,2026-07-29T18:04:35Z
wdi2-2019-2021-372906f371e0391f,TTO,TT,TTO,Trinidad and Tobago,ISO-3166-1,economy,False,matched_iso,SH.XPD.CHEX.PP.CD,"Current health expenditure per capita, PPP (current international $)",current international $,2,World Development Indicators,2019,1868.714820851,2026-07-13,\N,2,1868.7148208513,2026-07-29T18:04:35Z
wdi2-2019-2021-372906f371e0391f,TTO,TT,TTO,Trinidad and Tobago,ISO-3166-1,economy,False,matched_iso,SH.XPD.CHEX.PP.CD,"Current health expenditure per capita, PPP (current international $)",current international $,2,World Development Indicators,2020,1853.480687386,2026-07-13,\N,2,1853.48068738561,2026-07-29T18:04:35Z
wdi2-2019-2021-372906f371e0391f,TTO,TT,TTO,Trinidad and Tobago,ISO-3166-1,economy,False,matched_iso,SH.XPD.CHEX.PP.CD,"Current health expenditure per capita, PPP (current international $)",current international $,2,World Development Indicators,2021,2015.105488038,2026-07-13,\N,2,2015.10548803805,2026-07-29T18:04:35Z
wdi2-2019-2021-372906f371e0391f,TTO,TT,TTO,Trinidad and Tobago,ISO-3166-1,economy,False,matched_iso,SP.POP.65UP.TO.ZS,Population ages 65 and above (% of total population),% of total population,2,World Development Indicators,2019,9.845955334,2026-07-13,\N,0,9.84595533418547,2026-07-29T18:04:35Z
wdi2-2019-2021-372906f371e0391f,TTO,TT,TTO,Trinidad and Tobago,ISO-3166-1,economy,False,matched_iso,SP.POP.65UP.TO.ZS,Population ages 65 and above (% of total population),% of total population,2,World Development Indicators,2020,10.444162432,2026-07-13,\N,0,10.4441624322639,2026-07-29T18:04:35Z
wdi2-2019-2021-372906f371e0391f,TTO,TT,TTO,Trinidad and Tobago,ISO-3166-1,economy,False,matched_iso,SP.POP.65UP.TO.ZS,Population ages 65 and above (% of total population),% of total population,2,World Development Indicators,2021,10.915513194,2026-07-13,\N,0,10.9155131938691,2026-07-29T18:04:35Z
wdi2-2019-2021-372906f371e0391f,TTO,TT,TTO,Trinidad and Tobago,ISO-3166-1,economy,False,matched_iso,SP.POP.TOTL,"Population, total",people,2,World Development Indicators,2019,1363985,2026-07-13,\N,0,1363985,2026-07-29T18:04:35Z
wdi2-2019-2021-372906f371e0391f,TTO,TT,TTO,Trinidad and Tobago,ISO-3166-1,economy,False,matched_iso,SP.POP.TOTL,"Population, total",people,2,World Development Indicators,2020,1366725,2026-07-13,\N,0,1366725,2026-07-29T18:04:35Z
wdi2-2019-2021-372906f371e0391f,TTO,TT,TTO,Trinidad and Tobago,ISO-3166-1,economy,False,matched_iso,SP.POP.TOTL,"Population, total",people,2,World Development Indicators,2021,1367558,2026-07-13,\N,0,1367558,2026-07-29T18:04:35Z
wdi2-2019-2021-372906f371e0391f,TUN,TN,TUN,Tunisia,ISO-3166-1,economy,False,matched_iso,EN.POP.DNST,Population density (people per sq. km of land area),people per sq. km of land area,2,World Development Indicators,2019,76.435897271,2026-07-13,\N,0,76.4358972708548,2026-07-29T18:04:35Z
wdi2-2019-2021-372906f371e0391f,TUN,TN,TUN,Tunisia,ISO-3166-1,economy,False,matched_iso,EN.POP.DNST,Population density (people per sq. km of land area),people per sq. km of land area,2,World Development Indicators,2020,77.072972451,2026-07-13,\N,0,77.0729724510814,2026-07-29T18:04:35Z
wdi2-2019-2021-372906f371e0391f,TUN,TN,TUN,Tunisia,ISO-3166-1,economy,False,matched_iso,EN.POP.DNST,Population density (people per sq. km of land area),people per sq. km of land area,2,World Development Indicators,2021,77.552922245,2026-07-13,\N,0,77.5529222451081,2026-07-29T18:04:35Z
wdi2-2019-2021-372906f371e0391f,TUN,TN,TUN,Tunisia,ISO-3166-1,economy,False,matched_iso,NY.GDP.PCAP.KD,GDP per capita (constant 2015 US$),constant 2015 US$,2,World Development Indicators,2019,4153.279786155,2026-07-13,\N,1,4153.27978615515,2026-07-29T18:04:35Z
wdi2-2019-2021-372906f371e0391f,TUN,TN,TUN,Tunisia,ISO-3166-1,economy,False,matched_iso,NY.GDP.PCAP.KD,GDP per capita (constant 2015 US$),constant 2015 US$,2,World Development Indicators,2020,3749.268414529,2026-07-13,\N,1,3749.26841452928,2026-07-29T18:04:35Z
wdi2-2019-2021-372906f371e0391f,TUN,TN,TUN,Tunisia,ISO-3166-1,economy,False,matched_iso,NY.GDP.PCAP.KD,GDP per capita (constant 2015 US$),constant 2015 US$,2,World Development Indicators,2021,3902.533229902,2026-07-13,\N,1,3902.53322990199,2026-07-29T18:04:35Z
wdi2-2019-2021-372906f371e0391f,TUN,TN,TUN,Tunisia,ISO-3166-1,economy,False,matched_iso,SH.XPD.CHEX.PP.CD,"Current health expenditure per capita, PPP (current international $)",current international $,2,World Development Indicators,2019,752.760828734,2026-07-13,\N,2,752.760828733922,2026-07-29T18:04:35Z
wdi2-2019-2021-372906f371e0391f,TUN,TN,TUN,Tunisia,ISO-3166-1,economy,False,matched_iso,SH.XPD.CHEX.PP.CD,"Current health expenditure per capita, PPP (current international $)",current international $,2,World Development Indicators,2020,840.967205945,2026-07-13,\N,2,840.967205945423,2026-07-29T18:04:35Z
wdi2-2019-2021-372906f371e0391f,TUN,TN,TUN,Tunisia,ISO-3166-1,economy,False,matched_iso,SH.XPD.CHEX.PP.CD,"Current health expenditure per capita, PPP (current international $)",current international $,2,World Development Indicators,2021,908.581945455,2026-07-13,\N,2,908.581945455177,2026-07-29T18:04:35Z
wdi2-2019-2021-372906f371e0391f,TUN,TN,TUN,Tunisia,ISO-3166-1,economy,False,matched_iso,SP.POP.65UP.TO.ZS,Population ages 65 and above (% of total population),% of total population,2,World Development Indicators,2019,7.945743696,2026-07-13,\N,0,7.94574369640089,2026-07-29T18:04:35Z
wdi2-2019-2021-372906f371e0391f,TUN,TN,TUN,Tunisia,ISO-3166-1,economy,False,matched_iso,SP.POP.65UP.TO.ZS,Population ages 65 and above (% of total population),% of total population,2,World Development Indicators,2020,8.281775341,2026-07-13,\N,0,8.28177534147365,2026-07-29T18:04:35Z
wdi2-2019-2021-372906f371e0391f,TUN,TN,TUN,Tunisia,ISO-3166-1,economy,False,matched_iso,SP.POP.65UP.TO.ZS,Population ages 65 and above (% of total population),% of total population,2,World Development Indicators,2021,8.557887012,2026-07-13,\N,0,8.55788701156501,2026-07-29T18:04:35Z
wdi2-2019-2021-372906f371e0391f,TUN,TN,TUN,Tunisia,ISO-3166-1,economy,False,matched_iso,SP.POP.TOTL,"Population, total",people,2,World Development Indicators,2019,11875081,2026-07-13,\N,0,11875081,2026-07-29T18:04:35Z
wdi2-2019-2021-372906f371e0391f,TUN,TN,TUN,Tunisia,ISO-3166-1,economy,False,matched_iso,SP.POP.TOTL,"Population, total",people,2,World Development Indicators,2020,11974057,2026-07-13,\N,0,11974057,2026-07-29T18:04:35Z
wdi2-2019-2021-372906f371e0391f,TUN,TN,TUN,Tunisia,ISO-3166-1,economy,False,matched_iso,SP.POP.TOTL,"Population, total",people,2,World Development Indicators,2021,12048622,2026-07-13,\N,0,12048622,2026-07-29T18:04:35Z
wdi2-2019-2021-372906f371e0391f,TUR,TR,TUR,Turkiye,ISO-3166-1,economy,False,matched_iso,EN.POP.DNST,Population density (people per sq. km of land area),people per sq. km of land area,2,World Development Indicators,2019,107.297584554,2026-07-13,\N,0,107.297584553617,2026-07-29T18:04:35Z
wdi2-2019-2021-372906f371e0391f,TUR,TR,TUR,Turkiye,ISO-3166-1,economy,False,matched_iso,EN.POP.DNST,Population density (people per sq. km of land area),people per sq. km of land area,2,World Development Indicators,2020,108.34385354,2026-07-13,\N,0,108.343853540013,2026-07-29T18:04:35Z
wdi2-2019-2021-372906f371e0391f,TUR,TR,TUR,Turkiye,ISO-3166-1,economy,False,matched_iso,EN.POP.DNST,Population density (people per sq. km of land area),people per sq. km of land area,2,World Development Indicators,2021,109.334768655,2026-07-13,\N,0,109.334768655068,2026-07-29T18:04:35Z
wdi2-2019-2021-372906f371e0391f,TUR,TR,TUR,Turkiye,ISO-3166-1,economy,False,matched_iso,NY.GDP.PCAP.KD,GDP per capita (constant 2015 US$),constant 2015 US$,2,World Development Indicators,2019,12238.295022013,2026-07-13,\N,1,12238.2950220128,2026-07-29T18:04:35Z
wdi2-2019-2021-372906f371e0391f,TUR,TR,TUR,Turkiye,ISO-3166-1,economy,False,matched_iso,NY.GDP.PCAP.KD,GDP per capita (constant 2015 US$),constant 2015 US$,2,World Development Indicators,2020,12338.643833135,2026-07-13,\N,1,12338.643833135,2026-07-29T18:04:35Z
wdi2-2019-2021-372906f371e0391f,TUR,TR,TUR,Turkiye,ISO-3166-1,economy,False,matched_iso,NY.GDP.PCAP.KD,GDP per capita (constant 2015 US$),constant 2015 US$,2,World Development Indicators,2021,13670.938029516,2026-07-13,\N,1,13670.938029516,2026-07-29T18:04:35Z
wdi2-2019-2021-372906f371e0391f,TUR,TR,TUR,Turkiye,ISO-3166-1,economy,False,matched_iso,SH.XPD.CHEX.PP.CD,"Current health expenditure per capita, PPP (current international $)",current international $,2,World Development Indicators,2019,1200.392488682,2026-07-13,\N,2,1200.39248868231,2026-07-29T18:04:35Z
wdi2-2019-2021-372906f371e0391f,TUR,TR,TUR,Turkiye,ISO-3166-1,economy,False,matched_iso,SH.XPD.CHEX.PP.CD,"Current health expenditure per capita, PPP (current international $)",current international $,2,World Development Indicators,2020,1282.362572992,2026-07-13,\N,2,1282.36257299233,2026-07-29T18:04:35Z
wdi2-2019-2021-372906f371e0391f,TUR,TR,TUR,Turkiye,ISO-3166-1,economy,False,matched_iso,SH.XPD.CHEX.PP.CD,"Current health expenditure per capita, PPP (current international $)",current international $,2,World Development Indicators,2021,1387.369988823,2026-07-13,\N,2,1387.36998882255,2026-07-29T18:04:35Z
wdi2-2019-2021-372906f371e0391f,TUR,TR,TUR,Turkiye,ISO-3166-1,economy,False,matched_iso,SP.POP.65UP.TO.ZS,Population ages 65 and above (% of total population),% of total population,2,World Development Indicators,2019,8.522632271,2026-07-13,\N,0,8.52263227141434,2026-07-29T18:04:35Z
wdi2-2019-2021-372906f371e0391f,TUR,TR,TUR,Turkiye,ISO-3166-1,economy,False,matched_iso,SP.POP.65UP.TO.ZS,Population ages 65 and above (% of total population),% of total population,2,World Development Indicators,2020,8.963864417,2026-07-13,\N,0,8.96386441657962,2026-07-29T18:04:35Z
wdi2-2019-2021-372906f371e0391f,TUR,TR,TUR,Turkiye,ISO-3166-1,economy,False,matched_iso,SP.POP.65UP.TO.ZS,Population ages 65 and above (% of total population),% of total population,2,World Development Indicators,2021,9.384959859,2026-07-13,\N,0,9.38495985854274,2026-07-29T18:04:35Z
wdi2-2019-2021-372906f371e0391f,TUR,TR,TUR,Turkiye,ISO-3166-1,economy,False,matched_iso,SP.POP.TOTL,"Population, total",people,2,World Development Indicators,2019,82579440,2026-07-13,\N,0,82579440,2026-07-29T18:04:35Z
wdi2-2019-2021-372906f371e0391f,TUR,TR,TUR,Turkiye,ISO-3166-1,economy,False,matched_iso,SP.POP.TOTL,"Population, total",people,2,World Development Indicators,2020,83384680,2026-07-13,\N,0,83384680,2026-07-29T18:04:35Z
wdi2-2019-2021-372906f371e0391f,TUR,TR,TUR,Turkiye,ISO-3166-1,economy,False,matched_iso,SP.POP.TOTL,"Population, total",people,2,World Development Indicators,2021,84147318,2026-07-13,\N,0,84147318,2026-07-29T18:04:35Z
wdi2-2019-2021-372906f371e0391f,TUV,TV,TUV,Tuvalu,ISO-3166-1,economy,False,matched_iso,EN.POP.DNST,Population density (people per sq. km of land area),people per sq. km of land area,2,World Development Indicators,2019,352.7,2026-07-13,\N,0,352.7,2026-07-29T18:04:35Z
wdi2-2019-2021-372906f371e0391f,TUV,TV,TUV,Tuvalu,ISO-3166-1,economy,False,matched_iso,EN.POP.DNST,Population density (people per sq. km of land area),people per sq. km of land area,2,World Development Indicators,2020,346.633333333,2026-07-13,\N,0,346.633333333333,2026-07-29T18:04:35Z
wdi2-2019-2021-372906f371e0391f,TUV,TV,TUV,Tuvalu,ISO-3166-1,economy,False,matched_iso,EN.POP.DNST,Population density (people per sq. km of land area),people per sq. km of land area,2,World Development Indicators,2021,339.8,2026-07-13,\N,0,339.8,2026-07-29T18:04:35Z
wdi2-2019-2021-372906f371e0391f,TUV,TV,TUV,Tuvalu,ISO-3166-1,economy,False,matched_iso,NY.GDP.PCAP.KD,GDP per capita (constant 2015 US$),constant 2015 US$,2,World Development Indicators,2019,4323.097031969,2026-07-13,\N,1,4323.09703196938,2026-07-29T18:04:35Z
wdi2-2019-2021-372906f371e0391f,TUV,TV,TUV,Tuvalu,ISO-3166-1,economy,False,matched_iso,NY.GDP.PCAP.KD,GDP per capita (constant 2015 US$),constant 2015 US$,2,World Development Indicators,2020,4265.462792893,2026-07-13,\N,1,4265.46279289261,2026-07-29T18:04:35Z
wdi2-2019-2021-372906f371e0391f,TUV,TV,TUV,Tuvalu,ISO-3166-1,economy,False,matched_iso,NY.GDP.PCAP.KD,GDP per capita (constant 2015 US$),constant 2015 US$,2,World Development Indicators,2021,4351.240688963,2026-07-13,\N,1,4351.24068896314,2026-07-29T18:04:35Z
wdi2-2019-2021-372906f371e0391f,TUV,TV,TUV,Tuvalu,ISO-3166-1,economy,False,matched_iso,SH.XPD.CHEX.PP.CD,"Current health expenditure per capita, PPP (current international $)",current international $,2,World Development Indicators,2019,1159.879219616,2026-07-13,\N,2,1159.87921961577,2026-07-29T18:04:35Z
wdi2-2019-2021-372906f371e0391f,TUV,TV,TUV,Tuvalu,ISO-3166-1,economy,False,matched_iso,SH.XPD.CHEX.PP.CD,"Current health expenditure per capita, PPP (current international $)",current international $,2,World Development Indicators,2020,926.012419041,2026-07-13,\N,2,926.012419041492,2026-07-29T18:04:35Z
wdi2-2019-2021-372906f371e0391f,TUV,TV,TUV,Tuvalu,ISO-3166-1,economy,False,matched_iso,SH.XPD.CHEX.PP.CD,"Current health expenditure per capita, PPP (current international $)",current international $,2,World Development Indicators,2021,1017.458216966,2026-07-13,\N,2,1017.45821696582,2026-07-29T18:04:35Z
wdi2-2019-2021-372906f371e0391f,TUV,TV,TUV,Tuvalu,ISO-3166-1,economy,False,matched_iso,SP.POP.65UP.TO.ZS,Population ages 65 and above (% of total population),% of total population,2,World Development Indicators,2019,5.618561573,2026-07-13,\N,0,5.61856157263019,2026-07-29T18:04:35Z
wdi2-2019-2021-372906f371e0391f,TUV,TV,TUV,Tuvalu,ISO-3166-1,economy,False,matched_iso,SP.POP.65UP.TO.ZS,Population ages 65 and above (% of total population),% of total population,2,World Development Indicators,2020,5.726236838,2026-07-13,\N,0,5.72623683830953,2026-07-29T18:04:35Z
wdi2-2019-2021-372906f371e0391f,TUV,TV,TUV,Tuvalu,ISO-3166-1,economy,False,matched_iso,SP.POP.65UP.TO.ZS,Population ages 65 and above (% of total population),% of total population,2,World Development Indicators,2021,5.758571639,2026-07-13,\N,0,5.75857163878942,2026-07-29T18:04:35Z
wdi2-2019-2021-372906f371e0391f,TUV,TV,TUV,Tuvalu,ISO-3166-1,economy,False,matched_iso,SP.POP.TOTL,"Population, total",people,2,World Development Indicators,2019,10581,2026-07-13,\N,0,10581,2026-07-29T18:04:35Z
wdi2-2019-2021-372906f371e0391f,TUV,TV,TUV,Tuvalu,ISO-3166-1,economy,False,matched_iso,SP.POP.TOTL,"Population, total",people,2,World Development Indicators,2020,10399,2026-07-13,\N,0,10399,2026-07-29T18:04:35Z
wdi2-2019-2021-372906f371e0391f,TUV,TV,TUV,Tuvalu,ISO-3166-1,economy,False,matched_iso,SP.POP.TOTL,"Population, total",people,2,World Development Indicators,2021,10194,2026-07-13,\N,0,10194,2026-07-29T18:04:35Z
wdi2-2019-2021-372906f371e0391f,TZA,TZ,TZA,Tanzania,ISO-3166-1,economy,False,matched_iso,EN.POP.DNST,Population density (people per sq. km of land area),people per sq. km of land area,2,World Development Indicators,2019,66.803895913,2026-07-13,\N,0,66.8038959132987,2026-07-29T18:04:35Z
wdi2-2019-2021-372906f371e0391f,TZA,TZ,TZA,Tanzania,ISO-3166-1,economy,False,matched_iso,EN.POP.DNST,Population density (people per sq. km of land area),people per sq. km of land area,2,World Development Indicators,2020,68.833594491,2026-07-13,\N,0,68.8335944908557,2026-07-29T18:04:35Z
wdi2-2019-2021-372906f371e0391f,TZA,TZ,TZA,Tanzania,ISO-3166-1,economy,False,matched_iso,EN.POP.DNST,Population density (people per sq. km of land area),people per sq. km of land area,2,World Development Indicators,2021,70.930697674,2026-07-13,\N,0,70.9306976744186,2026-07-29T18:04:35Z
wdi2-2019-2021-372906f371e0391f,TZA,TZ,TZA,Tanzania,ISO-3166-1,economy,False,matched_iso,NY.GDP.PCAP.KD,GDP per capita (constant 2015 US$),constant 2015 US$,2,World Development Indicators,2019,1051.766601562,2026-07-13,\N,1,1051.7666015625,2026-07-29T18:04:35Z
wdi2-2019-2021-372906f371e0391f,TZA,TZ,TZA,Tanzania,ISO-3166-1,economy,False,matched_iso,NY.GDP.PCAP.KD,GDP per capita (constant 2015 US$),constant 2015 US$,2,World Development Indicators,2020,1041.259643555,2026-07-13,\N,1,1041.25964355469,2026-07-29T18:04:35Z
wdi2-2019-2021-372906f371e0391f,TZA,TZ,TZA,Tanzania,ISO-3166-1,economy,False,matched_iso,NY.GDP.PCAP.KD,GDP per capita (constant 2015 US$),constant 2015 US$,2,World Development Indicators,2021,1054.317260742,2026-07-13,\N,1,1054.31726074219,2026-07-29T18:04:35Z
wdi2-2019-2021-372906f371e0391f,TZA,TZ,TZA,Tanzania,ISO-3166-1,economy,False,matched_iso,SH.XPD.CHEX.PP.CD,"Current health expenditure per capita, PPP (current international $)",current international $,2,World Development Indicators,2019,112.110169779,2026-07-13,\N,2,112.110169779351,2026-07-29T18:04:35Z
wdi2-2019-2021-372906f371e0391f,TZA,TZ,TZA,Tanzania,ISO-3166-1,economy,False,matched_iso,SH.XPD.CHEX.PP.CD,"Current health expenditure per capita, PPP (current international $)",current international $,2,World Development Indicators,2020,93.360441538,2026-07-13,\N,2,93.3604415379861,2026-07-29T18:04:35Z
wdi2-2019-2021-372906f371e0391f,TZA,TZ,TZA,Tanzania,ISO-3166-1,economy,False,matched_iso,SH.XPD.CHEX.PP.CD,"Current health expenditure per capita, PPP (current international $)",current international $,2,World Development Indicators,2021,113.03227665,2026-07-13,\N,2,113.032276650233,2026-07-29T18:04:35Z
wdi2-2019-2021-372906f371e0391f,TZA,TZ,TZA,Tanzania,ISO-3166-1,economy,False,matched_iso,SP.POP.65UP.TO.ZS,Population ages 65 and above (% of total population),% of total population,2,World Development Indicators,2019,3.002340976,2026-07-13,\N,0,3.00234097600619,2026-07-29T18:04:35Z
wdi2-2019-2021-372906f371e0391f,TZA,TZ,TZA,Tanzania,ISO-3166-1,economy,False,matched_iso,SP.POP.65UP.TO.ZS,Population ages 65 and above (% of total population),% of total population,2,World Development Indicators,2020,3.018990559,2026-07-13,\N,0,3.01899055886357,2026-07-29T18:04:35Z
wdi2-2019-2021-372906f371e0391f,TZA,TZ,TZA,Tanzania,ISO-3166-1,economy,False,matched_iso,SP.POP.65UP.TO.ZS,Population ages 65 and above (% of total population),% of total population,2,World Development Indicators,2021,3.027789313,2026-07-13,\N,0,3.02778931323895,2026-07-29T18:04:35Z
wdi2-2019-2021-372906f371e0391f,TZA,TZ,TZA,Tanzania,ISO-3166-1,economy,False,matched_iso,SP.POP.TOTL,"Population, total",people,2,World Development Indicators,2019,59174891,2026-07-13,\N,0,59174891,2026-07-29T18:04:35Z
wdi2-2019-2021-372906f371e0391f,TZA,TZ,TZA,Tanzania,ISO-3166-1,economy,False,matched_iso,SP.POP.TOTL,"Population, total",people,2,World Development Indicators,2020,60972798,2026-07-13,\N,0,60972798,2026-07-29T18:04:35Z
wdi2-2019-2021-372906f371e0391f,TZA,TZ,TZA,Tanzania,ISO-3166-1,economy,False,matched_iso,SP.POP.TOTL,"Population, total",people,2,World Development Indicators,2021,62830412,2026-07-13,\N,0,62830412,2026-07-29T18:04:35Z
wdi2-2019-2021-372906f371e0391f,UGA,UG,UGA,Uganda,ISO-3166-1,economy,False,matched_iso,EN.POP.DNST,Population density (people per sq. km of land area),people per sq. km of land area,2,World Development Indicators,2019,214.440639338,2026-07-13,\N,0,214.440639337722,2026-07-29T18:04:35Z
wdi2-2019-2021-372906f371e0391f,UGA,UG,UGA,Uganda,ISO-3166-1,economy,False,matched_iso,EN.POP.DNST,Population density (people per sq. km of land area),people per sq. km of land area,2,World Development Indicators,2020,221.709315779,2026-07-13,\N,0,221.709315778975,2026-07-29T18:04:35Z
wdi2-2019-2021-372906f371e0391f,UGA,UG,UGA,Uganda,ISO-3166-1,economy,False,matched_iso,EN.POP.DNST,Population density (people per sq. km of land area),people per sq. km of land area,2,World Development Indicators,2021,228.959355675,2026-07-13,\N,0,228.959355675244,2026-07-29T18:04:35Z
wdi2-2019-2021-372906f371e0391f,UGA,UG,UGA,Uganda,ISO-3166-1,economy,False,matched_iso,NY.GDP.PCAP.KD,GDP per capita (constant 2015 US$),constant 2015 US$,2,World Development Indicators,2019,920.939101516,2026-07-13,\N,1,920.939101515671,2026-07-29T18:04:35Z
wdi2-2019-2021-372906f371e0391f,UGA,UG,UGA,Uganda,ISO-3166-1,economy,False,matched_iso,NY.GDP.PCAP.KD,GDP per capita (constant 2015 US$),constant 2015 US$,2,World Development Indicators,2020,917.035031764,2026-07-13,\N,1,917.0350317644,2026-07-29T18:04:35Z
wdi2-2019-2021-372906f371e0391f,UGA,UG,UGA,Uganda,ISO-3166-1,economy,False,matched_iso,NY.GDP.PCAP.KD,GDP per capita (constant 2015 US$),constant 2015 US$,2,World Development Indicators,2021,919.401675217,2026-07-13,\N,1,919.401675217265,2026-07-29T18:04:35Z
wdi2-2019-2021-372906f371e0391f,UGA,UG,UGA,Uganda,ISO-3166-1,economy,False,matched_iso,SH.XPD.CHEX.PP.CD,"Current health expenditure per capita, PPP (current international $)",current international $,2,World Development Indicators,2019,98.22128675,2026-07-13,\N,2,98.2212867499935,2026-07-29T18:04:35Z
wdi2-2019-2021-372906f371e0391f,UGA,UG,UGA,Uganda,ISO-3166-1,economy,False,matched_iso,SH.XPD.CHEX.PP.CD,"Current health expenditure per capita, PPP (current international $)",current international $,2,World Development Indicators,2020,134.046371383,2026-07-13,\N,2,134.046371383354,2026-07-29T18:04:35Z
wdi2-2019-2021-372906f371e0391f,UGA,UG,UGA,Uganda,ISO-3166-1,economy,False,matched_iso,SH.XPD.CHEX.PP.CD,"Current health expenditure per capita, PPP (current international $)",current international $,2,World Development Indicators,2021,152.153101945,2026-07-13,\N,2,152.153101945059,2026-07-29T18:04:35Z
wdi2-2019-2021-372906f371e0391f,UGA,UG,UGA,Uganda,ISO-3166-1,economy,False,matched_iso,SP.POP.65UP.TO.ZS,Population ages 65 and above (% of total population),% of total population,2,World Development Indicators,2019,2.036402051,2026-07-13,\N,0,2.0364020510638,2026-07-29T18:04:35Z
wdi2-2019-2021-372906f371e0391f,UGA,UG,UGA,Uganda,ISO-3166-1,economy,False,matched_iso,SP.POP.65UP.TO.ZS,Population ages 65 and above (% of total population),% of total population,2,World Development Indicators,2020,2.06185945,2026-07-13,\N,0,2.06185944995015,2026-07-29T18:04:35Z
wdi2-2019-2021-372906f371e0391f,UGA,UG,UGA,Uganda,ISO-3166-1,economy,False,matched_iso,SP.POP.65UP.TO.ZS,Population ages 65 and above (% of total population),% of total population,2,World Development Indicators,2021,2.085775653,2026-07-13,\N,0,2.08577565298721,2026-07-29T18:04:35Z
wdi2-2019-2021-372906f371e0391f,UGA,UG,UGA,Uganda,ISO-3166-1,economy,False,matched_iso,SP.POP.TOTL,"Population, total",people,2,World Development Indicators,2019,42999637,2026-07-13,\N,0,42999637,2026-07-29T18:04:35Z
wdi2-2019-2021-372906f371e0391f,UGA,UG,UGA,Uganda,ISO-3166-1,economy,False,matched_iso,SP.POP.TOTL,"Population, total",people,2,World Development Indicators,2020,44457152,2026-07-13,\N,0,44457152,2026-07-29T18:04:35Z
wdi2-2019-2021-372906f371e0391f,UGA,UG,UGA,Uganda,ISO-3166-1,economy,False,matched_iso,SP.POP.TOTL,"Population, total",people,2,World Development Indicators,2021,45910930,2026-07-13,\N,0,45910930,2026-07-29T18:04:35Z
wdi2-2019-2021-372906f371e0391f,UKR,UA,UKR,Ukraine,ISO-3166-1,economy,False,matched_iso,EN.POP.DNST,Population density (people per sq. km of land area),people per sq. km of land area,2,World Development Indicators,2019,77.593127373,2026-07-13,\N,0,77.5931273731446,2026-07-29T18:04:35Z
wdi2-2019-2021-372906f371e0391f,UKR,UA,UKR,Ukraine,ISO-3166-1,economy,False,matched_iso,EN.POP.DNST,Population density (people per sq. km of land area),people per sq. km of land area,2,World Development Indicators,2020,77.11428029,2026-07-13,\N,0,77.1142802899551,2026-07-29T18:04:35Z
wdi2-2019-2021-372906f371e0391f,UKR,UA,UKR,Ukraine,ISO-3166-1,economy,False,matched_iso,EN.POP.DNST,Population density (people per sq. km of land area),people per sq. km of land area,2,World Development Indicators,2021,76.456057991,2026-07-13,\N,0,76.4560579910252,2026-07-29T18:04:35Z
wdi2-2019-2021-372906f371e0391f,UKR,UA,UKR,Ukraine,ISO-3166-1,economy,False,matched_iso,NY.GDP.PCAP.KD,GDP per capita (constant 2015 US$),constant 2015 US$,2,World Development Indicators,2019,2398.078369141,2026-07-13,\N,1,2398.07836914063,2026-07-29T18:04:35Z
wdi2-2019-2021-372906f371e0391f,UKR,UA,UKR,Ukraine,ISO-3166-1,economy,False,matched_iso,NY.GDP.PCAP.KD,GDP per capita (constant 2015 US$),constant 2015 US$,2,World Development Indicators,2020,2324.107421875,2026-07-13,\N,1,2324.107421875,2026-07-29T18:04:35Z
wdi2-2019-2021-372906f371e0391f,UKR,UA,UKR,Ukraine,ISO-3166-1,economy,False,matched_iso,NY.GDP.PCAP.KD,GDP per capita (constant 2015 US$),constant 2015 US$,2,World Development Indicators,2021,2426.612304688,2026-07-13,\N,1,2426.6123046875,2026-07-29T18:04:35Z
wdi2-2019-2021-372906f371e0391f,UKR,UA,UKR,Ukraine,ISO-3166-1,economy,False,matched_iso,SH.XPD.CHEX.PP.CD,"Current health expenditure per capita, PPP (current international $)",current international $,2,World Development Indicators,2019,953.684137083,2026-07-13,\N,2,953.68413708251,2026-07-29T18:04:35Z
wdi2-2019-2021-372906f371e0391f,UKR,UA,UKR,Ukraine,ISO-3166-1,economy,False,matched_iso,SH.XPD.CHEX.PP.CD,"Current health expenditure per capita, PPP (current international $)",current international $,2,World Development Indicators,2020,1110.470203676,2026-07-13,\N,2,1110.47020367632,2026-07-29T18:04:35Z
wdi2-2019-2021-372906f371e0391f,UKR,UA,UKR,Ukraine,ISO-3166-1,economy,False,matched_iso,SH.XPD.CHEX.PP.CD,"Current health expenditure per capita, PPP (current international $)",current international $,2,World Development Indicators,2021,1382.234349893,2026-07-13,\N,2,1382.23434989345,2026-07-29T18:04:35Z
wdi2-2019-2021-372906f371e0391f,UKR,UA,UKR,Ukraine,ISO-3166-1,economy,False,matched_iso,SP.POP.65UP.TO.ZS,Population ages 65 and above (% of total population),% of total population,2,World Development Indicators,2019,16.716299885,2026-07-13,\N,0,16.7162998851047,2026-07-29T18:04:35Z
wdi2-2019-2021-372906f371e0391f,UKR,UA,UKR,Ukraine,ISO-3166-1,economy,False,matched_iso,SP.POP.65UP.TO.ZS,Population ages 65 and above (% of total population),% of total population,2,World Development Indicators,2020,17.096325025,2026-07-13,\N,0,17.0963250246931,2026-07-29T18:04:35Z
wdi2-2019-2021-372906f371e0391f,UKR,UA,UKR,Ukraine,ISO-3166-1,economy,False,matched_iso,SP.POP.65UP.TO.ZS,Population ages 65 and above (% of total population),% of total population,2,World Development Indicators,2021,17.38806767,2026-07-13,\N,0,17.3880676697975,2026-07-29T18:04:35Z
wdi2-2019-2021-372906f371e0391f,UKR,UA,UKR,Ukraine,ISO-3166-1,economy,False,matched_iso,SP.POP.TOTL,"Population, total",people,2,World Development Indicators,2019,44957458,2026-07-13,\N,0,44957458,2026-07-29T18:04:35Z
wdi2-2019-2021-372906f371e0391f,UKR,UA,UKR,Ukraine,ISO-3166-1,economy,False,matched_iso,SP.POP.TOTL,"Population, total",people,2,World Development Indicators,2020,44680014,2026-07-13,\N,0,44680014,2026-07-29T18:04:35Z
wdi2-2019-2021-372906f371e0391f,UKR,UA,UKR,Ukraine,ISO-3166-1,economy,False,matched_iso,SP.POP.TOTL,"Population, total",people,2,World Development Indicators,2021,44298640,2026-07-13,\N,0,44298640,2026-07-29T18:04:35Z
wdi2-2019-2021-372906f371e0391f,URY,UY,URY,Uruguay,ISO-3166-1,economy,False,matched_iso,EN.POP.DNST,Population density (people per sq. km of land area),people per sq. km of land area,2,World Development Indicators,2019,19.410387384,2026-07-13,\N,0,19.4103873842989,2026-07-29T18:04:35Z
wdi2-2019-2021-372906f371e0391f,URY,UY,URY,Uruguay,ISO-3166-1,economy,False,matched_iso,EN.POP.DNST,Population density (people per sq. km of land area),people per sq. km of land area,2,World Development Indicators,2020,19.420454805,2026-07-13,\N,0,19.4204548051651,2026-07-29T18:04:35Z
wdi2-2019-2021-372906f371e0391f,URY,UY,URY,Uruguay,ISO-3166-1,economy,False,matched_iso,EN.POP.DNST,Population density (people per sq. km of land area),people per sq. km of land area,2,World Development Indicators,2021,19.407467718,2026-07-13,\N,0,19.4074677179751,2026-07-29T18:04:35Z
wdi2-2019-2021-372906f371e0391f,URY,UY,URY,Uruguay,ISO-3166-1,economy,False,matched_iso,NY.GDP.PCAP.KD,GDP per capita (constant 2015 US$),constant 2015 US$,2,World Development Indicators,2019,17758.43842734,2026-07-13,\N,1,17758.4384273402,2026-07-29T18:04:35Z
wdi2-2019-2021-372906f371e0391f,URY,UY,URY,Uruguay,ISO-3166-1,economy,False,matched_iso,NY.GDP.PCAP.KD,GDP per capita (constant 2015 US$),constant 2015 US$,2,World Development Indicators,2020,16443.363490131,2026-07-13,\N,1,16443.363490131,2026-07-29T18:04:35Z
wdi2-2019-2021-372906f371e0391f,URY,UY,URY,Uruguay,ISO-3166-1,economy,False,matched_iso,NY.GDP.PCAP.KD,GDP per capita (constant 2015 US$),constant 2015 US$,2,World Development Indicators,2021,17416.005230847,2026-07-13,\N,1,17416.0052308469,2026-07-29T18:04:35Z
wdi2-2019-2021-372906f371e0391f,URY,UY,URY,Uruguay,ISO-3166-1,economy,False,matched_iso,SH.XPD.CHEX.PP.CD,"Current health expenditure per capita, PPP (current international $)",current international $,2,World Development Indicators,2019,2382.501186255,2026-07-13,\N,2,2382.5011862554,2026-07-29T18:04:35Z
wdi2-2019-2021-372906f371e0391f,URY,UY,URY,Uruguay,ISO-3166-1,economy,False,matched_iso,SH.XPD.CHEX.PP.CD,"Current health expenditure per capita, PPP (current international $)",current international $,2,World Development Indicators,2020,2337.845847749,2026-07-13,\N,2,2337.84584774908,2026-07-29T18:04:35Z
wdi2-2019-2021-372906f371e0391f,URY,UY,URY,Uruguay,ISO-3166-1,economy,False,matched_iso,SH.XPD.CHEX.PP.CD,"Current health expenditure per capita, PPP (current international $)",current international $,2,World Development Indicators,2021,2625.196310526,2026-07-13,\N,2,2625.19631052576,2026-07-29T18:04:35Z
wdi2-2019-2021-372906f371e0391f,URY,UY,URY,Uruguay,ISO-3166-1,economy,False,matched_iso,SP.POP.65UP.TO.ZS,Population ages 65 and above (% of total population),% of total population,2,World Development Indicators,2019,15.126623927,2026-07-13,\N,0,15.1266239266362,2026-07-29T18:04:35Z
wdi2-2019-2021-372906f371e0391f,URY,UY,URY,Uruguay,ISO-3166-1,economy,False,matched_iso,SP.POP.65UP.TO.ZS,Population ages 65 and above (% of total population),% of total population,2,World Development Indicators,2020,15.325843021,2026-07-13,\N,0,15.3258430205874,2026-07-29T18:04:35Z
wdi2-2019-2021-372906f371e0391f,URY,UY,URY,Uruguay,ISO-3166-1,economy,False,matched_iso,SP.POP.65UP.TO.ZS,Population ages 65 and above (% of total population),% of total population,2,World Development Indicators,2021,15.483980087,2026-07-13,\N,0,15.4839800871112,2026-07-29T18:04:35Z
wdi2-2019-2021-372906f371e0391f,URY,UY,URY,Uruguay,ISO-3166-1,economy,False,matched_iso,SP.POP.TOTL,"Population, total",people,2,World Development Indicators,2019,3397206,2026-07-13,\N,0,3397206,2026-07-29T18:04:35Z
wdi2-2019-2021-372906f371e0391f,URY,UY,URY,Uruguay,ISO-3166-1,economy,False,matched_iso,SP.POP.TOTL,"Population, total",people,2,World Development Indicators,2020,3398968,2026-07-13,\N,0,3398968,2026-07-29T18:04:35Z
wdi2-2019-2021-372906f371e0391f,URY,UY,URY,Uruguay,ISO-3166-1,economy,False,matched_iso,SP.POP.TOTL,"Population, total",people,2,World Development Indicators,2021,3396695,2026-07-13,\N,0,3396695,2026-07-29T18:04:35Z
wdi2-2019-2021-372906f371e0391f,USA,US,USA,United States,ISO-3166-1,economy,False,matched_iso,EN.POP.DNST,Population density (people per sq. km of land area),people per sq. km of land area,2,World Development Indicators,2019,36.100477184,2026-07-13,\N,0,36.1004771837305,2026-07-29T18:04:35Z
wdi2-2019-2021-372906f371e0391f,USA,US,USA,United States,ISO-3166-1,economy,False,matched_iso,EN.POP.DNST,Population density (people per sq. km of land area),people per sq. km of land area,2,World Development Indicators,2020,36.248264975,2026-07-13,\N,0,36.2482649752608,2026-07-29T18:04:35Z
wdi2-2019-2021-372906f371e0391f,USA,US,USA,United States,ISO-3166-1,economy,False,matched_iso,EN.POP.DNST,Population density (people per sq. km of land area),people per sq. km of land area,2,World Development Indicators,2021,36.305337024,2026-07-13,\N,0,36.3053370239915,2026-07-29T18:04:35Z
wdi2-2019-2021-372906f371e0391f,USA,US,USA,United States,ISO-3166-1,economy,False,matched_iso,NY.GDP.PCAP.KD,GDP per capita (constant 2015 US$),constant 2015 US$,2,World Development Indicators,2019,61047.964823881,2026-07-13,\N,1,61047.9648238812,2026-07-29T18:04:35Z
wdi2-2019-2021-372906f371e0391f,USA,US,USA,United States,ISO-3166-1,economy,False,matched_iso,NY.GDP.PCAP.KD,GDP per capita (constant 2015 US$),constant 2015 US$,2,World Development Indicators,2020,59533.609024416,2026-07-13,\N,1,59533.609024416,2026-07-29T18:04:35Z
wdi2-2019-2021-372906f371e0391f,USA,US,USA,United States,ISO-3166-1,economy,False,matched_iso,NY.GDP.PCAP.KD,GDP per capita (constant 2015 US$),constant 2015 US$,2,World Development Indicators,2021,63096.785614975,2026-07-13,\N,1,63096.7856149746,2026-07-29T18:04:35Z
wdi2-2019-2021-372906f371e0391f,USA,US,USA,United States,ISO-3166-1,economy,False,matched_iso,SH.XPD.CHEX.PP.CD,"Current health expenditure per capita, PPP (current international $)",current international $,2,World Development Indicators,2019,10550.220694545,2026-07-13,\N,2,10550.2206945449,2026-07-29T18:04:35Z
wdi2-2019-2021-372906f371e0391f,USA,US,USA,United States,ISO-3166-1,economy,False,matched_iso,SH.XPD.CHEX.PP.CD,"Current health expenditure per capita, PPP (current international $)",current international $,2,World Development Indicators,2020,11648.495309023,2026-07-13,\N,2,11648.4953090229,2026-07-29T18:04:35Z
wdi2-2019-2021-372906f371e0391f,USA,US,USA,United States,ISO-3166-1,economy,False,matched_iso,SH.XPD.CHEX.PP.CD,"Current health expenditure per capita, PPP (current international $)",current international $,2,World Development Indicators,2021,12080.073620102,2026-07-13,\N,2,12080.0736201021,2026-07-29T18:04:35Z
wdi2-2019-2021-372906f371e0391f,USA,US,USA,United States,ISO-3166-1,economy,False,matched_iso,SP.POP.65UP.TO.ZS,Population ages 65 and above (% of total population),% of total population,2,World Development Indicators,2019,15.672885248,2026-07-13,\N,0,15.6728852475003,2026-07-29T18:04:35Z
wdi2-2019-2021-372906f371e0391f,USA,US,USA,United States,ISO-3166-1,economy,False,matched_iso,SP.POP.65UP.TO.ZS,Population ages 65 and above (% of total population),% of total population,2,World Development Indicators,2020,16.071911944,2026-07-13,\N,0,16.0719119439363,2026-07-29T18:04:35Z
wdi2-2019-2021-372906f371e0391f,USA,US,USA,United States,ISO-3166-1,economy,False,matched_iso,SP.POP.65UP.TO.ZS,Population ages 65 and above (% of total population),% of total population,2,World Development Indicators,2021,16.473770024,2026-07-13,\N,0,16.4737700238047,2026-07-29T18:04:35Z
wdi2-2019-2021-372906f371e0391f,USA,US,USA,United States,ISO-3166-1,economy,False,matched_iso,SP.POP.TOTL,"Population, total",people,2,World Development Indicators,2019,330226227,2026-07-13,\N,0,330226227,2026-07-29T18:04:35Z
wdi2-2019-2021-372906f371e0391f,USA,US,USA,United States,ISO-3166-1,economy,False,matched_iso,SP.POP.TOTL,"Population, total",people,2,World Development Indicators,2020,331578104,2026-07-13,\N,0,331578104,2026-07-29T18:04:35Z
wdi2-2019-2021-372906f371e0391f,USA,US,USA,United States,ISO-3166-1,economy,False,matched_iso,SP.POP.TOTL,"Population, total",people,2,World Development Indicators,2021,332100166,2026-07-13,\N,0,332100166,2026-07-29T18:04:35Z
wdi2-2019-2021-372906f371e0391f,UZB,UZ,UZB,Uzbekistan,ISO-3166-1,economy,False,matched_iso,EN.POP.DNST,Population density (people per sq. km of land area),people per sq. km of land area,2,World Development Indicators,2019,74.82539297,2026-07-13,\N,0,74.8253929702307,2026-07-29T18:04:35Z
wdi2-2019-2021-372906f371e0391f,UZB,UZ,UZB,Uzbekistan,ISO-3166-1,economy,False,matched_iso,EN.POP.DNST,Population density (people per sq. km of land area),people per sq. km of land area,2,World Development Indicators,2020,76.220065812,2026-07-13,\N,0,76.2200658118688,2026-07-29T18:04:35Z
wdi2-2019-2021-372906f371e0391f,UZB,UZ,UZB,Uzbekistan,ISO-3166-1,economy,False,matched_iso,EN.POP.DNST,Population density (people per sq. km of land area),people per sq. km of land area,2,World Development Indicators,2021,77.711251257,2026-07-13,\N,0,77.7112512566577,2026-07-29T18:04:35Z
wdi2-2019-2021-372906f371e0391f,UZB,UZ,UZB,Uzbekistan,ISO-3166-1,economy,False,matched_iso,NY.GDP.PCAP.KD,GDP per capita (constant 2015 US$),constant 2015 US$,2,World Development Indicators,2019,3733.504357549,2026-07-13,\N,1,3733.50435754861,2026-07-29T18:04:35Z
wdi2-2019-2021-372906f371e0391f,UZB,UZ,UZB,Uzbekistan,ISO-3166-1,economy,False,matched_iso,NY.GDP.PCAP.KD,GDP per capita (constant 2015 US$),constant 2015 US$,2,World Development Indicators,2020,3723.821332644,2026-07-13,\N,1,3723.82133264406,2026-07-29T18:04:35Z
wdi2-2019-2021-372906f371e0391f,UZB,UZ,UZB,Uzbekistan,ISO-3166-1,economy,False,matched_iso,NY.GDP.PCAP.KD,GDP per capita (constant 2015 US$),constant 2015 US$,2,World Development Indicators,2021,3951.996573274,2026-07-13,\N,1,3951.99657327359,2026-07-29T18:04:35Z
wdi2-2019-2021-372906f371e0391f,UZB,UZ,UZB,Uzbekistan,ISO-3166-1,economy,False,matched_iso,SH.XPD.CHEX.PP.CD,"Current health expenditure per capita, PPP (current international $)",current international $,2,World Development Indicators,2019,413.124220571,2026-07-13,\N,2,413.124220570838,2026-07-29T18:04:35Z
wdi2-2019-2021-372906f371e0391f,UZB,UZ,UZB,Uzbekistan,ISO-3166-1,economy,False,matched_iso,SH.XPD.CHEX.PP.CD,"Current health expenditure per capita, PPP (current international $)",current international $,2,World Development Indicators,2020,514.370090079,2026-07-13,\N,2,514.370090079118,2026-07-29T18:04:35Z
wdi2-2019-2021-372906f371e0391f,UZB,UZ,UZB,Uzbekistan,ISO-3166-1,economy,False,matched_iso,SH.XPD.CHEX.PP.CD,"Current health expenditure per capita, PPP (current international $)",current international $,2,World Development Indicators,2021,640.623662453,2026-07-13,\N,2,640.623662452861,2026-07-29T18:04:35Z
wdi2-2019-2021-372906f371e0391f,UZB,UZ,UZB,Uzbekistan,ISO-3166-1,economy,False,matched_iso,SP.POP.65UP.TO.ZS,Population ages 65 and above (% of total population),% of total population,2,World Development Indicators,2019,5.198110245,2026-07-13,\N,0,5.19811024525901,2026-07-29T18:04:35Z
wdi2-2019-2021-372906f371e0391f,UZB,UZ,UZB,Uzbekistan,ISO-3166-1,economy,False,matched_iso,SP.POP.65UP.TO.ZS,Population ages 65 and above (% of total population),% of total population,2,World Development Indicators,2020,5.308654653,2026-07-13,\N,0,5.30865465314325,2026-07-29T18:04:35Z
wdi2-2019-2021-372906f371e0391f,UZB,UZ,UZB,Uzbekistan,ISO-3166-1,economy,False,matched_iso,SP.POP.65UP.TO.ZS,Population ages 65 and above (% of total population),% of total population,2,World Development Indicators,2021,5.410006055,2026-07-13,\N,0,5.41000605498317,2026-07-29T18:04:35Z
wdi2-2019-2021-372906f371e0391f,UZB,UZ,UZB,Uzbekistan,ISO-3166-1,economy,False,matched_iso,SP.POP.TOTL,"Population, total",people,2,World Development Indicators,2019,32964701,2026-07-13,\N,0,32964701,2026-07-29T18:04:35Z
wdi2-2019-2021-372906f371e0391f,UZB,UZ,UZB,Uzbekistan,ISO-3166-1,economy,False,matched_iso,SP.POP.TOTL,"Population, total",people,2,World Development Indicators,2020,33586372,2026-07-13,\N,0,33586372,2026-07-29T18:04:35Z
wdi2-2019-2021-372906f371e0391f,UZB,UZ,UZB,Uzbekistan,ISO-3166-1,economy,False,matched_iso,SP.POP.TOTL,"Population, total",people,2,World Development Indicators,2021,34243696,2026-07-13,\N,0,34243696,2026-07-29T18:04:35Z
wdi2-2019-2021-372906f371e0391f,VCT,VC,VCT,St. Vincent and the Grenadines,ISO-3166-1,economy,False,matched_iso,EN.POP.DNST,Population density (people per sq. km of land area),people per sq. km of land area,2,World Development Indicators,2019,267.094871795,2026-07-13,\N,0,267.094871794872,2026-07-29T18:04:35Z
wdi2-2019-2021-372906f371e0391f,VCT,VC,VCT,St. Vincent and the Grenadines,ISO-3166-1,economy,False,matched_iso,EN.POP.DNST,Population density (people per sq. km of land area),people per sq. km of land area,2,World Development Indicators,2020,265.451282051,2026-07-13,\N,0,265.451282051282,2026-07-29T18:04:35Z
wdi2-2019-2021-372906f371e0391f,VCT,VC,VCT,St. Vincent and the Grenadines,ISO-3166-1,economy,False,matched_iso,EN.POP.DNST,Population density (people per sq. km of land area),people per sq. km of land area,2,World Development Indicators,2021,263.694871795,2026-07-13,\N,0,263.694871794872,2026-07-29T18:04:35Z
wdi2-2019-2021-372906f371e0391f,VCT,VC,VCT,St. Vincent and the Grenadines,ISO-3166-1,economy,False,matched_iso,NY.GDP.PCAP.KD,GDP per capita (constant 2015 US$),constant 2015 US$,2,World Development Indicators,2019,8294.674344867,2026-07-13,\N,1,8294.67434486665,2026-07-29T18:04:35Z
wdi2-2019-2021-372906f371e0391f,VCT,VC,VCT,St. Vincent and the Grenadines,ISO-3166-1,economy,False,matched_iso,NY.GDP.PCAP.KD,GDP per capita (constant 2015 US$),constant 2015 US$,2,World Development Indicators,2020,7989.746519336,2026-07-13,\N,1,7989.74651933597,2026-07-29T18:04:35Z
wdi2-2019-2021-372906f371e0391f,VCT,VC,VCT,St. Vincent and the Grenadines,ISO-3166-1,economy,False,matched_iso,NY.GDP.PCAP.KD,GDP per capita (constant 2015 US$),constant 2015 US$,2,World Development Indicators,2021,8211.335880129,2026-07-13,\N,1,8211.33588012942,2026-07-29T18:04:35Z
wdi2-2019-2021-372906f371e0391f,VCT,VC,VCT,St. Vincent and the Grenadines,ISO-3166-1,economy,False,matched_iso,SH.XPD.CHEX.PP.CD,"Current health expenditure per capita, PPP (current international $)",current international $,2,World Development Indicators,2019,652.950598378,2026-07-13,\N,2,652.950598378042,2026-07-29T18:04:35Z
wdi2-2019-2021-372906f371e0391f,VCT,VC,VCT,St. Vincent and the Grenadines,ISO-3166-1,economy,False,matched_iso,SH.XPD.CHEX.PP.CD,"Current health expenditure per capita, PPP (current international $)",current international $,2,World Development Indicators,2020,746.256058864,2026-07-13,\N,2,746.256058863769,2026-07-29T18:04:35Z
wdi2-2019-2021-372906f371e0391f,VCT,VC,VCT,St. Vincent and the Grenadines,ISO-3166-1,economy,False,matched_iso,SH.XPD.CHEX.PP.CD,"Current health expenditure per capita, PPP (current international $)",current international $,2,World Development Indicators,2021,852.642449859,2026-07-13,\N,2,852.6424498587,2026-07-29T18:04:35Z
wdi2-2019-2021-372906f371e0391f,VCT,VC,VCT,St. Vincent and the Grenadines,ISO-3166-1,economy,False,matched_iso,SP.POP.65UP.TO.ZS,Population ages 65 and above (% of total population),% of total population,2,World Development Indicators,2019,10.54076627,2026-07-13,\N,0,10.5407662695479,2026-07-29T18:04:35Z
wdi2-2019-2021-372906f371e0391f,VCT,VC,VCT,St. Vincent and the Grenadines,ISO-3166-1,economy,False,matched_iso,SP.POP.65UP.TO.ZS,Population ages 65 and above (% of total population),% of total population,2,World Development Indicators,2020,10.777485849,2026-07-13,\N,0,10.7774858489655,2026-07-29T18:04:35Z
wdi2-2019-2021-372906f371e0391f,VCT,VC,VCT,St. Vincent and the Grenadines,ISO-3166-1,economy,False,matched_iso,SP.POP.65UP.TO.ZS,Population ages 65 and above (% of total population),% of total population,2,World Development Indicators,2021,10.966929532,2026-07-13,\N,0,10.966929531996,2026-07-29T18:04:35Z
wdi2-2019-2021-372906f371e0391f,VCT,VC,VCT,St. Vincent and the Grenadines,ISO-3166-1,economy,False,matched_iso,SP.POP.TOTL,"Population, total",people,2,World Development Indicators,2019,104167,2026-07-13,\N,0,104167,2026-07-29T18:04:35Z
wdi2-2019-2021-372906f371e0391f,VCT,VC,VCT,St. Vincent and the Grenadines,ISO-3166-1,economy,False,matched_iso,SP.POP.TOTL,"Population, total",people,2,World Development Indicators,2020,103526,2026-07-13,\N,0,103526,2026-07-29T18:04:35Z
wdi2-2019-2021-372906f371e0391f,VCT,VC,VCT,St. Vincent and the Grenadines,ISO-3166-1,economy,False,matched_iso,SP.POP.TOTL,"Population, total",people,2,World Development Indicators,2021,102841,2026-07-13,\N,0,102841,2026-07-29T18:04:35Z
wdi2-2019-2021-372906f371e0391f,VEN,VE,VEN,"Venezuela, RB",ISO-3166-1,economy,False,matched_iso,EN.POP.DNST,Population density (people per sq. km of land area),people per sq. km of land area,2,World Development Indicators,2019,32.807775069,2026-07-13,\N,0,32.8077750694405,2026-07-29T18:04:35Z
wdi2-2019-2021-372906f371e0391f,VEN,VE,VEN,"Venezuela, RB",ISO-3166-1,economy,False,matched_iso,EN.POP.DNST,Population density (people per sq. km of land area),people per sq. km of land area,2,World Development Indicators,2020,32.247692308,2026-07-13,\N,0,32.2476923076923,2026-07-29T18:04:35Z
wdi2-2019-2021-372906f371e0391f,VEN,VE,VEN,"Venezuela, RB",ISO-3166-1,economy,False,matched_iso,EN.POP.DNST,Population density (people per sq. km of land area),people per sq. km of land area,2,World Development Indicators,2021,32.013860892,2026-07-13,\N,0,32.0138608922397,2026-07-29T18:04:35Z
wdi2-2019-2021-372906f371e0391f,VEN,VE,VEN,"Venezuela, RB",ISO-3166-1,economy,False,matched_iso,NY.GDP.PCAP.KD,GDP per capita (constant 2015 US$),constant 2015 US$,2,World Development Indicators,2019,1759.055473645,2026-07-13,\N,1,1759.05547364548,2026-07-29T18:04:35Z
wdi2-2019-2021-372906f371e0391f,VEN,VE,VEN,"Venezuela, RB",ISO-3166-1,economy,False,matched_iso,NY.GDP.PCAP.KD,GDP per capita (constant 2015 US$),constant 2015 US$,2,World Development Indicators,2020,1255.864570681,2026-07-13,\N,1,1255.86457068119,2026-07-29T18:04:35Z
wdi2-2019-2021-372906f371e0391f,VEN,VE,VEN,"Venezuela, RB",ISO-3166-1,economy,False,matched_iso,NY.GDP.PCAP.KD,GDP per capita (constant 2015 US$),constant 2015 US$,2,World Development Indicators,2021,1272.943975165,2026-07-13,\N,1,1272.94397516527,2026-07-29T18:04:35Z
wdi2-2019-2021-372906f371e0391f,VEN,VE,VEN,"Venezuela, RB",ISO-3166-1,economy,False,matched_iso,SH.XPD.CHEX.PP.CD,"Current health expenditure per capita, PPP (current international $)",current international $,2,World Development Indicators,2019,79.020166944,2026-07-13,\N,2,79.0201669439367,2026-07-29T18:04:35Z
wdi2-2019-2021-372906f371e0391f,VEN,VE,VEN,"Venezuela, RB",ISO-3166-1,economy,False,matched_iso,SH.XPD.CHEX.PP.CD,"Current health expenditure per capita, PPP (current international $)",current international $,2,World Development Indicators,2020,98.025927494,2026-07-13,\N,2,98.0259274935657,2026-07-29T18:04:35Z
wdi2-2019-2021-372906f371e0391f,VEN,VE,VEN,"Venezuela, RB",ISO-3166-1,economy,False,matched_iso,SH.XPD.CHEX.PP.CD,"Current health expenditure per capita, PPP (current international $)",current international $,2,World Development Indicators,2021,104.107674918,2026-07-13,\N,2,104.107674918292,2026-07-29T18:04:35Z
wdi2-2019-2021-372906f371e0391f,VEN,VE,VEN,"Venezuela, RB",ISO-3166-1,economy,False,matched_iso,SP.POP.65UP.TO.ZS,Population ages 65 and above (% of total population),% of total population,2,World Development Indicators,2019,7.847087946,2026-07-13,\N,0,7.84708794613938,2026-07-29T18:04:35Z
wdi2-2019-2021-372906f371e0391f,VEN,VE,VEN,"Venezuela, RB",ISO-3166-1,economy,False,matched_iso,SP.POP.65UP.TO.ZS,Population ages 65 and above (% of total population),% of total population,2,World Development Indicators,2020,8.265059747,2026-07-13,\N,0,8.26505974749928,2026-07-29T18:04:35Z
wdi2-2019-2021-372906f371e0391f,VEN,VE,VEN,"Venezuela, RB",ISO-3166-1,economy,False,matched_iso,SP.POP.65UP.TO.ZS,Population ages 65 and above (% of total population),% of total population,2,World Development Indicators,2021,8.631562146,2026-07-13,\N,0,8.63156214646269,2026-07-29T18:04:35Z
wdi2-2019-2021-372906f371e0391f,VEN,VE,VEN,"Venezuela, RB",ISO-3166-1,economy,False,matched_iso,SP.POP.TOTL,"Population, total",people,2,World Development Indicators,2019,28938098,2026-07-13,\N,0,28938098,2026-07-29T18:04:35Z
wdi2-2019-2021-372906f371e0391f,VEN,VE,VEN,"Venezuela, RB",ISO-3166-1,economy,False,matched_iso,SP.POP.TOTL,"Population, total",people,2,World Development Indicators,2020,28444077,2026-07-13,\N,0,28444077,2026-07-29T18:04:35Z
wdi2-2019-2021-372906f371e0391f,VEN,VE,VEN,"Venezuela, RB",ISO-3166-1,economy,False,matched_iso,SP.POP.TOTL,"Population, total",people,2,World Development Indicators,2021,28237826,2026-07-13,\N,0,28237826,2026-07-29T18:04:35Z
wdi2-2019-2021-372906f371e0391f,VGB,VG,VGB,British Virgin Islands,ISO-3166-1,economy,False,matched_iso,EN.POP.DNST,Population density (people per sq. km of land area),people per sq. km of land area,2,World Development Indicators,2019,242.633333333,2026-07-13,\N,0,242.633333333333,2026-07-29T18:04:35Z
wdi2-2019-2021-372906f371e0391f,VGB,VG,VGB,British Virgin Islands,ISO-3166-1,economy,False,matched_iso,EN.POP.DNST,Population density (people per sq. km of land area),people per sq. km of land area,2,World Development Indicators,2020,247.566666667,2026-07-13,\N,0,247.566666666667,2026-07-29T18:04:35Z
wdi2-2019-2021-372906f371e0391f,VGB,VG,VGB,British Virgin Islands,ISO-3166-1,economy,False,matched_iso,EN.POP.DNST,Population density (people per sq. km of land area),people per sq. km of land area,2,World Development Indicators,2021,252.06,2026-07-13,\N,0,252.06,2026-07-29T18:04:35Z
wdi2-2019-2021-372906f371e0391f,VGB,VG,VGB,British Virgin Islands,ISO-3166-1,economy,False,matched_iso,NY.GDP.PCAP.KD,GDP per capita (constant 2015 US$),constant 2015 US$,2,World Development Indicators,2019,\N,2026-07-13,\N,1,\N,2026-07-29T18:04:35Z
wdi2-2019-2021-372906f371e0391f,VGB,VG,VGB,British Virgin Islands,ISO-3166-1,economy,False,matched_iso,NY.GDP.PCAP.KD,GDP per capita (constant 2015 US$),constant 2015 US$,2,World Development Indicators,2020,\N,2026-07-13,\N,1,\N,2026-07-29T18:04:35Z
wdi2-2019-2021-372906f371e0391f,VGB,VG,VGB,British Virgin Islands,ISO-3166-1,economy,False,matched_iso,NY.GDP.PCAP.KD,GDP per capita (constant 2015 US$),constant 2015 US$,2,World Development Indicators,2021,\N,2026-07-13,\N,1,\N,2026-07-29T18:04:35Z
wdi2-2019-2021-372906f371e0391f,VGB,VG,VGB,British Virgin Islands,ISO-3166-1,economy,False,matched_iso,SH.XPD.CHEX.PP.CD,"Current health expenditure per capita, PPP (current international $)",current international $,2,World Development Indicators,2019,\N,2026-07-13,\N,2,\N,2026-07-29T18:04:35Z
wdi2-2019-2021-372906f371e0391f,VGB,VG,VGB,British Virgin Islands,ISO-3166-1,economy,False,matched_iso,SH.XPD.CHEX.PP.CD,"Current health expenditure per capita, PPP (current international $)",current international $,2,World Development Indicators,2020,\N,2026-07-13,\N,2,\N,2026-07-29T18:04:35Z
wdi2-2019-2021-372906f371e0391f,VGB,VG,VGB,British Virgin Islands,ISO-3166-1,economy,False,matched_iso,SH.XPD.CHEX.PP.CD,"Current health expenditure per capita, PPP (current international $)",current international $,2,World Development Indicators,2021,\N,2026-07-13,\N,2,\N,2026-07-29T18:04:35Z
wdi2-2019-2021-372906f371e0391f,VGB,VG,VGB,British Virgin Islands,ISO-3166-1,economy,False,matched_iso,SP.POP.65UP.TO.ZS,Population ages 65 and above (% of total population),% of total population,2,World Development Indicators,2019,8.050666996,2026-07-13,\N,0,8.05066699638682,2026-07-29T18:04:35Z
wdi2-2019-2021-372906f371e0391f,VGB,VG,VGB,British Virgin Islands,ISO-3166-1,economy,False,matched_iso,SP.POP.65UP.TO.ZS,Population ages 65 and above (% of total population),% of total population,2,World Development Indicators,2020,8.325142388,2026-07-13,\N,0,8.32514238780649,2026-07-29T18:04:35Z
wdi2-2019-2021-372906f371e0391f,VGB,VG,VGB,British Virgin Islands,ISO-3166-1,economy,False,matched_iso,SP.POP.65UP.TO.ZS,Population ages 65 and above (% of total population),% of total population,2,World Development Indicators,2021,8.575887013,2026-07-13,\N,0,8.57588701252331,2026-07-29T18:04:35Z
wdi2-2019-2021-372906f371e0391f,VGB,VG,VGB,British Virgin Islands,ISO-3166-1,economy,False,matched_iso,SP.POP.TOTL,"Population, total",people,2,World Development Indicators,2019,36395,2026-07-13,\N,0,36395,2026-07-29T18:04:35Z
wdi2-2019-2021-372906f371e0391f,VGB,VG,VGB,British Virgin Islands,ISO-3166-1,economy,False,matched_iso,SP.POP.TOTL,"Population, total",people,2,World Development Indicators,2020,37135,2026-07-13,\N,0,37135,2026-07-29T18:04:35Z
wdi2-2019-2021-372906f371e0391f,VGB,VG,VGB,British Virgin Islands,ISO-3166-1,economy,False,matched_iso,SP.POP.TOTL,"Population, total",people,2,World Development Indicators,2021,37809,2026-07-13,\N,0,37809,2026-07-29T18:04:35Z
wdi2-2019-2021-372906f371e0391f,VIR,VI,VIR,Virgin Islands (U.S.),ISO-3166-1,economy,False,matched_iso,EN.POP.DNST,Population density (people per sq. km of land area),people per sq. km of land area,2,World Development Indicators,2019,304.768571429,2026-07-13,\N,0,304.768571428571,2026-07-29T18:04:35Z
wdi2-2019-2021-372906f371e0391f,VIR,VI,VIR,Virgin Islands (U.S.),ISO-3166-1,economy,False,matched_iso,EN.POP.DNST,Population density (people per sq. km of land area),people per sq. km of land area,2,World Development Indicators,2020,303.685714286,2026-07-13,\N,0,303.685714285714,2026-07-29T18:04:35Z
wdi2-2019-2021-372906f371e0391f,VIR,VI,VIR,Virgin Islands (U.S.),ISO-3166-1,economy,False,matched_iso,EN.POP.DNST,Population density (people per sq. km of land area),people per sq. km of land area,2,World Development Indicators,2021,302.485714286,2026-07-13,\N,0,302.485714285714,2026-07-29T18:04:35Z
wdi2-2019-2021-372906f371e0391f,VIR,VI,VIR,Virgin Islands (U.S.),ISO-3166-1,economy,False,matched_iso,NY.GDP.PCAP.KD,GDP per capita (constant 2015 US$),constant 2015 US$,2,World Development Indicators,2019,36309.743844684,2026-07-13,\N,1,36309.7438446842,2026-07-29T18:04:35Z
wdi2-2019-2021-372906f371e0391f,VIR,VI,VIR,Virgin Islands (U.S.),ISO-3166-1,economy,False,matched_iso,NY.GDP.PCAP.KD,GDP per capita (constant 2015 US$),constant 2015 US$,2,World Development Indicators,2020,35850.743314865,2026-07-13,\N,1,35850.7433148653,2026-07-29T18:04:35Z
wdi2-2019-2021-372906f371e0391f,VIR,VI,VIR,Virgin Islands (U.S.),ISO-3166-1,economy,False,matched_iso,NY.GDP.PCAP.KD,GDP per capita (constant 2015 US$),constant 2015 US$,2,World Development Indicators,2021,37313.048493153,2026-07-13,\N,1,37313.0484931531,2026-07-29T18:04:35Z
wdi2-2019-2021-372906f371e0391f,VIR,VI,VIR,Virgin Islands (U.S.),ISO-3166-1,economy,False,matched_iso,SH.XPD.CHEX.PP.CD,"Current health expenditure per capita, PPP (current international $)",current international $,2,World Development Indicators,2019,\N,2026-07-13,\N,2,\N,2026-07-29T18:04:35Z
wdi2-2019-2021-372906f371e0391f,VIR,VI,VIR,Virgin Islands (U.S.),ISO-3166-1,economy,False,matched_iso,SH.XPD.CHEX.PP.CD,"Current health expenditure per capita, PPP (current international $)",current international $,2,World Development Indicators,2020,\N,2026-07-13,\N,2,\N,2026-07-29T18:04:35Z
wdi2-2019-2021-372906f371e0391f,VIR,VI,VIR,Virgin Islands (U.S.),ISO-3166-1,economy,False,matched_iso,SH.XPD.CHEX.PP.CD,"Current health expenditure per capita, PPP (current international $)",current international $,2,World Development Indicators,2021,\N,2026-07-13,\N,2,\N,2026-07-29T18:04:35Z
wdi2-2019-2021-372906f371e0391f,VIR,VI,VIR,Virgin Islands (U.S.),ISO-3166-1,economy,False,matched_iso,SP.POP.65UP.TO.ZS,Population ages 65 and above (% of total population),% of total population,2,World Development Indicators,2019,20.608128899,2026-07-13,\N,0,20.6081288987105,2026-07-29T18:04:35Z
wdi2-2019-2021-372906f371e0391f,VIR,VI,VIR,Virgin Islands (U.S.),ISO-3166-1,economy,False,matched_iso,SP.POP.65UP.TO.ZS,Population ages 65 and above (% of total population),% of total population,2,World Development Indicators,2020,21.191701869,2026-07-13,\N,0,21.1917018693027,2026-07-29T18:04:35Z
wdi2-2019-2021-372906f371e0391f,VIR,VI,VIR,Virgin Islands (U.S.),ISO-3166-1,economy,False,matched_iso,SP.POP.65UP.TO.ZS,Population ages 65 and above (% of total population),% of total population,2,World Development Indicators,2021,21.459362783,2026-07-13,\N,0,21.4593627827523,2026-07-29T18:04:35Z
wdi2-2019-2021-372906f371e0391f,VIR,VI,VIR,Virgin Islands (U.S.),ISO-3166-1,economy,False,matched_iso,SP.POP.TOTL,"Population, total",people,2,World Development Indicators,2019,106669,2026-07-13,\N,0,106669,2026-07-29T18:04:35Z
wdi2-2019-2021-372906f371e0391f,VIR,VI,VIR,Virgin Islands (U.S.),ISO-3166-1,economy,False,matched_iso,SP.POP.TOTL,"Population, total",people,2,World Development Indicators,2020,106290,2026-07-13,\N,0,106290,2026-07-29T18:04:35Z
wdi2-2019-2021-372906f371e0391f,VIR,VI,VIR,Virgin Islands (U.S.),ISO-3166-1,economy,False,matched_iso,SP.POP.TOTL,"Population, total",people,2,World Development Indicators,2021,105870,2026-07-13,\N,0,105870,2026-07-29T18:04:35Z
wdi2-2019-2021-372906f371e0391f,VNM,VN,VNM,Viet Nam,ISO-3166-1,economy,False,matched_iso,EN.POP.DNST,Population density (people per sq. km of land area),people per sq. km of land area,2,World Development Indicators,2019,310.034412897,2026-07-13,\N,0,310.034412897339,2026-07-29T18:04:35Z
wdi2-2019-2021-372906f371e0391f,VNM,VN,VNM,Viet Nam,ISO-3166-1,economy,False,matched_iso,EN.POP.DNST,Population density (people per sq. km of land area),people per sq. km of land area,2,World Development Indicators,2020,312.92315325,2026-07-13,\N,0,312.923153250018,2026-07-29T18:04:35Z
wdi2-2019-2021-372906f371e0391f,VNM,VN,VNM,Viet Nam,ISO-3166-1,economy,False,matched_iso,EN.POP.DNST,Population density (people per sq. km of land area),people per sq. km of land area,2,World Development Indicators,2021,315.653937574,2026-07-13,\N,0,315.653937574379,2026-07-29T18:04:35Z
wdi2-2019-2021-372906f371e0391f,VNM,VN,VNM,Viet Nam,ISO-3166-1,economy,False,matched_iso,NY.GDP.PCAP.KD,GDP per capita (constant 2015 US$),constant 2015 US$,2,World Development Indicators,2019,3241.076489665,2026-07-13,\N,1,3241.07648966529,2026-07-29T18:04:35Z
wdi2-2019-2021-372906f371e0391f,VNM,VN,VNM,Viet Nam,ISO-3166-1,economy,False,matched_iso,NY.GDP.PCAP.KD,GDP per capita (constant 2015 US$),constant 2015 US$,2,World Development Indicators,2020,3303.169498075,2026-07-13,\N,1,3303.16949807493,2026-07-29T18:04:35Z
wdi2-2019-2021-372906f371e0391f,VNM,VN,VNM,Viet Nam,ISO-3166-1,economy,False,matched_iso,NY.GDP.PCAP.KD,GDP per capita (constant 2015 US$),constant 2015 US$,2,World Development Indicators,2021,3358.217347647,2026-07-13,\N,1,3358.21734764714,2026-07-29T18:04:35Z
wdi2-2019-2021-372906f371e0391f,VNM,VN,VNM,Viet Nam,ISO-3166-1,economy,False,matched_iso,SH.XPD.CHEX.PP.CD,"Current health expenditure per capita, PPP (current international $)",current international $,2,World Development Indicators,2019,548.604320121,2026-07-13,\N,2,548.604320121117,2026-07-29T18:04:35Z
wdi2-2019-2021-372906f371e0391f,VNM,VN,VNM,Viet Nam,ISO-3166-1,economy,False,matched_iso,SH.XPD.CHEX.PP.CD,"Current health expenditure per capita, PPP (current international $)",current international $,2,World Development Indicators,2020,502.9386799,2026-07-13,\N,2,502.938679900366,2026-07-29T18:04:35Z
wdi2-2019-2021-372906f371e0391f,VNM,VN,VNM,Viet Nam,ISO-3166-1,economy,False,matched_iso,SH.XPD.CHEX.PP.CD,"Current health expenditure per capita, PPP (current international $)",current international $,2,World Development Indicators,2021,546.770068973,2026-07-13,\N,2,546.770068972963,2026-07-29T18:04:35Z
wdi2-2019-2021-372906f371e0391f,VNM,VN,VNM,Viet Nam,ISO-3166-1,economy,False,matched_iso,SP.POP.65UP.TO.ZS,Population ages 65 and above (% of total population),% of total population,2,World Development Indicators,2019,7.25022977,2026-07-13,\N,0,7.25022977006795,2026-07-29T18:04:35Z
wdi2-2019-2021-372906f371e0391f,VNM,VN,VNM,Viet Nam,ISO-3166-1,economy,False,matched_iso,SP.POP.65UP.TO.ZS,Population ages 65 and above (% of total population),% of total population,2,World Development Indicators,2020,7.56724482,2026-07-13,\N,0,7.56724481954587,2026-07-29T18:04:35Z
wdi2-2019-2021-372906f371e0391f,VNM,VN,VNM,Viet Nam,ISO-3166-1,economy,False,matched_iso,SP.POP.65UP.TO.ZS,Population ages 65 and above (% of total population),% of total population,2,World Development Indicators,2021,7.885703475,2026-07-13,\N,0,7.88570347458642,2026-07-29T18:04:35Z
wdi2-2019-2021-372906f371e0391f,VNM,VN,VNM,Viet Nam,ISO-3166-1,economy,False,matched_iso,SP.POP.TOTL,"Population, total",people,2,World Development Indicators,2019,97173776,2026-07-13,\N,0,97173776,2026-07-29T18:04:35Z
wdi2-2019-2021-372906f371e0391f,VNM,VN,VNM,Viet Nam,ISO-3166-1,economy,False,matched_iso,SP.POP.TOTL,"Population, total",people,2,World Development Indicators,2020,98079191,2026-07-13,\N,0,98079191,2026-07-29T18:04:35Z
wdi2-2019-2021-372906f371e0391f,VNM,VN,VNM,Viet Nam,ISO-3166-1,economy,False,matched_iso,SP.POP.TOTL,"Population, total",people,2,World Development Indicators,2021,98935098,2026-07-13,\N,0,98935098,2026-07-29T18:04:35Z
wdi2-2019-2021-372906f371e0391f,VUT,VU,VUT,Vanuatu,ISO-3166-1,economy,False,matched_iso,EN.POP.DNST,Population density (people per sq. km of land area),people per sq. km of land area,2,World Development Indicators,2019,23.952830189,2026-07-13,\N,0,23.9528301886792,2026-07-29T18:04:35Z
wdi2-2019-2021-372906f371e0391f,VUT,VU,VUT,Vanuatu,ISO-3166-1,economy,False,matched_iso,EN.POP.DNST,Population density (people per sq. km of land area),people per sq. km of land area,2,World Development Indicators,2020,24.516652994,2026-07-13,\N,0,24.5166529942576,2026-07-29T18:04:35Z
wdi2-2019-2021-372906f371e0391f,VUT,VU,VUT,Vanuatu,ISO-3166-1,economy,False,matched_iso,EN.POP.DNST,Population density (people per sq. km of land area),people per sq. km of land area,2,World Development Indicators,2021,25.09171452,2026-07-13,\N,0,25.0917145200984,2026-07-29T18:04:35Z
wdi2-2019-2021-372906f371e0391f,VUT,VU,VUT,Vanuatu,ISO-3166-1,economy,False,matched_iso,NY.GDP.PCAP.KD,GDP per capita (constant 2015 US$),constant 2015 US$,2,World Development Indicators,2019,3349.559341042,2026-07-13,\N,1,3349.5593410421,2026-07-29T18:04:35Z
wdi2-2019-2021-372906f371e0391f,VUT,VU,VUT,Vanuatu,ISO-3166-1,economy,False,matched_iso,NY.GDP.PCAP.KD,GDP per capita (constant 2015 US$),constant 2015 US$,2,World Development Indicators,2020,3085.165581893,2026-07-13,\N,1,3085.16558189305,2026-07-29T18:04:35Z
wdi2-2019-2021-372906f371e0391f,VUT,VU,VUT,Vanuatu,ISO-3166-1,economy,False,matched_iso,NY.GDP.PCAP.KD,GDP per capita (constant 2015 US$),constant 2015 US$,2,World Development Indicators,2021,2979.39062839,2026-07-13,\N,1,2979.39062838967,2026-07-29T18:04:35Z
wdi2-2019-2021-372906f371e0391f,VUT,VU,VUT,Vanuatu,ISO-3166-1,economy,False,matched_iso,SH.XPD.CHEX.PP.CD,"Current health expenditure per capita, PPP (current international $)",current international $,2,World Development Indicators,2019,115.886075075,2026-07-13,\N,2,115.886075074508,2026-07-29T18:04:35Z
wdi2-2019-2021-372906f371e0391f,VUT,VU,VUT,Vanuatu,ISO-3166-1,economy,False,matched_iso,SH.XPD.CHEX.PP.CD,"Current health expenditure per capita, PPP (current international $)",current international $,2,World Development Indicators,2020,128.48694107,2026-07-13,\N,2,128.486941070176,2026-07-29T18:04:35Z
wdi2-2019-2021-372906f371e0391f,VUT,VU,VUT,Vanuatu,ISO-3166-1,economy,False,matched_iso,SH.XPD.CHEX.PP.CD,"Current health expenditure per capita, PPP (current international $)",current international $,2,World Development Indicators,2021,143.880765926,2026-07-13,\N,2,143.880765926045,2026-07-29T18:04:35Z
wdi2-2019-2021-372906f371e0391f,VUT,VU,VUT,Vanuatu,ISO-3166-1,economy,False,matched_iso,SP.POP.65UP.TO.ZS,Population ages 65 and above (% of total population),% of total population,2,World Development Indicators,2019,4.006205809,2026-07-13,\N,0,4.00620580886999,2026-07-29T18:04:35Z
wdi2-2019-2021-372906f371e0391f,VUT,VU,VUT,Vanuatu,ISO-3166-1,economy,False,matched_iso,SP.POP.65UP.TO.ZS,Population ages 65 and above (% of total population),% of total population,2,World Development Indicators,2020,4.059613496,2026-07-13,\N,0,4.05961349601902,2026-07-29T18:04:35Z
wdi2-2019-2021-372906f371e0391f,VUT,VU,VUT,Vanuatu,ISO-3166-1,economy,False,matched_iso,SP.POP.65UP.TO.ZS,Population ages 65 and above (% of total population),% of total population,2,World Development Indicators,2021,4.096204742,2026-07-13,\N,0,4.09620474158012,2026-07-29T18:04:35Z
wdi2-2019-2021-372906f371e0391f,VUT,VU,VUT,Vanuatu,ISO-3166-1,economy,False,matched_iso,SP.POP.TOTL,"Population, total",people,2,World Development Indicators,2019,291985,2026-07-13,\N,0,291985,2026-07-29T18:04:35Z
wdi2-2019-2021-372906f371e0391f,VUT,VU,VUT,Vanuatu,ISO-3166-1,economy,False,matched_iso,SP.POP.TOTL,"Population, total",people,2,World Development Indicators,2020,298858,2026-07-13,\N,0,298858,2026-07-29T18:04:35Z
wdi2-2019-2021-372906f371e0391f,VUT,VU,VUT,Vanuatu,ISO-3166-1,economy,False,matched_iso,SP.POP.TOTL,"Population, total",people,2,World Development Indicators,2021,305868,2026-07-13,\N,0,305868,2026-07-29T18:04:35Z
wdi2-2019-2021-372906f371e0391f,WSM,WS,WSM,Samoa,ISO-3166-1,economy,False,matched_iso,EN.POP.DNST,Population density (people per sq. km of land area),people per sq. km of land area,2,World Development Indicators,2019,75.460431655,2026-07-13,\N,0,75.4604316546763,2026-07-29T18:04:35Z
wdi2-2019-2021-372906f371e0391f,WSM,WS,WSM,Samoa,ISO-3166-1,economy,False,matched_iso,EN.POP.DNST,Population density (people per sq. km of land area),people per sq. km of land area,2,World Development Indicators,2020,76.238848921,2026-07-13,\N,0,76.2388489208633,2026-07-29T18:04:35Z
wdi2-2019-2021-372906f371e0391f,WSM,WS,WSM,Samoa,ISO-3166-1,economy,False,matched_iso,EN.POP.DNST,Population density (people per sq. km of land area),people per sq. km of land area,2,World Development Indicators,2021,76.898920863,2026-07-13,\N,0,76.8989208633094,2026-07-29T18:04:35Z
wdi2-2019-2021-372906f371e0391f,WSM,WS,WSM,Samoa,ISO-3166-1,economy,False,matched_iso,NY.GDP.PCAP.KD,GDP per capita (constant 2015 US$),constant 2015 US$,2,World Development Indicators,2019,4466.08075482,2026-07-13,\N,1,4466.08075482035,2026-07-29T18:04:35Z
wdi2-2019-2021-372906f371e0391f,WSM,WS,WSM,Samoa,ISO-3166-1,economy,False,matched_iso,NY.GDP.PCAP.KD,GDP per capita (constant 2015 US$),constant 2015 US$,2,World Development Indicators,2020,4283.063924927,2026-07-13,\N,1,4283.06392492734,2026-07-29T18:04:35Z
wdi2-2019-2021-372906f371e0391f,WSM,WS,WSM,Samoa,ISO-3166-1,economy,False,matched_iso,NY.GDP.PCAP.KD,GDP per capita (constant 2015 US$),constant 2015 US$,2,World Development Indicators,2021,4032.137310624,2026-07-13,\N,1,4032.1373106241,2026-07-29T18:04:35Z
wdi2-2019-2021-372906f371e0391f,WSM,WS,WSM,Samoa,ISO-3166-1,economy,False,matched_iso,SH.XPD.CHEX.PP.CD,"Current health expenditure per capita, PPP (current international $)",current international $,2,World Development Indicators,2019,374.886150587,2026-07-13,\N,2,374.886150587197,2026-07-29T18:04:35Z
wdi2-2019-2021-372906f371e0391f,WSM,WS,WSM,Samoa,ISO-3166-1,economy,False,matched_iso,SH.XPD.CHEX.PP.CD,"Current health expenditure per capita, PPP (current international $)",current international $,2,World Development Indicators,2020,392.8979847,2026-07-13,\N,2,392.897984699948,2026-07-29T18:04:35Z
wdi2-2019-2021-372906f371e0391f,WSM,WS,WSM,Samoa,ISO-3166-1,economy,False,matched_iso,SH.XPD.CHEX.PP.CD,"Current health expenditure per capita, PPP (current international $)",current international $,2,World Development Indicators,2021,447.099190739,2026-07-13,\N,2,447.099190738726,2026-07-29T18:04:35Z
wdi2-2019-2021-372906f371e0391f,WSM,WS,WSM,Samoa,ISO-3166-1,economy,False,matched_iso,SP.POP.65UP.TO.ZS,Population ages 65 and above (% of total population),% of total population,2,World Development Indicators,2019,5.170905641,2026-07-13,\N,0,5.17090564139966,2026-07-29T18:04:35Z
wdi2-2019-2021-372906f371e0391f,WSM,WS,WSM,Samoa,ISO-3166-1,economy,False,matched_iso,SP.POP.65UP.TO.ZS,Population ages 65 and above (% of total population),% of total population,2,World Development Indicators,2020,5.298333522,2026-07-13,\N,0,5.29833352206243,2026-07-29T18:04:35Z
wdi2-2019-2021-372906f371e0391f,WSM,WS,WSM,Samoa,ISO-3166-1,economy,False,matched_iso,SP.POP.65UP.TO.ZS,Population ages 65 and above (% of total population),% of total population,2,World Development Indicators,2021,5.420785016,2026-07-13,\N,0,5.42078501630188,2026-07-29T18:04:35Z
wdi2-2019-2021-372906f371e0391f,WSM,WS,WSM,Samoa,ISO-3166-1,economy,False,matched_iso,SP.POP.TOTL,"Population, total",people,2,World Development Indicators,2019,209780,2026-07-13,\N,0,209780,2026-07-29T18:04:35Z
wdi2-2019-2021-372906f371e0391f,WSM,WS,WSM,Samoa,ISO-3166-1,economy,False,matched_iso,SP.POP.TOTL,"Population, total",people,2,World Development Indicators,2020,211944,2026-07-13,\N,0,211944,2026-07-29T18:04:35Z
wdi2-2019-2021-372906f371e0391f,WSM,WS,WSM,Samoa,ISO-3166-1,economy,False,matched_iso,SP.POP.TOTL,"Population, total",people,2,World Development Indicators,2021,213779,2026-07-13,\N,0,213779,2026-07-29T18:04:35Z
wdi2-2019-2021-372906f371e0391f,XKX,XK,XKX,Kosovo,ISO-3166-1,economy,False,matched_iso,EN.POP.DNST,Population density (people per sq. km of land area),people per sq. km of land area,2,World Development Indicators,2019,\N,2026-07-13,\N,0,\N,2026-07-29T18:04:35Z
wdi2-2019-2021-372906f371e0391f,XKX,XK,XKX,Kosovo,ISO-3166-1,economy,False,matched_iso,EN.POP.DNST,Population density (people per sq. km of land area),people per sq. km of land area,2,World Development Indicators,2020,\N,2026-07-13,\N,0,\N,2026-07-29T18:04:35Z
wdi2-2019-2021-372906f371e0391f,XKX,XK,XKX,Kosovo,ISO-3166-1,economy,False,matched_iso,EN.POP.DNST,Population density (people per sq. km of land area),people per sq. km of land area,2,World Development Indicators,2021,\N,2026-07-13,\N,0,\N,2026-07-29T18:04:35Z
wdi2-2019-2021-372906f371e0391f,XKX,XK,XKX,Kosovo,ISO-3166-1,economy,False,matched_iso,NY.GDP.PCAP.KD,GDP per capita (constant 2015 US$),constant 2015 US$,2,World Development Indicators,2019,4219.064956757,2026-07-13,\N,1,4219.06495675744,2026-07-29T18:04:35Z
wdi2-2019-2021-372906f371e0391f,XKX,XK,XKX,Kosovo,ISO-3166-1,economy,False,matched_iso,NY.GDP.PCAP.KD,GDP per capita (constant 2015 US$),constant 2015 US$,2,World Development Indicators,2020,3990.944255866,2026-07-13,\N,1,3990.94425586648,2026-07-29T18:04:35Z
wdi2-2019-2021-372906f371e0391f,XKX,XK,XKX,Kosovo,ISO-3166-1,economy,False,matched_iso,NY.GDP.PCAP.KD,GDP per capita (constant 2015 US$),constant 2015 US$,2,World Development Indicators,2021,4429.873894409,2026-07-13,\N,1,4429.87389440857,2026-07-29T18:04:35Z
wdi2-2019-2021-372906f371e0391f,XKX,XK,XKX,Kosovo,ISO-3166-1,economy,False,matched_iso,SH.XPD.CHEX.PP.CD,"Current health expenditure per capita, PPP (current international $)",current international $,2,World Development Indicators,2019,\N,2026-07-13,\N,2,\N,2026-07-29T18:04:35Z
wdi2-2019-2021-372906f371e0391f,XKX,XK,XKX,Kosovo,ISO-3166-1,economy,False,matched_iso,SH.XPD.CHEX.PP.CD,"Current health expenditure per capita, PPP (current international $)",current international $,2,World Development Indicators,2020,\N,2026-07-13,\N,2,\N,2026-07-29T18:04:35Z
wdi2-2019-2021-372906f371e0391f,XKX,XK,XKX,Kosovo,ISO-3166-1,economy,False,matched_iso,SH.XPD.CHEX.PP.CD,"Current health expenditure per capita, PPP (current international $)",current international $,2,World Development Indicators,2021,\N,2026-07-13,\N,2,\N,2026-07-29T18:04:35Z
wdi2-2019-2021-372906f371e0391f,XKX,XK,XKX,Kosovo,ISO-3166-1,economy,False,matched_iso,SP.POP.65UP.TO.ZS,Population ages 65 and above (% of total population),% of total population,2,World Development Indicators,2019,8.539824118,2026-07-13,\N,0,8.53982411816925,2026-07-29T18:04:35Z
wdi2-2019-2021-372906f371e0391f,XKX,XK,XKX,Kosovo,ISO-3166-1,economy,False,matched_iso,SP.POP.65UP.TO.ZS,Population ages 65 and above (% of total population),% of total population,2,World Development Indicators,2020,8.721452401,2026-07-13,\N,0,8.72145240111293,2026-07-29T18:04:35Z
wdi2-2019-2021-372906f371e0391f,XKX,XK,XKX,Kosovo,ISO-3166-1,economy,False,matched_iso,SP.POP.65UP.TO.ZS,Population ages 65 and above (% of total population),% of total population,2,World Development Indicators,2021,8.890143275,2026-07-13,\N,0,8.89014327465316,2026-07-29T18:04:35Z
wdi2-2019-2021-372906f371e0391f,XKX,XK,XKX,Kosovo,ISO-3166-1,economy,False,matched_iso,SP.POP.TOTL,"Population, total",people,2,World Development Indicators,2019,1788891,2026-07-13,\N,0,1788891,2026-07-29T18:04:35Z
wdi2-2019-2021-372906f371e0391f,XKX,XK,XKX,Kosovo,ISO-3166-1,economy,False,matched_iso,SP.POP.TOTL,"Population, total",people,2,World Development Indicators,2020,1790151,2026-07-13,\N,0,1790151,2026-07-29T18:04:35Z
wdi2-2019-2021-372906f371e0391f,XKX,XK,XKX,Kosovo,ISO-3166-1,economy,False,matched_iso,SP.POP.TOTL,"Population, total",people,2,World Development Indicators,2021,1786079,2026-07-13,\N,0,1786079,2026-07-29T18:04:35Z
wdi2-2019-2021-372906f371e0391f,YEM,YE,YEM,"Yemen, Rep.",ISO-3166-1,economy,False,matched_iso,EN.POP.DNST,Population density (people per sq. km of land area),people per sq. km of land area,2,World Development Indicators,2019,66.502657348,2026-07-13,\N,0,66.5026573479554,2026-07-29T18:04:35Z
wdi2-2019-2021-372906f371e0391f,YEM,YE,YEM,"Yemen, Rep.",ISO-3166-1,economy,False,matched_iso,EN.POP.DNST,Population density (people per sq. km of land area),people per sq. km of land area,2,World Development Indicators,2020,68.441129231,2026-07-13,\N,0,68.4411292308275,2026-07-29T18:04:35Z
wdi2-2019-2021-372906f371e0391f,YEM,YE,YEM,"Yemen, Rep.",ISO-3166-1,economy,False,matched_iso,EN.POP.DNST,Population density (people per sq. km of land area),people per sq. km of land area,2,World Development Indicators,2021,70.345341591,2026-07-13,\N,0,70.3453415913783,2026-07-29T18:04:35Z
wdi2-2019-2021-372906f371e0391f,YEM,YE,YEM,"Yemen, Rep.",ISO-3166-1,economy,False,matched_iso,NY.GDP.PCAP.KD,GDP per capita (constant 2015 US$),constant 2015 US$,2,World Development Indicators,2019,\N,2026-07-13,\N,1,\N,2026-07-29T18:04:35Z
wdi2-2019-2021-372906f371e0391f,YEM,YE,YEM,"Yemen, Rep.",ISO-3166-1,economy,False,matched_iso,NY.GDP.PCAP.KD,GDP per capita (constant 2015 US$),constant 2015 US$,2,World Development Indicators,2020,\N,2026-07-13,\N,1,\N,2026-07-29T18:04:35Z
wdi2-2019-2021-372906f371e0391f,YEM,YE,YEM,"Yemen, Rep.",ISO-3166-1,economy,False,matched_iso,NY.GDP.PCAP.KD,GDP per capita (constant 2015 US$),constant 2015 US$,2,World Development Indicators,2021,\N,2026-07-13,\N,1,\N,2026-07-29T18:04:35Z
wdi2-2019-2021-372906f371e0391f,YEM,YE,YEM,"Yemen, Rep.",ISO-3166-1,economy,False,matched_iso,SH.XPD.CHEX.PP.CD,"Current health expenditure per capita, PPP (current international $)",current international $,2,World Development Indicators,2019,202.296642359,2026-07-13,\N,2,202.296642359338,2026-07-29T18:04:35Z
wdi2-2019-2021-372906f371e0391f,YEM,YE,YEM,"Yemen, Rep.",ISO-3166-1,economy,False,matched_iso,SH.XPD.CHEX.PP.CD,"Current health expenditure per capita, PPP (current international $)",current international $,2,World Development Indicators,2020,193.443889625,2026-07-13,\N,2,193.443889624838,2026-07-29T18:04:35Z
wdi2-2019-2021-372906f371e0391f,YEM,YE,YEM,"Yemen, Rep.",ISO-3166-1,economy,False,matched_iso,SH.XPD.CHEX.PP.CD,"Current health expenditure per capita, PPP (current international $)",current international $,2,World Development Indicators,2021,157.92393263,2026-07-13,\N,2,157.92393262954,2026-07-29T18:04:35Z
wdi2-2019-2021-372906f371e0391f,YEM,YE,YEM,"Yemen, Rep.",ISO-3166-1,economy,False,matched_iso,SP.POP.65UP.TO.ZS,Population ages 65 and above (% of total population),% of total population,2,World Development Indicators,2019,2.572114205,2026-07-13,\N,0,2.57211420533341,2026-07-29T18:04:35Z
wdi2-2019-2021-372906f371e0391f,YEM,YE,YEM,"Yemen, Rep.",ISO-3166-1,economy,False,matched_iso,SP.POP.65UP.TO.ZS,Population ages 65 and above (% of total population),% of total population,2,World Development Indicators,2020,2.546604334,2026-07-13,\N,0,2.54660433406646,2026-07-29T18:04:35Z
wdi2-2019-2021-372906f371e0391f,YEM,YE,YEM,"Yemen, Rep.",ISO-3166-1,economy,False,matched_iso,SP.POP.65UP.TO.ZS,Population ages 65 and above (% of total population),% of total population,2,World Development Indicators,2021,2.518881782,2026-07-13,\N,0,2.5188817823842,2026-07-29T18:04:35Z
wdi2-2019-2021-372906f371e0391f,YEM,YE,YEM,"Yemen, Rep.",ISO-3166-1,economy,False,matched_iso,SP.POP.TOTL,"Population, total",people,2,World Development Indicators,2019,35111408,2026-07-13,\N,0,35111408,2026-07-29T18:04:35Z
wdi2-2019-2021-372906f371e0391f,YEM,YE,YEM,"Yemen, Rep.",ISO-3166-1,economy,False,matched_iso,SP.POP.TOTL,"Population, total",people,2,World Development Indicators,2020,36134863,2026-07-13,\N,0,36134863,2026-07-29T18:04:35Z
wdi2-2019-2021-372906f371e0391f,YEM,YE,YEM,"Yemen, Rep.",ISO-3166-1,economy,False,matched_iso,SP.POP.TOTL,"Population, total",people,2,World Development Indicators,2021,37140230,2026-07-13,\N,0,37140230,2026-07-29T18:04:35Z
wdi2-2019-2021-372906f371e0391f,ZAF,ZA,ZAF,South Africa,ISO-3166-1,economy,False,matched_iso,EN.POP.DNST,Population density (people per sq. km of land area),people per sq. km of land area,2,World Development Indicators,2019,49.120745369,2026-07-13,\N,0,49.1207453692636,2026-07-29T18:04:35Z
wdi2-2019-2021-372906f371e0391f,ZAF,ZA,ZAF,South Africa,ISO-3166-1,economy,False,matched_iso,EN.POP.DNST,Population density (people per sq. km of land area),people per sq. km of land area,2,World Development Indicators,2020,49.924062518,2026-07-13,\N,0,49.9240625180325,2026-07-29T18:04:35Z
wdi2-2019-2021-372906f371e0391f,ZAF,ZA,ZAF,South Africa,ISO-3166-1,economy,False,matched_iso,EN.POP.DNST,Population density (people per sq. km of land area),people per sq. km of land area,2,World Development Indicators,2021,50.699126198,2026-07-13,\N,0,50.6991261983859,2026-07-29T18:04:35Z
wdi2-2019-2021-372906f371e0391f,ZAF,ZA,ZAF,South Africa,ISO-3166-1,economy,False,matched_iso,NY.GDP.PCAP.KD,GDP per capita (constant 2015 US$),constant 2015 US$,2,World Development Indicators,2019,6032.829725987,2026-07-13,\N,1,6032.82972598668,2026-07-29T18:04:35Z
wdi2-2019-2021-372906f371e0391f,ZAF,ZA,ZAF,South Africa,ISO-3166-1,economy,False,matched_iso,NY.GDP.PCAP.KD,GDP per capita (constant 2015 US$),constant 2015 US$,2,World Development Indicators,2020,5569.584833193,2026-07-13,\N,1,5569.58483319272,2026-07-29T18:04:35Z
wdi2-2019-2021-372906f371e0391f,ZAF,ZA,ZAF,South Africa,ISO-3166-1,economy,False,matched_iso,NY.GDP.PCAP.KD,GDP per capita (constant 2015 US$),constant 2015 US$,2,World Development Indicators,2021,5750.909374796,2026-07-13,\N,1,5750.90937479584,2026-07-29T18:04:35Z
wdi2-2019-2021-372906f371e0391f,ZAF,ZA,ZAF,South Africa,ISO-3166-1,economy,False,matched_iso,SH.XPD.CHEX.PP.CD,"Current health expenditure per capita, PPP (current international $)",current international $,2,World Development Indicators,2019,1101.858791523,2026-07-13,\N,2,1101.85879152286,2026-07-29T18:04:35Z
wdi2-2019-2021-372906f371e0391f,ZAF,ZA,ZAF,South Africa,ISO-3166-1,economy,False,matched_iso,SH.XPD.CHEX.PP.CD,"Current health expenditure per capita, PPP (current international $)",current international $,2,World Development Indicators,2020,1143.152470132,2026-07-13,\N,2,1143.15247013181,2026-07-29T18:04:35Z
wdi2-2019-2021-372906f371e0391f,ZAF,ZA,ZAF,South Africa,ISO-3166-1,economy,False,matched_iso,SH.XPD.CHEX.PP.CD,"Current health expenditure per capita, PPP (current international $)",current international $,2,World Development Indicators,2021,1188.015359574,2026-07-13,\N,2,1188.0153595737,2026-07-29T18:04:35Z
wdi2-2019-2021-372906f371e0391f,ZAF,ZA,ZAF,South Africa,ISO-3166-1,economy,False,matched_iso,SP.POP.65UP.TO.ZS,Population ages 65 and above (% of total population),% of total population,2,World Development Indicators,2019,5.945220191,2026-07-13,\N,0,5.94522019077183,2026-07-29T18:04:35Z
wdi2-2019-2021-372906f371e0391f,ZAF,ZA,ZAF,South Africa,ISO-3166-1,economy,False,matched_iso,SP.POP.65UP.TO.ZS,Population ages 65 and above (% of total population),% of total population,2,World Development Indicators,2020,6.109488991,2026-07-13,\N,0,6.10948899119405,2026-07-29T18:04:35Z
wdi2-2019-2021-372906f371e0391f,ZAF,ZA,ZAF,South Africa,ISO-3166-1,economy,False,matched_iso,SP.POP.65UP.TO.ZS,Population ages 65 and above (% of total population),% of total population,2,World Development Indicators,2021,6.234625549,2026-07-13,\N,0,6.23462554910074,2026-07-29T18:04:35Z
wdi2-2019-2021-372906f371e0391f,ZAF,ZA,ZAF,South Africa,ISO-3166-1,economy,False,matched_iso,SP.POP.TOTL,"Population, total",people,2,World Development Indicators,2019,59587885,2026-07-13,\N,0,59587885,2026-07-29T18:04:35Z
wdi2-2019-2021-372906f371e0391f,ZAF,ZA,ZAF,South Africa,ISO-3166-1,economy,False,matched_iso,SP.POP.TOTL,"Population, total",people,2,World Development Indicators,2020,60562381,2026-07-13,\N,0,60562381,2026-07-29T18:04:35Z
wdi2-2019-2021-372906f371e0391f,ZAF,ZA,ZAF,South Africa,ISO-3166-1,economy,False,matched_iso,SP.POP.TOTL,"Population, total",people,2,World Development Indicators,2021,61502603,2026-07-13,\N,0,61502603,2026-07-29T18:04:35Z
wdi2-2019-2021-372906f371e0391f,ZMB,ZM,ZMB,Zambia,ISO-3166-1,economy,False,matched_iso,EN.POP.DNST,Population density (people per sq. km of land area),people per sq. km of land area,2,World Development Indicators,2019,24.904611308,2026-07-13,\N,0,24.9046113076582,2026-07-29T18:04:35Z
wdi2-2019-2021-372906f371e0391f,ZMB,ZM,ZMB,Zambia,ISO-3166-1,economy,False,matched_iso,EN.POP.DNST,Population density (people per sq. km of land area),people per sq. km of land area,2,World Development Indicators,2020,25.638487201,2026-07-13,\N,0,25.6384872005273,2026-07-29T18:04:35Z
wdi2-2019-2021-372906f371e0391f,ZMB,ZM,ZMB,Zambia,ISO-3166-1,economy,False,matched_iso,EN.POP.DNST,Population density (people per sq. km of land area),people per sq. km of land area,2,World Development Indicators,2021,26.370555159,2026-07-13,\N,0,26.3705551594721,2026-07-29T18:04:35Z
wdi2-2019-2021-372906f371e0391f,ZMB,ZM,ZMB,Zambia,ISO-3166-1,economy,False,matched_iso,NY.GDP.PCAP.KD,GDP per capita (constant 2015 US$),constant 2015 US$,2,World Development Indicators,2019,1301.181329762,2026-07-13,\N,1,1301.18132976178,2026-07-29T18:04:35Z
wdi2-2019-2021-372906f371e0391f,ZMB,ZM,ZMB,Zambia,ISO-3166-1,economy,False,matched_iso,NY.GDP.PCAP.KD,GDP per capita (constant 2015 US$),constant 2015 US$,2,World Development Indicators,2020,1228.735001132,2026-07-13,\N,1,1228.73500113195,2026-07-29T18:04:35Z
wdi2-2019-2021-372906f371e0391f,ZMB,ZM,ZMB,Zambia,ISO-3166-1,economy,False,matched_iso,NY.GDP.PCAP.KD,GDP per capita (constant 2015 US$),constant 2015 US$,2,World Development Indicators,2021,1269.108218089,2026-07-13,\N,1,1269.10821808895,2026-07-29T18:04:35Z
wdi2-2019-2021-372906f371e0391f,ZMB,ZM,ZMB,Zambia,ISO-3166-1,economy,False,matched_iso,SH.XPD.CHEX.PP.CD,"Current health expenditure per capita, PPP (current international $)",current international $,2,World Development Indicators,2019,227.006291137,2026-07-13,\N,2,227.006291136825,2026-07-29T18:04:35Z
wdi2-2019-2021-372906f371e0391f,ZMB,ZM,ZMB,Zambia,ISO-3166-1,economy,False,matched_iso,SH.XPD.CHEX.PP.CD,"Current health expenditure per capita, PPP (current international $)",current international $,2,World Development Indicators,2020,199.122922384,2026-07-13,\N,2,199.122922384094,2026-07-29T18:04:35Z
wdi2-2019-2021-372906f371e0391f,ZMB,ZM,ZMB,Zambia,ISO-3166-1,economy,False,matched_iso,SH.XPD.CHEX.PP.CD,"Current health expenditure per capita, PPP (current international $)",current international $,2,World Development Indicators,2021,232.58457674,2026-07-13,\N,2,232.58457673966,2026-07-29T18:04:35Z
wdi2-2019-2021-372906f371e0391f,ZMB,ZM,ZMB,Zambia,ISO-3166-1,economy,False,matched_iso,SP.POP.65UP.TO.ZS,Population ages 65 and above (% of total population),% of total population,2,World Development Indicators,2019,1.787009118,2026-07-13,\N,0,1.78700911823288,2026-07-29T18:04:35Z
wdi2-2019-2021-372906f371e0391f,ZMB,ZM,ZMB,Zambia,ISO-3166-1,economy,False,matched_iso,SP.POP.65UP.TO.ZS,Population ages 65 and above (% of total population),% of total population,2,World Development Indicators,2020,1.808276181,2026-07-13,\N,0,1.80827618085464,2026-07-29T18:04:35Z
wdi2-2019-2021-372906f371e0391f,ZMB,ZM,ZMB,Zambia,ISO-3166-1,economy,False,matched_iso,SP.POP.65UP.TO.ZS,Population ages 65 and above (% of total population),% of total population,2,World Development Indicators,2021,1.826962206,2026-07-13,\N,0,1.82696220580829,2026-07-29T18:04:35Z
wdi2-2019-2021-372906f371e0391f,ZMB,ZM,ZMB,Zambia,ISO-3166-1,economy,False,matched_iso,SP.POP.TOTL,"Population, total",people,2,World Development Indicators,2019,18513839,2026-07-13,\N,0,18513839,2026-07-29T18:04:35Z
wdi2-2019-2021-372906f371e0391f,ZMB,ZM,ZMB,Zambia,ISO-3166-1,economy,False,matched_iso,SP.POP.TOTL,"Population, total",people,2,World Development Indicators,2020,19059395,2026-07-13,\N,0,19059395,2026-07-29T18:04:35Z
wdi2-2019-2021-372906f371e0391f,ZMB,ZM,ZMB,Zambia,ISO-3166-1,economy,False,matched_iso,SP.POP.TOTL,"Population, total",people,2,World Development Indicators,2021,19603607,2026-07-13,\N,0,19603607,2026-07-29T18:04:35Z
wdi2-2019-2021-372906f371e0391f,ZWE,ZW,ZWE,Zimbabwe,ISO-3166-1,economy,False,matched_iso,EN.POP.DNST,Population density (people per sq. km of land area),people per sq. km of land area,2,World Development Indicators,2019,39.476200078,2026-07-13,\N,0,39.4762000775494,2026-07-29T18:04:35Z
wdi2-2019-2021-372906f371e0391f,ZWE,ZW,ZWE,Zimbabwe,ISO-3166-1,economy,False,matched_iso,EN.POP.DNST,Population density (people per sq. km of land area),people per sq. km of land area,2,World Development Indicators,2020,40.136714489,2026-07-13,\N,0,40.13671448882,2026-07-29T18:04:35Z
wdi2-2019-2021-372906f371e0391f,ZWE,ZW,ZWE,Zimbabwe,ISO-3166-1,economy,False,matched_iso,EN.POP.DNST,Population density (people per sq. km of land area),people per sq. km of land area,2,World Development Indicators,2021,40.835491793,2026-07-13,\N,0,40.8354917926845,2026-07-29T18:04:35Z
wdi2-2019-2021-372906f371e0391f,ZWE,ZW,ZWE,Zimbabwe,ISO-3166-1,economy,False,matched_iso,NY.GDP.PCAP.KD,GDP per capita (constant 2015 US$),constant 2015 US$,2,World Development Indicators,2019,1357.530878188,2026-07-13,\N,1,1357.53087818754,2026-07-29T18:04:35Z
wdi2-2019-2021-372906f371e0391f,ZWE,ZW,ZWE,Zimbabwe,ISO-3166-1,economy,False,matched_iso,NY.GDP.PCAP.KD,GDP per capita (constant 2015 US$),constant 2015 US$,2,World Development Indicators,2020,1230.81933361,2026-07-13,\N,1,1230.81933361016,2026-07-29T18:04:35Z
wdi2-2019-2021-372906f371e0391f,ZWE,ZW,ZWE,Zimbabwe,ISO-3166-1,economy,False,matched_iso,NY.GDP.PCAP.KD,GDP per capita (constant 2015 US$),constant 2015 US$,2,World Development Indicators,2021,1312.200013588,2026-07-13,\N,1,1312.20001358807,2026-07-29T18:04:35Z
wdi2-2019-2021-372906f371e0391f,ZWE,ZW,ZWE,Zimbabwe,ISO-3166-1,economy,False,matched_iso,SH.XPD.CHEX.PP.CD,"Current health expenditure per capita, PPP (current international $)",current international $,2,World Development Indicators,2019,89.965070493,2026-07-13,\N,2,89.9650704925146,2026-07-29T18:04:35Z
wdi2-2019-2021-372906f371e0391f,ZWE,ZW,ZWE,Zimbabwe,ISO-3166-1,economy,False,matched_iso,SH.XPD.CHEX.PP.CD,"Current health expenditure per capita, PPP (current international $)",current international $,2,World Development Indicators,2020,103.779159494,2026-07-13,\N,2,103.779159493916,2026-07-29T18:04:35Z
wdi2-2019-2021-372906f371e0391f,ZWE,ZW,ZWE,Zimbabwe,ISO-3166-1,economy,False,matched_iso,SH.XPD.CHEX.PP.CD,"Current health expenditure per capita, PPP (current international $)",current international $,2,World Development Indicators,2021,85.052546542,2026-07-13,\N,2,85.0525465421407,2026-07-29T18:04:35Z
wdi2-2019-2021-372906f371e0391f,ZWE,ZW,ZWE,Zimbabwe,ISO-3166-1,economy,False,matched_iso,SP.POP.65UP.TO.ZS,Population ages 65 and above (% of total population),% of total population,2,World Development Indicators,2019,3.534241449,2026-07-13,\N,0,3.53424144890757,2026-07-29T18:04:35Z
wdi2-2019-2021-372906f371e0391f,ZWE,ZW,ZWE,Zimbabwe,ISO-3166-1,economy,False,matched_iso,SP.POP.65UP.TO.ZS,Population ages 65 and above (% of total population),% of total population,2,World Development Indicators,2020,3.581673817,2026-07-13,\N,0,3.58167381700461,2026-07-29T18:04:35Z
wdi2-2019-2021-372906f371e0391f,ZWE,ZW,ZWE,Zimbabwe,ISO-3166-1,economy,False,matched_iso,SP.POP.65UP.TO.ZS,Population ages 65 and above (% of total population),% of total population,2,World Development Indicators,2021,3.597973946,2026-07-13,\N,0,3.59797394603224,2026-07-29T18:04:35Z
wdi2-2019-2021-372906f371e0391f,ZWE,ZW,ZWE,Zimbabwe,ISO-3166-1,economy,False,matched_iso,SP.POP.TOTL,"Population, total",people,2,World Development Indicators,2019,15271368,2026-07-13,\N,0,15271368,2026-07-29T18:04:35Z
wdi2-2019-2021-372906f371e0391f,ZWE,ZW,ZWE,Zimbabwe,ISO-3166-1,economy,False,matched_iso,SP.POP.TOTL,"Population, total",people,2,World Development Indicators,2020,15526888,2026-07-13,\N,0,15526888,2026-07-29T18:04:35Z
wdi2-2019-2021-372906f371e0391f,ZWE,ZW,ZWE,Zimbabwe,ISO-3166-1,economy,False,matched_iso,SP.POP.TOTL,"Population, total",people,2,World Development Indicators,2021,15797210,2026-07-13,\N,0,15797210,2026-07-29T18:04:35Z
